3.5;0.8461538461538461;0.9273743016759777;0.9166666865348816;1.0
2.5;0.4166666666666667;0.6729559748427674;0.6499999761581421;0.7692307692307693
3.45;0.47058823529411764;0.631578947368421;0.6399999856948853;0.6666666666666666
4.0;0.7049180327868853;0.8226950354609929;0.8318583965301514;1.0
3.0;0.15;0.28260869565217395;0.24000000953674316;0.3333333333333333
2.0;0.24;0.42105263157894735;0.375;0.4
2.5;0.42;0.583941605839416;0.5789473652839661;0.75
3.0;0.3888888888888889;0.5851528384279476;0.5925925970077515;0.5833333333333334
0.0;0.0;0.043010752688172005;0.0;0.0
2.5;0.3125;0.4540540540540541;0.476190447807312;0.5
3.0;0.75;0.8900523560209423;0.8571428656578064;0.9
0.5;0.05263157894736842;0.2247191011235955;0.08695650100708008;0.16666666666666666
3.0;0.35714285714285715;0.4903846153846154;0.5;0.6818181818181818
4.1;0.6875;0.8306451612903226;0.8148148059844971;0.8461538461538461
3.5;0.7272727272727273;0.8409090909090909;0.800000011920929;1.0
4.0;0.8;0.8782816229116945;0.9056603908538818;0.9523809523809523
2.5;0.3793103448275862;0.533678756476684;0.48888885974884033;0.6470588235294118
4.0;0.8461538461538461;0.8670886075949367;0.8571428656578064;0.9565217391304348
4.0;0.5833333333333334;0.7567567567567568;0.7037037014961243;0.8235294117647058
4.1;0.6153846153846154;0.71875;0.761904776096344;0.8888888888888888
4.0;0.8;0.7948717948717949;0.800000011920929;0.8888888888888888
3.0;0.5714285714285714;0.7411545623836127;0.699999988079071;0.9411764705882353
4.0;0.6428571428571429;0.7807017543859649;0.800000011920929;0.8181818181818182
3.0;0.6153846153846154;0.7526881720430108;0.761904776096344;0.8
4.5;0.8032786885245902;0.8936678614097969;0.8682170510292053;0.9245283018867925
3.5;0.7272727272727273;0.75;0.761904776096344;0.8888888888888888
3.5;0.14285714285714285;0.2857142857142857;0.23529410362243652;0.3333333333333333
3.0;0.6296296296296297;0.7947761194029851;0.7666666507720947;0.9444444444444444
3.5;0.782608695652174;0.8754578754578755;0.8666666746139526;1.0
4.0;0.9354838709677419;0.9608247422680413;0.961240291595459;0.9830508474576272
4.0;0.875;0.9547920433996383;0.9508196711540222;0.9545454545454546
4.0;0.75;0.9304812834224598;0.8571428656578064;0.9230769230769231
3.0;0.35;0.5268817204301075;0.5185185074806213;0.5384615384615384
2.5;0.5217391304347826;0.7109826589595376;0.7142857313156128;0.8
2.5;0.18181818181818182;0.38181818181818183;0.307692289352417;0.4
3.0;0.5;0.8131868131868132;0.699999988079071;0.6666666666666666
0.0;0.0;0.08450704225352113;0.0;0.0
4.25;0.5555555555555556;0.8064516129032258;0.7142857313156128;0.8333333333333334
3.0;0.375;0.5412844036697247;0.5555555820465088;0.6923076923076923
3.0;0.5294117647058824;0.6021505376344086;0.6000000238418579;0.9
4.0;0.5384615384615384;0.7821782178217822;0.695652186870575;0.7777777777777778
0.0;0.0;0.11864406779661019;0.0;0.0
3.5;0.5;0.6709677419354838;0.6470588445663452;0.9166666666666666
1.0;0.1;0.3137254901960784;0.25;0.2
0.0;0.05;0.15189873417721522;0.08695650100708008;0.1
1.5;0.3333333333333333;0.4691358024691358;0.5;0.5
3.6;0.4117647058823529;0.5767441860465117;0.5833333730697632;0.6363636363636364
3.0;0.5294117647058824;0.7003891050583657;0.6666666269302368;0.6923076923076923
3.0;0.5833333333333334;0.7150000000000001;0.6511628031730652;0.875
5.0;0.8;0.8382352941176471;0.8888888955116272;0.8888888888888888
3.5;0.4;0.5445544554455446;0.5454545021057129;0.6
0.0;0.047619047619047616;0.15228426395939088;0.08695650100708008;0.1111111111111111
4.0;0.5555555555555556;0.7035573122529644;0.7142857313156128;0.8333333333333334
4.5;0.9090909090909091;0.8923076923076922;0.9090908765792847;1.0
3.0;0.5;0.6270270270270271;0.6341463327407837;0.9166666666666666
3.5;0.6923076923076923;0.8227848101265822;0.8148148059844971;0.8571428571428571
4.0;0.7368421052631579;0.8291139240506329;0.8717948794364929;0.9333333333333333
3.0;0.7857142857142857;0.8333333333333334;0.8666666746139526;1.0
3.0;0.39285714285714285;0.6458333333333333;0.604651153087616;0.5789473684210527
3.5;0.7;0.8786127167630058;0.8235294222831726;0.875
2.5;0.10714285714285714;0.19130434782608696;0.1875;0.21428571428571427
3.5;0.5789473684210527;0.7730496453900709;0.7333333492279053;0.9166666666666666
3.5;0.11764705882352941;0.4;0.19999998807907104;0.25
3.0;0.45454545454545453;0.7030716723549488;0.6829268336296082;0.6666666666666666
4.5;0.5555555555555556;0.7746478873239436;0.7142857313156128;0.8333333333333334
2.5;0.23076923076923078;0.4295302013422819;0.375;0.42857142857142855
3.5;0.34782608695652173;0.5159010600706714;0.5161290168762207;0.8
3.0;0.5806451612903226;0.7786666666666666;0.7307692170143127;0.9
2.5;0.41379310344827586;0.6210526315789473;0.625;0.7058823529411765
4.0;0.47058823529411764;0.6255144032921811;0.615384578704834;0.7272727272727273
3.5;0.6923076923076923;0.787037037037037;0.8333333134651184;0.9
3.5;0.29411764705882354;0.5213270142180095;0.45454543828964233;0.5555555555555556
3.0;0.525;0.6666666666666667;0.65625;0.7241379310344828
2.5;0.68;0.82687338501292;0.8163264989852905;0.85
4.0;0.6153846153846154;0.7794871794871795;0.761904776096344;0.8
3.5;0.2;0.4767441860465116;0.3809523582458496;0.42857142857142855
2.5;0.35714285714285715;0.5068493150684932;0.5;0.5555555555555556
2.5;0.5238095238095238;0.7579617834394905;0.7368420958518982;0.7857142857142857
5.0;0.8;0.967741935483871;0.8888888955116272;0.8888888888888888
4.25;0.5;0.7228915662650602;0.6666666269302368;0.8571428571428571
2.5;0.3333333333333333;0.5167464114832536;0.48000001907348633;0.5
2.95;0.5;0.7142857142857143;0.6666666269302368;0.6666666666666666
3.0;0.6666666666666666;0.8088531187122736;0.7719298601150513;0.9565217391304348
3.45;0.7142857142857143;0.8553459119496856;0.8333333134651184;0.8333333333333334
2.5;0.5;0.7728613569321534;0.7142857313156128;0.7058823529411765
0.5;0.10256410256410256;0.2222222222222222;0.1702127456665039;0.3076923076923077
4.5;0.25;0.4563758389261745;0.3999999761581421;0.5
2.0;0.26666666666666666;0.41025641025641024;0.3809523582458496;0.4444444444444444
2.0;0.2;0.3793103448275862;0.29411762952804565;0.35714285714285715
3.5;0.8823529411764706;0.9122807017543859;0.9090908765792847;1.0
3.5;0.6;0.76890756302521;0.7547169923782349;1.0
4.0;0.8;0.8153846153846154;0.8181818127632141;0.8888888888888888
3.5;0.6304347826086957;0.7978723404255319;0.7560975551605225;0.8055555555555556
4.0;0.8095238095238095;0.7983193277310925;0.800000011920929;0.9444444444444444
2.5;0.12;0.29729729729729726;0.19354838132858276;0.21428571428571427
3.0;0.47619047619047616;0.610738255033557;0.6060606241226196;0.8333333333333334
3.0;0.23076923076923078;0.4297520661157025;0.375;0.46153846153846156
3.0;0.25;0.418848167539267;0.3999999761581421;0.5
1.0;0.11764705882352941;0.25609756097560976;0.21052628755569458;0.2222222222222222
2.0;0.5;0.7448979591836735;0.6086956262588501;0.7
2.0;0.0625;0.24675324675324672;0.11764705181121826;0.125
4.5;0.75;0.9142857142857143;0.8695652484893799;0.9
4.0;0.3125;0.6;0.476190447807312;0.625
3.0;0.875;0.9172932330827068;0.9333333373069763;1.0
3.0;0.7272727272727273;0.8421052631578947;0.8571428656578064;1.0
4.15;0.6;0.8122270742358079;0.75;0.75
2.5;0.3157894736842105;0.45962732919254656;0.48000001907348633;0.5454545454545454
3.5;0.42857142857142855;0.5725490196078431;0.6000000238418579;0.6428571428571429
4.0;0.1875;0.44047619047619047;0.31578946113586426;0.3333333333333333
5.0;0.8888888888888888;0.9405940594059405;0.9411764740943909;1.0
4.8;0.8235294117647058;0.859375;0.8780487775802612;1.0
0.0;0.0;0.06349206349206349;0.0;0.0
4.6;0.8;0.8757396449704142;0.8888888955116272;0.8888888888888888
3.0;0.35294117647058826;0.5543478260869565;0.52173912525177;0.6
2.7;0.25;0.4696969696969697;0.3999999761581421;0.5833333333333334
3.6;0.7619047619047619;0.9022988505747126;0.8837209343910217;0.8888888888888888
3.75;0.6363636363636364;0.8;0.782608687877655;1.0
3.65;0.4;0.5917602996254682;0.5714285373687744;0.6666666666666666
0.0;0.12;0.2828282828282829;0.19999998807907104;0.21428571428571427
3.0;0.23076923076923078;0.4274809160305344;0.375;0.375
4.75;0.75;0.8504398826979472;0.800000011920929;0.8571428571428571
3.6;0.8181818181818182;0.8784313725490196;0.8813559412956238;0.9473684210526315
3.5;0.6428571428571429;0.7538461538461538;0.7547169923782349;1.0
2.75;0.25;0.4627450980392157;0.3888888955116272;0.48148148148148145
5.0;0.8333333333333334;0.7713004484304933;0.8148148059844971;1.0
4.0;0.36363636363636365;0.5224489795918368;0.4848484992980957;0.5333333333333333
3.0;0.6666666666666666;0.7942583732057417;0.7272727489471436;1.0
3.5;0.5;0.676056338028169;0.6666666269302368;0.7272727272727273
3.35;0.4;0.6283524904214559;0.5714285373687744;0.6666666666666666
3.2;0.5833333333333334;0.8041237113402062;0.761904776096344;0.875
3.6;0.5;0.6867924528301887;0.6470588445663452;0.9166666666666666
3.75;0.7;0.896969696969697;0.8235294222831726;0.875
4.0;0.7647058823529411;0.9149797570850202;0.8823529481887817;0.9285714285714286
3.75;0.6086956521739131;0.7648351648351648;0.7599999904632568;0.9333333333333333
3.5;0.55;0.6928571428571428;0.7096774578094482;1.0
3.5;0.7692307692307693;0.80078125;0.7719298601150513;0.9523809523809523
4.25;0.7435897435897436;0.8106904231625836;0.8571428656578064;0.8529411764705882
0.0;0.0625;0.1325301204819277;0.1111111044883728;0.14285714285714285
3.5;0.6428571428571429;0.7641509433962264;0.75;0.8181818181818182
2.75;0.23529411764705882;0.38857142857142857;0.3809523582458496;0.4
5.0;0.6428571428571429;0.8268156424581006;0.800000011920929;0.8181818181818182
3.75;0.7142857142857143;0.8670520231213873;0.8333333134651184;0.8333333333333334
3.45;0.625;0.7027027027027026;0.7407407760620117;0.8333333333333334
3.0;0.6956521739130435;0.8160535117056856;0.8205128312110901;1.0
2.25;0.2;0.3178807947019867;0.3333333134651184;0.375
3.25;0.391304347826087;0.5752508361204014;0.529411792755127;0.75
4.2;0.6666666666666666;0.7533632286995515;0.75;1.0
4.25;0.7;0.8513761467889909;0.8115941882133484;0.9545454545454546
4.4;0.8285714285714286;0.9189189189189189;0.90666663646698;1.0
2.5;0.25;0.42801556420233466;0.3999999761581421;0.6
1.75;0.3157894736842105;0.4342857142857143;0.48000001907348633;0.5
3.5;0.6923076923076923;0.8229166666666666;0.800000011920929;1.0
3.5;0.5789473684210527;0.7394366197183099;0.7333333492279053;0.9166666666666666
5.0;1.0;0.9555555555555556;0.9523809552192688;1.0
3.95;0.6857142857142857;0.8273381294964028;0.8285714387893677;0.8888888888888888
3.5;0.5333333333333333;0.7014218009478673;0.695652186870575;0.7272727272727273
3.25;0.125;0.33333333333333337;0.2222222089767456;0.2222222222222222
4.5;0.4;0.5774058577405858;0.5454545021057129;0.6666666666666666
0.0;0.13333333333333333;0.3448275862068966;0.4285714030265808;0.25
3.1;0.6666666666666666;0.7243243243243243;0.782608687877655;0.8888888888888888
3.5;0.68;0.7357293868921776;0.7547169923782349;1.0
4.25;0.8;0.9055793991416309;0.9019607901573181;0.9411764705882353
2.75;0.09523809523809523;0.2513661202185792;0.17391306161880493;0.2
3.5;0.23529411764705882;0.5325443786982249;0.3809523582458496;0.4444444444444444
4.5;0.7391304347826086;0.7964071856287425;0.8292682766914368;1.0
3.5;0.6666666666666666;0.6592797783933517;0.699999988079071;1.0
2.9;0.23076923076923078;0.4568965517241379;0.38235294818878174;0.46153846153846156
3.0;0.4666666666666667;0.625;0.6363636255264282;0.7777777777777778
3.0;0.5384615384615384;0.7920792079207921;0.7407407760620117;0.7777777777777778
3.0;0.30434782608695654;0.4119402985074627;0.4117646813392639;0.875
4.0;0.25;0.40625;0.3999999761581421;0.5
0.0;0.0;0.11891891891891893;0.0;0.0
3.75;0.6428571428571429;0.7074829931972789;0.7142857313156128;0.8181818181818182
3.0;0.8888888888888888;0.9516129032258065;0.9268292784690857;1.0
2.5;0.4117647058823529;0.4838709677419355;0.5833333730697632;0.6363636363636364
3.5;0.68;0.8503937007874016;0.8214285373687744;1.0
4.0;0.6666666666666666;0.8;0.800000011920929;0.8888888888888888
4.5;0.5;0.6666666666666667;0.6666666269302368;0.6666666666666666
3.5;0.6666666666666666;0.8217821782178218;0.8181818127632141;0.8
2.5;0.4375;0.5853658536585367;0.6086956262588501;0.7777777777777778
3.75;0.64;0.7686424474187381;0.7586206793785095;0.9411764705882353
3.5;0.4444444444444444;0.6586345381526104;0.5925925970077515;0.7272727272727273
3.0;0.5789473684210527;0.6956521739130435;0.7058823108673096;1.0
3.9;0.46153846153846156;0.6010928961748634;0.5714285373687744;0.75
3.25;0.4090909090909091;0.6054421768707483;0.5806452035903931;0.75
3.75;0.8571428571428571;0.9082969432314411;0.9090908765792847;1.0
3.4;0.17391304347826086;0.3481781376518218;0.27586209774017334;0.3333333333333333
4.75;0.7241379310344828;0.8097560975609757;0.8301886916160583;0.9130434782608695
3.5;0.6;0.7105263157894737;0.75;0.9
3.75;0.058823529411764705;0.33333333333333337;0.1111111044883728;0.14285714285714285
3.25;0.38095238095238093;0.5681818181818181;0.5333333015441895;0.6153846153846154
0.5;0.06666666666666667;0.1383647798742138;0.11764705181121826;0.14285714285714285
0.5;0.35294117647058826;0.4656084656084656;0.5;0.5454545454545454
3.75;0.6428571428571429;0.7574468085106383;0.7692307829856873;0.8181818181818182
3.25;0.6428571428571429;0.7807017543859649;0.800000011920929;0.8181818181818182
2.5;0.35714285714285715;0.5088757396449703;0.5263158082962036;0.5555555555555556
4.95;0.7857142857142857;0.9043478260869565;0.8799999952316284;0.9166666666666666
0.0;0.0;0.02259887005649719;0.0;0.0
3.4;0.6521739130434783;0.7928571428571428;0.7692307829856873;0.8333333333333334
3.0;0.6111111111111112;0.6576086956521738;0.699999988079071;1.0
3.5;0.3157894736842105;0.6301369863013699;0.48000001907348633;0.5454545454545454
4.25;0.6428571428571429;0.75;0.782608687877655;0.9
3.0;0.8333333333333334;0.9540636042402827;0.9142857193946838;0.9375
3.9;0.6551724137931034;0.8129251700680272;0.7575757503509521;0.8260869565217391
3.25;0.29411764705882354;0.5439330543933054;0.4444444179534912;0.45454545454545453
3.0;0.17391304347826086;0.3399209486166008;0.29629629850387573;0.36363636363636365
3.5;0.6428571428571429;0.7735849056603774;0.7692307829856873;1.0
3.25;0.5;0.6026200873362446;0.6666666269302368;1.0
4.45;0.5454545454545454;0.8;0.7058823108673096;0.75
1.5;0.14285714285714285;0.3312101910828026;0.23529410362243652;0.3333333333333333
3.0;0.45;0.5521885521885521;0.5454545021057129;0.9
3.25;0.5185185185185185;0.6918918918918919;0.7234042882919312;0.7
3.9;0.8333333333333334;0.9230769230769231;0.9166666865348816;1.0
2.9;0.35714285714285715;0.5152224824355972;0.5245901346206665;0.8333333333333334
2.0;0.1724137931034483;0.32472324723247237;0.29411762952804565;0.35714285714285715
3.75;0.43478260869565216;0.6666666666666667;0.6060606241226196;0.7142857142857143
3.0;0.6;0.689922480620155;0.7857142686843872;0.9230769230769231
3.0;0.2413793103448276;0.4914933837429112;0.3896104097366333;0.4117647058823529
1.5;0.0625;0.136986301369863;0.11764705181121826;0.14285714285714285
2.4;0.2222222222222222;0.45783132530120485;0.3636363744735718;0.4
3.0;0.5;0.6704980842911877;0.6399999856948853;0.7666666666666667
0.0;0.045454545454545456;0.1333333333333333;0.08695650100708008;0.1111111111111111
3.5;0.18181818181818182;0.44897959183673475;0.307692289352417;0.3076923076923077
3.5;0.7368421052631579;0.8792569659442724;0.8717948794364929;0.9333333333333333
3.75;0.5454545454545454;0.8876404494382022;0.7368420958518982;0.75
4.9;0.8484848484848485;0.9498910675381264;0.9090908765792847;0.9333333333333333
1.25;0.047619047619047616;0.16842105263157892;0.08695650100708008;0.1111111111111111
3.0;0.5652173913043478;0.6832917705735662;0.6666666269302368;0.8666666666666667
3.75;0.2222222222222222;0.42211055276381915;0.3478260636329651;0.36363636363636365
2.0;0.10526315789473684;0.24731182795698925;0.1818181872367859;0.2
3.0;0.4444444444444444;0.6983240223463687;0.6666666269302368;0.631578947368421
3.0;0.1875;0.3820224719101124;0.31578946113586426;0.375
2.1;0.21739130434782608;0.276595744680851;0.3571428656578064;0.38461538461538464
3.0;0.21428571428571427;0.37662337662337664;0.31578946113586426;0.375
1.5;0.07142857142857142;0.24113475177304966;0.13333332538604736;0.14285714285714285
4.75;0.4;0.6580645161290323;0.5714285373687744;0.6
3.6;0.35714285714285715;0.5027932960893855;0.476190447807312;0.625
3.0;0.4;0.5472972972972974;0.5;0.5714285714285714
3.25;0.125;0.3764705882352941;0.2222222089767456;0.2222222222222222
3.0;0.4583333333333333;0.5964125560538116;0.5714285373687744;0.7333333333333333
1.5;0.3888888888888889;0.5858585858585859;0.5384615659713745;0.5833333333333334
0.0;0.03333333333333333;0.13877551020408163;0.05882352590560913;0.07142857142857142
3.9;0.7727272727272727;0.7682119205298014;0.800000011920929;1.0
4.45;0.75;0.8130841121495327;0.8695652484893799;0.9
0.0;0.0;0.13235294117647056;0.0;0.0
3.0;0.23333333333333334;0.5308641975308642;0.4285714030265808;0.4117647058823529
3.6;0.3125;0.47120418848167545;0.52173912525177;0.625
3.5;0.5263157894736842;0.6825396825396826;0.6666666269302368;0.8333333333333334
3.45;0.8627450980392157;0.910025706940874;0.9158878326416016;1.0
3.0;0.4074074074074074;0.5055432372505544;0.5098038911819458;0.9166666666666666
3.0;0.4444444444444444;0.6186440677966102;0.6000000238418579;0.7272727272727273
3.5;0.7692307692307693;0.8174204355108878;0.8059701323509216;0.9090909090909091
4.2;0.8333333333333334;0.8933333333333333;0.8799999952316284;0.9090909090909091
3.25;0.32;0.48;0.4528301954269409;0.631578947368421
2.0;0.25;0.422360248447205;0.3478260636329651;0.4444444444444444
0.0;0.0;0.14569536423841056;0.0;0.0
4.25;0.5833333333333334;0.6844919786096257;0.6666666269302368;0.875
4.25;0.5333333333333333;0.7525773195876289;0.695652186870575;0.7272727272727273
3.0;0.5652173913043478;0.7041420118343196;0.761904776096344;0.7222222222222222
1.5;0.23809523809523808;0.3846153846153846;0.38461536169052124;0.38461538461538464
4.25;0.5833333333333334;0.8557213930348259;0.699999988079071;0.7777777777777778
3.5;0.35294117647058826;0.69;0.52173912525177;0.5454545454545454
3.75;0.45454545454545453;0.6642335766423357;0.625;0.8333333333333334
3.75;0.7857142857142857;0.88;0.8799999952316284;0.9166666666666666
3.75;0.6153846153846154;0.7963302752293577;0.7666666507720947;0.8
3.5;0.5454545454545454;0.7386363636363636;0.7058823108673096;0.75
4.25;1.0;0.0;1.0;1.0
3.0;0.5714285714285714;0.6460176991150443;0.6451612710952759;1.0
3.5;0.5714285714285714;0.7378640776699029;0.7272727489471436;0.8
3.35;0.5;0.7058823529411764;0.6666666269302368;0.875
3.25;0.2777777777777778;0.4228571428571428;0.38461536169052124;0.45454545454545453
4.4;0.5625;0.7789473684210526;0.7407407760620117;0.75
5.0;1.0;0.0;1.0;1.0
4.4;0.6923076923076923;0.8341232227488151;0.8181818127632141;0.9
0.0;0.058823529411764705;0.1923076923076923;0.1111111044883728;0.1111111111111111
3.5;0.42857142857142855;0.6103896103896104;0.6399999856948853;0.75
3.9;0.8181818181818182;0.9081632653061225;0.9090908765792847;0.9
5.0;0.6666666666666666;0.8629441624365483;0.761904776096344;0.8
0.0;0.05263157894736842;0.15469613259668513;0.0952380895614624;0.1111111111111111
3.0;0.48;0.6049382716049383;0.6818181872367859;1.0
3.0;0.5;0.7033639143730888;0.7142857313156128;0.75
4.25;0.6153846153846154;0.7906976744186046;0.782608687877655;0.8
0.0;0.07142857142857142;0.1777777777777778;0.125;0.14285714285714285
3.5;0.47058823529411764;0.7286821705426356;0.6666666269302368;0.7272727272727273
3.1;0.23076923076923078;0.5128205128205128;0.3529411554336548;0.375
3.0;0.5416666666666666;0.7377049180327868;0.695652186870575;0.7647058823529411
3.0;0.40384615384615385;0.585820895522388;0.5789473652839661;0.65625
3.0;0.6428571428571429;0.8205128205128205;0.8148148059844971;1.0
3.75;0.7647058823529411;0.8859060402684564;0.8666666746139526;0.8666666666666667
0.5;0.14814814814814814;0.3733333333333333;0.22857141494750977;0.3333333333333333
2.5;0.3684210526315789;0.7;0.5;0.7777777777777778
3.0;0.4375;0.5818181818181818;0.6086956262588501;0.6363636363636364
3.75;0.42105263157894735;0.6578947368421053;0.5925925970077515;0.6666666666666666
3.5;0.7222222222222222;0.8165374677002584;0.8372092843055725;0.9285714285714286
3.9;0.7;0.7150537634408602;0.699999988079071;0.9333333333333333
2.75;0.36363636363636365;0.5093632958801498;0.52173912525177;0.5454545454545454
3.0;0.6666666666666666;0.7837837837837838;0.8135592937469482;1.0
4.4;0.7272727272727273;0.882051282051282;0.8571428656578064;0.8888888888888888
2.0;0.36363636363636365;0.48062015503875966;0.529411792755127;0.5333333333333333
3.5;0.6538461538461539;0.7877758913412564;0.7692307829856873;0.9444444444444444
3.4;0.3333333333333333;0.5054466230936819;0.46875;0.5769230769230769
4.95;0.6666666666666666;0.7650273224043715;0.800000011920929;0.9090909090909091
3.75;0.38333333333333336;0.5809379727685325;0.52173912525177;0.575
0.0;0.07142857142857142;0.2068965517241379;0.13333332538604736;0.14285714285714285
3.75;0.5588235294117647;0.6869300911854104;0.6575342416763306;0.95
2.9;0.15789473684210525;0.32727272727272727;0.23076921701431274;0.3333333333333333
4.75;0.07692307692307693;0.3489932885906041;0.125;0.14285714285714285
4.9;0.8571428571428571;0.9162995594713657;0.9230769276618958;1.0
4.25;0.8;0.9436619718309859;0.8999999761581421;0.8888888888888888
3.9;0.7647058823529411;0.8784530386740331;0.8780487775802612;0.9285714285714286
1.95;0.43478260869565216;0.5836298932384342;0.5945945978164673;0.6666666666666666
3.75;0.8421052631578947;0.9214659685863874;0.9047619104385376;1.0
4.25;0.46153846153846156;0.676923076923077;0.6315789222717285;0.75
3.0;0.5357142857142857;0.7224334600760456;0.6779661178588867;0.8823529411764706
2.25;0.5;0.7090909090909091;0.6363636255264282;0.875
2.5;0.10526315789473684;0.4534883720930233;0.1904761791229248;0.2
3.0;0.3448275862068966;0.4949152542372881;0.5454545021057129;0.6666666666666666
3.25;0.38095238095238093;0.6040268456375839;0.5;0.6153846153846154
4.0;0.6111111111111112;0.7539267015706806;0.7333333492279053;0.7857142857142857
4.75;0.7;0.8248587570621468;0.7777777910232544;0.875
3.0;0.5238095238095238;0.74235807860262;0.6285713911056519;0.7333333333333333
3.4;0.6923076923076923;0.8271604938271605;0.8115941882133484;0.9310344827586207
3.4;0.35294117647058826;0.5116279069767442;0.48000001907348633;0.5454545454545454
0.5;0.11764705882352941;0.32863849765258213;0.3999999761581421;0.25
1.9;0.36363636363636365;0.6227544910179641;0.5161290168762207;0.5714285714285714
4.5;0.8461538461538461;0.9090909090909091;0.9333333373069763;0.9166666666666666
3.2;0.6;0.7526881720430108;0.7659574747085571;0.7894736842105263
3.25;0.5238095238095238;0.6728110599078341;0.7222222089767456;0.8461538461538461
3.25;0.7;0.7967032967032968;0.8095238208770752;0.8235294117647058
3.25;0.7959183673469388;0.8813559322033898;0.8631578683853149;0.9285714285714286
3.0;0.5263157894736842;0.777292576419214;0.6896551847457886;0.7692307692307693
3.45;0.47058823529411764;0.5714285714285714;0.615384578704834;0.6666666666666666
3.7;0.35294117647058826;0.7169811320754718;0.5384615659713745;0.6
3.5;0.5789473684210527;0.7291666666666667;0.7096774578094482;0.8461538461538461
2.75;0.38095238095238093;0.4824120603015075;0.5789473652839661;0.5714285714285714
3.1;0.4090909090909091;0.5441696113074205;0.5714285373687744;0.9
3.4;0.6875;0.7878787878787878;0.7647058963775635;0.9166666666666666
3.25;0.19047619047619047;0.25365853658536586;0.3199999928474426;0.36363636363636365
3.35;0.3333333333333333;0.5953488372093023;0.5;0.6
4.9;0.7692307692307693;0.8539325842696629;0.8461538553237915;0.9090909090909091
3.5;0.5;0.7228070175438597;0.6666666269302368;0.8333333333333334
4.65;0.9230769230769231;0.9411764705882353;0.9629629850387573;1.0
4.75;0.25;0.4260869565217391;0.3636363744735718;0.42857142857142855
4.7;0.896551724137931;0.9403669724770642;0.9428571462631226;1.0
3.5;0.5263157894736842;0.7291666666666667;0.6666666269302368;0.8333333333333334
3.25;0.6410256410256411;0.7685774946921444;0.7647058963775635;0.8620689655172413
1.5;0.16666666666666666;0.36024844720496896;0.2857142686843872;0.3
4.2;0.36363636363636365;0.5034013605442177;0.5;0.6666666666666666
5.0;0.7142857142857143;0.8014705882352942;0.800000011920929;0.8333333333333334
3.0;0.375;0.5797101449275363;0.52173912525177;0.5454545454545454
3.0;0.35714285714285715;0.6739130434782609;0.5714285373687744;0.5555555555555556
5.0;1.0;0.0;1.0;1.0
0.0;0.045454545454545456;0.24864864864864866;0.08695650100708008;0.09090909090909091
3.5;0.42857142857142855;0.5993031358885017;0.5806452035903931;0.8181818181818182
3.75;0.42857142857142855;0.5863874345549738;0.5454545021057129;0.6666666666666666
4.5;0.5882352941176471;0.7173913043478262;0.7407407760620117;0.8333333333333334
3.7;0.8333333333333334;0.8513119533527697;0.8500000238418579;0.9375
3.25;0.4;0.6598984771573604;0.5714285373687744;0.6
4.25;0.7;0.8131868131868132;0.8235294222831726;0.875
2.0;0.08333333333333333;0.20472440944881887;0.1428571343421936;0.16666666666666666
4.0;0.5517241379310345;0.7802197802197802;0.7346938848495483;0.8421052631578947
3.75;0.6842105263157895;0.8291139240506329;0.8108108043670654;1.0
3.5;0.8421052631578947;0.8838951310861423;0.9189189076423645;1.0
3.0;0.4;0.5871121718377088;0.5666666626930237;0.8888888888888888
4.95;0.5555555555555556;0.7698412698412699;0.7142857313156128;0.7142857142857143
4.0;0.7272727272727273;0.7135135135135136;0.761904776096344;1.0
4.0;0.625;0.7704280155642024;0.7142857313156128;0.8333333333333334
4.9;0.75;0.8863636363636364;0.8571428656578064;0.9
4.9;0.75;0.8712871287128713;0.8888888955116272;0.9
3.7;0.75;0.8295819935691319;0.8461538553237915;0.9130434782608695
4.0;0.45454545454545453;0.624113475177305;0.625;0.625
3.25;0.375;0.5201238390092879;0.514285683631897;0.6428571428571429
3.0;0.7857142857142857;0.8734402852049911;0.8888888955116272;0.8918918918918919
2.25;0.21428571428571427;0.38167938931297707;0.3243243098258972;0.4
3.0;0.6071428571428571;0.7001862197392923;0.688524603843689;0.8095238095238095
4.0;0.46153846153846156;0.7071823204419889;0.6315789222717285;0.8571428571428571
3.4;0.23076923076923078;0.38888888888888884;0.375;0.5
2.9;0.15384615384615385;0.4316546762589928;0.3529411554336548;0.3333333333333333
3.25;0.5789473684210527;0.7259786476868327;0.7333333492279053;0.8461538461538461
2.5;0.35;0.4623115577889447;0.5;0.6363636363636364
3.7;0.30434782608695654;0.5701357466063348;0.514285683631897;0.5833333333333334
3.25;0.7435897435897436;0.8531187122736419;0.8571428656578064;0.9666666666666667
0.5;0.05555555555555555;0.25;0.10526317358016968;0.1111111111111111
2.75;0.3225806451612903;0.49090909090909096;0.5116279125213623;0.6666666666666666
4.0;0.4666666666666667;0.6893203883495146;0.6363636255264282;0.7777777777777778
1.75;0.15151515151515152;0.40226628895184136;0.27272725105285645;0.29411764705882354
4.0;0.8461538461538461;0.8472906403940886;0.8461538553237915;1.0
3.45;0.3888888888888889;0.5748031496062992;0.5384615659713745;0.875
3.4;0.7333333333333333;0.8209606986899564;0.8461538553237915;0.9166666666666666
3.0;0.41379310344827586;0.6045016077170418;0.5777777433395386;0.9230769230769231
4.25;0.47058823529411764;0.7906976744186046;0.6399999856948853;0.6666666666666666
3.0;0.4576271186440678;0.6219512195121951;0.615384578704834;0.7297297297297297
3.0;0.2413793103448276;0.4776902887139107;0.3720930218696594;0.3888888888888889
3.5;0.5;0.6060606060606061;0.6363636255264282;0.7
3.25;0.6470588235294118;0.7807017543859649;0.8235294222831726;0.9166666666666666
3.45;0.47058823529411764;0.6467065868263473;0.6399999856948853;0.6666666666666666
4.6;0.42857142857142855;0.7022222222222223;0.6363636255264282;0.6666666666666666
4.25;0.4666666666666667;0.7019230769230769;0.6363636255264282;0.7777777777777778
1.5;0.19047619047619047;0.4752475247524752;0.307692289352417;0.4
2.5;0.18181818181818182;0.3153526970954357;0.307692289352417;0.4
4.75;0.7647058823529411;0.9230769230769231;0.8666666746139526;0.9285714285714286
4.4;0.7777777777777778;0.7972972972972973;0.875;0.875
0.0;0.11764705882352941;0.2723004694835681;0.3448275923728943;0.25
3.25;0.35294117647058826;0.46153846153846156;0.48000001907348633;0.6
0.5;0.2777777777777778;0.43349753694581283;0.43478262424468994;0.45454545454545453
3.4;0.6842105263157895;0.7764127764127764;0.800000011920929;0.9285714285714286
3.25;0.8032786885245902;0.8516284680337756;0.828125;0.9245283018867925
3.25;0.5833333333333334;0.8356807511737089;0.761904776096344;0.7777777777777778
3.0;0.0;0.16774193548387095;0.0;0.0
3.25;0.36363636363636365;0.5166051660516605;0.529411792755127;0.8888888888888888
1.5;0.16;0.31799163179916323;0.2666666507720947;0.3333333333333333
3.2;0.6521739130434783;0.7836257309941521;0.7692307829856873;0.7894736842105263
0.0;0.043478260869565216;0.19428571428571428;0.08333331346511841;0.09090909090909091
3.0;0.42857142857142855;0.6492537313432836;0.6000000238418579;0.75
3.4;0.2777777777777778;0.4418604651162791;0.43478262424468994;0.5
3.25;0.21153846153846154;0.4121212121212121;0.34285712242126465;0.4230769230769231
3.5;0.6363636363636364;0.7176470588235294;0.7777777910232544;0.875
1.5;0.2222222222222222;0.4454976303317536;0.3333333134651184;0.4
3.0;0.42857142857142855;0.6035502958579881;0.615384578704834;0.6666666666666666
4.9;0.7777777777777778;0.9150326797385621;0.875;0.875
3.45;0.5;0.6238532110091743;0.6451612710952759;0.8333333333333334
4.25;0.5833333333333334;0.7759562841530054;0.7368420958518982;0.875
4.5;0.875;0.9529085872576177;0.9411764740943909;0.9545454545454546
3.0;0.38235294117647056;0.5511363636363636;0.5714285373687744;1.0
3.5;0.06666666666666667;0.32335329341317365;0.11764705181121826;0.125
2.25;0.1;0.2993630573248408;0.1818181872367859;0.2
4.25;0.3076923076923077;0.5792349726775956;0.4444444179534912;0.5714285714285714
3.4;0.6190476190476191;0.698019801980198;0.695652186870575;1.0
3.75;0.8867924528301887;0.9329962073324906;0.9444444179534912;0.9591836734693877
4.25;0.8421052631578947;0.8557457212713937;0.8636363744735718;1.0
3.25;0.7407407407407407;0.7940199335548173;0.8115941882133484;1.0
3.25;0.3157894736842105;0.4661016949152542;0.48000001907348633;0.8571428571428571
3.65;0.5833333333333334;0.8042328042328042;0.761904776096344;0.7777777777777778
2.75;0.14285714285714285;0.4375;0.25;0.3333333333333333
1.5;0.0;0.2564102564102564;0.0;0.0
3.0;0.375;0.594900849858357;0.5306122303009033;0.6666666666666666
4.25;0.38461538461538464;0.5369127516778524;0.5555555820465088;0.5555555555555556
3.5;0.26666666666666666;0.5433526011560694;0.42105263471603394;0.5
3.0;0.48;0.5743243243243243;0.615384578704834;1.0
2.0;0.42857142857142855;0.5931034482758621;0.5625;0.8181818181818182
2.5;0.038461538461538464;0.2947368421052632;0.06060606241226196;0.09090909090909091
0.0;0.0;0.13605442176870752;0.0;0.0
0.0;0.05555555555555555;0.20382165605095537;0.10526317358016968;0.125
4.0;0.7333333333333333;0.7717842323651453;0.800000011920929;1.0
3.35;0.4;0.6811594202898551;0.6470588445663452;0.6153846153846154
4.25;0.5714285714285714;0.75;0.7272727489471436;0.8
4.25;0.5;0.7261904761904762;0.6363636255264282;0.7777777777777778
3.45;0.6086956521739131;0.8418367346938775;0.761904776096344;0.7777777777777778
4.25;0.6363636363636364;0.7891891891891891;0.7777777910232544;0.7777777777777778
3.0;0.44;0.6924829157175398;0.6557376980781555;0.8461538461538461
3.45;0.3333333333333333;0.4555555555555556;0.5;0.5555555555555556
0.0;0.045454545454545456;0.11695906432748537;0.08695650100708008;0.125
4.2;0.5;0.7346938775510203;0.6363636255264282;0.7
0.0;0.0625;0.21621621621621623;0.1111111044883728;0.125
3.0;0.4444444444444444;0.6583333333333333;0.5925925970077515;0.7272727272727273
4.75;0.7;0.9318181818181819;0.8235294222831726;0.875
3.25;0.6;0.7194719471947195;0.6976743936538696;0.75
3.25;0.7333333333333333;0.8940397350993378;0.8823529481887817;0.9166666666666666
3.65;0.6875;0.8874172185430463;0.8571428656578064;0.8461538461538461
3.5;0.6956521739130435;0.854251012145749;0.8518518209457397;0.8888888888888888
3.0;0.5925925925925926;0.7621483375959079;0.7234042882919312;1.0
3.25;0.5;0.7523510971786834;0.7179486751556396;0.6875
3.0;0.46153846153846156;0.6630136986301369;0.585365891456604;0.6666666666666666
3.4;0.5714285714285714;0.698292220113852;0.7250000238418579;0.875
3.25;0.23809523809523808;0.3981042654028436;0.37037038803100586;0.5
4.25;0.8125;0.9174311926605505;0.9090908765792847;1.0
3.4;0.6;0.7478260869565218;0.75;1.0
3.0;0.8181818181818182;0.7298578199052133;0.7857142686843872;0.9
4.75;0.8214285714285714;0.9273182957393484;0.8928571343421936;0.9583333333333334
5.0;0.9473684210526315;0.9634146341463414;0.9756097793579102;1.0
4.5;0.6666666666666666;0.8407079646017699;0.800000011920929;0.8333333333333334
3.0;0.23076923076923078;0.4173228346456693;0.3768116235733032;0.6666666666666666
4.2;0.5333333333333333;0.7564766839378239;0.695652186870575;0.7272727272727273
3.25;0.5454545454545454;0.6811145510835913;0.7058823108673096;0.75
4.25;0.75;0.8682926829268293;0.8695652484893799;0.9
0.5;0.05;0.11282051282051286;0.09090906381607056;0.1111111111111111
3.95;0.5;0.6961325966850829;0.6399999856948853;0.6666666666666666
3.95;0.75;0.9029126213592233;0.8717948794364929;0.8571428571428571
1.75;0.1111111111111111;0.24137931034482762;0.1904761791229248;0.2222222222222222
3.95;0.2857142857142857;0.40963855421686746;0.42105263471603394;0.5714285714285714
4.25;0.7368421052631579;0.8580645161290322;0.8717948794364929;0.875
3.25;0.42857142857142855;0.6610644257703081;0.6521738767623901;0.6666666666666666
4.2;0.42857142857142855;0.6907216494845361;0.5714285373687744;0.75
2.95;0.2777777777777778;0.39583333333333337;0.4166666865348816;0.45454545454545453
3.0;0.4090909090909091;0.5776965265082267;0.5846153497695923;1.0
3.25;0.2857142857142857;0.49411764705882355;0.52173912525177;0.5
0.0;0.1;0.21621621621621623;0.1818181872367859;0.2
4.9;0.9090909090909091;0.8537414965986394;0.8999999761581421;0.9523809523809523
2.9;0.375;0.6941176470588235;0.5454545021057129;0.5454545454545454
2.0;0.05;0.25380710659898476;0.09090906381607056;0.1
1.75;0.26666666666666666;0.5333333333333333;0.3999999761581421;0.5714285714285714
3.65;0.75;0.8268156424581006;0.8571428656578064;0.9
2.5;0.1794871794871795;0.29605263157894735;0.2978723645210266;0.5833333333333334
0.0;0.05263157894736842;0.14569536423841056;0.10000002384185791;0.125
3.0;0.21052631578947367;0.48888888888888893;0.3478260636329651;0.36363636363636365
5.0;0.7692307692307693;0.8699551569506727;0.8695652484893799;0.9090909090909091
2.25;0.26153846153846155;0.39749608763693267;0.39080458879470825;0.8095238095238095
2.5;0.75;0.8493150684931507;0.8571428656578064;0.9375
3.0;0.45714285714285713;0.6630727762803235;0.5925925970077515;0.7619047619047619
2.5;0.3125;0.43523316062176165;0.476190447807312;0.5
4.5;0.6428571428571429;0.8542713567839196;0.782608687877655;0.8181818181818182
3.45;0.5454545454545454;0.6876790830945558;0.6499999761581421;0.9230769230769231
4.2;0.5909090909090909;0.7600950118764845;0.75;0.7647058823529411
3.95;0.5833333333333334;0.7978723404255319;0.7368420958518982;0.7777777777777778
4.4;0.8181818181818182;0.8762886597938144;0.8999999761581421;1.0
4.15;0.875;0.929368029739777;0.9333333373069763;0.9333333333333333
3.25;0.5;0.7058823529411764;0.6875;1.0
0.5;0.1;0.20765027322404372;0.1818181872367859;0.2
4.15;0.8333333333333334;0.9185667752442996;0.9230769276618958;0.9375
3.25;0.18181818181818182;0.4083333333333333;0.307692289352417;0.3333333333333333
3.4;0.7272727272727273;0.8695652173913043;0.8571428656578064;0.8888888888888888
2.75;0.20689655172413793;0.33599999999999997;0.34285712242126465;0.6666666666666666
4.85;0.75;0.8301886792452831;0.8333333134651184;1.0
1.0;0.2;0.20945945945945943;0.2857142686843872;0.35714285714285715
4.25;0.6666666666666666;0.7845303867403315;0.774193525314331;0.8
1.25;0.07142857142857142;0.32432432432432434;0.13333332538604736;0.14285714285714285
2.75;0.19047619047619047;0.4662576687116564;0.307692289352417;0.5
3.15;0.64;0.6469428007889546;0.6315789222717285;0.9411764705882353
5.0;0.7647058823529411;0.8352490421455938;0.8666666746139526;0.9285714285714286
0.0;0.037037037037037035;0.20833333333333337;0.06896549463272095;0.09090909090909091
3.4;0.6153846153846154;0.7380497131931166;0.7241379022598267;1.0
2.75;0.25;0.4252873563218391;0.3999999761581421;0.4166666666666667
3.2;0.3333333333333333;0.6703910614525139;0.5;0.5714285714285714
5.0;0.8125;0.9254658385093167;0.8500000238418579;0.9285714285714286
3.5;0.5;0.711764705882353;0.6666666269302368;0.7058823529411765
3.0;0.25;0.45614035087719296;0.3999999761581421;0.4
3.15;0.5217391304347826;0.7621951219512195;0.7317073345184326;0.75
4.25;0.7692307692307693;0.9583333333333334;0.8799999952316284;0.9090909090909091
2.7;0.4;0.593939393939394;0.5384615659713745;0.6
4.75;1.0;0.0;1.0;1.0
3.5;0.21428571428571427;0.3580246913580247;0.3529411554336548;0.375
0.0;0.0;0.1146496815286624;0.0;0.0
4.0;0.5714285714285714;0.689873417721519;0.7272727489471436;0.75
3.25;0.6875;0.7601809954751131;0.7333333492279053;1.0
4.75;1.0;0.9043927648578811;0.9166666865348816;1.0
0.5;0.16666666666666666;0.30534351145038163;0.25;0.3333333333333333
3.5;0.18181818181818182;0.42396313364055305;0.2857142686843872;0.36363636363636365
3.25;0.3333333333333333;0.5714285714285714;0.5789473652839661;0.7777777777777778
2.25;0.12121212121212122;0.3097199341021417;0.238095223903656;0.4
4.2;0.5;0.7972027972027972;0.695652186870575;0.7
3.75;0.35294117647058826;0.5646437994722955;0.5;0.631578947368421
3.7;0.6875;0.8432835820895522;0.8275861740112305;0.9166666666666666
3.25;0.7058823529411765;0.7973333333333333;0.800000011920929;1.0
3.45;0.5;0.5628140703517588;0.6086956262588501;0.7
4.9;0.7272727272727273;0.91005291005291;0.8571428656578064;0.8888888888888888
4.75;0.9444444444444444;0.895774647887324;0.8947368264198303;1.0
4.9;0.7333333333333333;0.9082969432314411;0.8461538553237915;0.8461538461538461
0.5;0.08333333333333333;0.19895287958115182;0.1538461446762085;0.18181818181818182
4.25;0.8181818181818182;0.9520958083832335;0.9166666865348816;0.9473684210526315
3.75;0.7368421052631579;0.8121827411167513;0.8372092843055725;1.0
3.45;0.7857142857142857;0.8130081300813008;0.8666666746139526;1.0
3.95;0.5384615384615384;0.7053941908713692;0.6363636255264282;0.875
2.95;0.34782608695652173;0.49833887043189373;0.4848484992980957;0.8888888888888888
4.0;0.631578947368421;0.7982832618025751;0.774193525314331;0.8
3.25;0.5555555555555556;0.7591240875912408;0.7333333492279053;1.0
0.0;0.0625;0.125;0.11764705181121826;0.125
3.25;0.16666666666666666;0.4285714285714286;0.2857142686843872;0.3333333333333333
0.0;0.030303030303030304;0.15671641791044777;0.05714285373687744;0.058823529411764705
2.75;0.3;0.40909090909090906;0.4285714030265808;0.46153846153846156
4.25;0.6153846153846154;0.8415841584158416;0.761904776096344;0.8888888888888888
3.85;0.8787878787878788;0.908315565031983;0.9142857193946838;1.0
3.5;0.375;0.6127167630057804;0.52173912525177;0.5454545454545454
3.25;0.6451612903225806;0.7753086419753086;0.7706422209739685;0.9302325581395349
3.55;0.6;0.7486033519553073;0.7317073345184326;0.9230769230769231
3.25;0.5625;0.7555555555555555;0.7200000286102295;0.9
3.25;0.2777777777777778;0.5180722891566265;0.4615384340286255;0.5
4.0;0.6923076923076923;0.8470588235294118;0.8181818127632141;0.9
3.4;0.5925925925925926;0.7692307692307692;0.7241379022598267;0.9411764705882353
0.0;0.0625;0.16000000000000003;0.11764705181121826;0.14285714285714285
3.5;0.5;0.6463878326996197;0.6206896305084229;0.6923076923076923
1.0;0.2777777777777778;0.36363636363636365;0.3999999761581421;0.45454545454545453
3.45;0.7333333333333333;0.7914438502673797;0.8148148059844971;0.9166666666666666
0.0;0.06666666666666667;0.12;0.11764705181121826;0.125
3.25;0.6296296296296297;0.8576779026217228;0.8135592937469482;0.8947368421052632
5.0;0.7333333333333333;0.864406779661017;0.8461538553237915;0.8461538461538461
3.25;0.5263157894736842;0.8070175438596492;0.7428570985794067;0.9090909090909091
3.4;0.6666666666666666;0.768361581920904;0.7666666507720947;0.9473684210526315
4.25;0.4166666666666667;0.6285714285714286;0.5882352590560913;0.625
3.45;0.4166666666666667;0.6777777777777778;0.615384578704834;0.625
4.25;0.4444444444444444;0.704;0.615384578704834;0.6666666666666666
4.0;0.3333333333333333;0.5985401459854014;0.5;0.5
3.0;0.4;0.6145251396648045;0.5714285373687744;0.6
0.5;0.16;0.3555555555555555;0.27586209774017334;0.2857142857142857
3.75;0.5;0.6883720930232557;0.6666666269302368;0.7272727272727273
3.25;0.6;0.6784140969162995;0.7142857313156128;1.0
3.5;0.5454545454545454;0.7023809523809523;0.7058823108673096;0.75
5.0;0.8;0.967741935483871;0.8888888955116272;0.8888888888888888
3.75;0.631578947368421;0.7195767195767195;0.6818181872367859;0.8571428571428571
2.5;0.37142857142857144;0.526027397260274;0.5384615659713745;1.0
1.0;0.35714285714285715;0.44692737430167595;0.5;0.5555555555555556
3.0;0.65625;0.7882882882882882;0.7868852615356445;0.875
3.25;0.4444444444444444;0.5825242718446602;0.6206896305084229;0.8
0.0;0.1;0.2767295597484277;0.1818181872367859;0.2
3.65;0.7368421052631579;0.7747747747747747;0.7777777910232544;0.875
4.4;0.5;0.6883116883116883;0.6875;0.7142857142857143
3.25;0.46511627906976744;0.6063348416289593;0.615384578704834;0.6896551724137931
4.45;0.5384615384615384;0.6461538461538461;0.699999988079071;0.7777777777777778
3.4;0.3793103448275862;0.6191780821917808;0.6086956262588501;0.6111111111111112
0.0;0.14285714285714285;0.3178807947019867;0.25;0.25
3.0;0.7222222222222222;0.7272727272727273;0.761904776096344;1.0
1.25;0.2777777777777778;0.46875;0.43478262424468994;0.45454545454545453
4.0;0.7647058823529411;0.8830188679245283;0.875;1.0
4.15;0.6923076923076923;0.7657142857142857;0.8181818127632141;0.8181818181818182
3.5;0.4090909090909091;0.625;0.5806452035903931;0.6428571428571429
2.75;0.35714285714285715;0.593939393939394;0.5;0.5555555555555556
4.75;0.5454545454545454;0.7866666666666666;0.7058823108673096;0.75
5.0;1.0;0.0;1.0;1.0
3.7;0.7142857142857143;0.8170731707317074;0.8333333134651184;0.8333333333333334
0.0;0.0;0.17621145374449343;0.0;0.0
4.4;0.6923076923076923;0.8;0.782608687877655;0.9
3.2;0.16666666666666666;0.3623188405797102;0.2857142686843872;0.2857142857142857
3.25;0.3;0.5367965367965368;0.4615384340286255;0.46153846153846156
4.85;0.45;0.5803571428571428;0.5882352590560913;0.6923076923076923
2.5;0.38095238095238093;0.552;0.5333333015441895;0.6666666666666666
2.0;0.30434782608695654;0.4227642276422764;0.4117646813392639;0.7
4.25;0.6;0.9166666666666666;0.7692307829856873;0.8181818181818182
5.0;0.6363636363636364;0.9239130434782609;0.800000011920929;0.7777777777777778
3.4;0.5454545454545454;0.7941888619854721;0.739130437374115;0.7058823529411765
2.65;0.11764705882352941;0.3157894736842105;0.1818181872367859;0.2222222222222222
3.9;0.6666666666666666;0.8288288288288288;0.800000011920929;0.8888888888888888
5.0;0.6363636363636364;0.8461538461538461;0.800000011920929;0.875
4.7;0.7857142857142857;0.8454545454545455;0.8799999952316284;1.0
1.75;0.058823529411764705;0.17500000000000004;0.1111111044883728;0.125
3.0;0.32;0.45378151260504207;0.39024388790130615;0.5333333333333333
3.0;0.5294117647058824;0.6536964980544747;0.6666666269302368;1.0
3.65;0.45454545454545453;0.7272727272727273;0.625;0.6666666666666666
2.25;0.2222222222222222;0.38743455497382195;0.3636363744735718;0.36363636363636365
3.25;0.3684210526315789;0.5892116182572614;0.5384615659713745;0.5833333333333334
3.0;0.5671641791044776;0.7421790722761596;0.7460317611694336;0.9743589743589743
3.7;0.4666666666666667;0.7027027027027026;0.6363636255264282;0.6363636363636364
2.0;0.375;0.48275862068965514;0.5384615659713745;0.5454545454545454
3.7;0.8125;0.9337979094076655;0.9142857193946838;1.0
3.45;0.6;0.736842105263158;0.75;0.8823529411764706
3.25;0.5652173913043478;0.7482993197278911;0.7346938848495483;0.8666666666666667
3.0;0.5;0.5837837837837838;0.5925925970077515;0.7272727272727273
4.0;0.8333333333333334;0.96;0.9473684430122375;1.0
3.25;0.15789473684210525;0.37606837606837606;0.307692289352417;0.2727272727272727
2.75;0.16666666666666666;0.3943661971830986;0.3478260636329651;0.375
2.25;0.2222222222222222;0.42533936651583715;0.3199999928474426;0.4444444444444444
1.75;0.125;0.2716049382716049;0.21052628755569458;0.25
2.0;0.15873015873015872;0.3790613718411552;0.24691355228424072;0.30303030303030304
0.0;0.0;0.01273885350318471;0.0;0.0
2.0;0.2222222222222222;0.3457943925233645;0.3333333134651184;0.5
3.0;0.3333333333333333;0.49411764705882355;0.4848484992980957;0.5333333333333333
1.25;0.16666666666666666;0.2978723404255319;0.2857142686843872;0.3333333333333333
0.0;0.0;0.11578947368421055;0.0;0.0
3.4;0.6363636363636364;0.7727272727272727;0.7755101919174194;0.9333333333333333
3.0;0.2;0.375;0.3333333134651184;0.4
1.25;0.20689655172413793;0.2857142857142857;0.3333333134651184;0.46153846153846156
3.65;0.7692307692307693;0.9032258064516129;0.8695652484893799;0.9090909090909091
3.7;0.6363636363636364;0.8108108108108107;0.761904776096344;0.7777777777777778
2.0;0.1;0.3529411764705882;0.1818181872367859;0.18181818181818182
0.0;0.058823529411764705;0.1548387096774193;0.1111111044883728;0.1111111111111111
4.75;0.8;0.9289617486338798;0.8999999761581421;0.8888888888888888
4.5;0.7368421052631579;0.8501742160278746;0.920634925365448;1.0
3.0;0.375;0.577086280056577;0.5306122303009033;0.6
3.0;0.47619047619047616;0.6433566433566433;0.6666666269302368;0.8333333333333334
2.9;0.9;0.9230769230769231;0.9473684430122375;1.0
4.0;0.46153846153846156;0.7127659574468085;0.6000000238418579;0.75
5.0;0.8;0.9523809523809523;0.8888888955116272;0.9230769230769231
3.7;0.5238095238095238;0.5934065934065934;0.550000011920929;0.7333333333333333
4.25;0.6666666666666666;0.9115646258503401;0.8181818127632141;0.8888888888888888
3.95;0.6;0.6698113207547169;0.7407407760620117;0.8181818181818182
3.75;0.84;0.8745762711864407;0.8979591727256775;0.9130434782608695
2.5;0.38461538461538464;0.5232558139534884;0.5263158082962036;0.625
3.0;0.46153846153846156;0.6630136986301369;0.585365891456604;0.6666666666666666
5.0;0.6666666666666666;0.8629441624365483;0.8181818127632141;0.8888888888888888
3.5;0.42857142857142855;0.7262569832402235;0.6000000238418579;0.6666666666666666
4.15;0.36363636363636365;0.5401459854014599;0.5333333015441895;0.5714285714285714
1.5;0.15789473684210525;0.23529411764705888;0.27272725105285645;0.3
3.4;0.75;0.8149466192170819;0.8500000238418579;0.9166666666666666
3.0;0.4642857142857143;0.5544554455445545;0.5909091234207153;0.65
2.0;0.25;0.5174129353233831;0.3870967626571655;0.46153846153846156
3.15;0.4117647058823529;0.6046511627906976;0.5600000023841858;0.7
4.4;0.9;0.9270833333333334;0.9473684430122375;1.0
2.25;0.25;0.5405405405405406;0.3888888955116272;0.4
2.9;0.3076923076923077;0.49142857142857144;0.5;0.8
2.75;0.56;0.6043478260869566;0.615384578704834;0.9333333333333333
1.75;0.2;0.3516483516483516;0.31578946113586426;0.375
2.0;0.1875;0.36760124610591904;0.3255813717842102;0.4
4.4;0.5;0.797752808988764;0.6666666269302368;0.75
3.0;0.7333333333333333;0.75;0.7586206793785095;1.0
5.0;0.5;0.6847826086956521;0.6428571343421936;0.6666666666666666
3.25;0.47368421052631576;0.6862745098039216;0.6428571343421936;0.6923076923076923
3.5;0.36363636363636365;0.5931758530183727;0.5333333015441895;0.631578947368421
2.9;0.5;0.7692307692307692;0.7111110687255859;0.7647058823529411
2.75;0.6060606060606061;0.7027863777089783;0.6944444179534912;1.0
3.65;0.5833333333333334;0.754653130287648;0.7294117212295532;0.8
3.4;0.6923076923076923;0.8555555555555556;0.8474576473236084;0.8181818181818182
3.25;0.6428571428571429;0.7527272727272727;0.761904776096344;0.9473684210526315
0.5;0.05;0.18085106382978722;0.0952380895614624;0.14285714285714285
4.5;0.7777777777777778;0.8670520231213873;0.875;0.875
4.25;0.6666666666666666;0.7980535279805353;0.7906976938247681;0.8421052631578947
2.75;0.5;0.5773195876288659;0.5882352590560913;0.7142857142857143
3.8;0.7647058823529411;0.8301886792452831;0.7878787517547607;0.8666666666666667
3.25;0.2222222222222222;0.4916201117318436;0.3636363744735718;0.36363636363636365
3.0;0.4107142857142857;0.5990338164251208;0.5783132314682007;0.6571428571428571
3.65;0.6888888888888889;0.8512110726643598;0.7951807379722595;0.8378378378378378
4.9;0.7777777777777778;0.9028571428571428;0.875;0.875
0.0;0.058823529411764705;0.19736842105263153;0.10526317358016968;0.125
3.25;0.5909090909090909;0.7648902821316614;0.7804877758026123;0.7647058823529411
3.45;0.5454545454545454;0.5595238095238095;0.6315789222717285;0.75
4.75;0.6666666666666666;0.7978723404255319;0.800000011920929;0.8
3.4;0.4117647058823529;0.5971563981042654;0.5833333730697632;0.6363636363636364
3.25;0.8571428571428571;0.9128787878787878;0.9152542352676392;0.9473684210526315
3.25;0.5185185185185185;0.6721311475409837;0.6785714626312256;0.8235294117647058
3.25;0.23529411764705882;0.37755102040816324;0.3809523582458496;0.4444444444444444
1.0;0.11764705882352941;0.20238095238095233;0.19999998807907104;0.2222222222222222
0.0;0.045454545454545456;0.20571428571428574;0.08695650100708008;0.09090909090909091
3.0;0.6363636363636364;0.7687687687687688;0.7804877758026123;0.8235294117647058
3.0;0.4067796610169492;0.5882352941176471;0.5617977380752563;0.75
3.25;0.5714285714285714;0.7123287671232876;0.75;0.8
4.85;0.8;0.8314606741573034;0.8888888955116272;0.8888888888888888
3.0;0.8333333333333334;0.881578947368421;0.8461538553237915;1.0
2.25;0.15384615384615385;0.41975308641975306;0.2666666507720947;0.2857142857142857
2.75;0.4;0.5240641711229946;0.5714285373687744;0.6153846153846154
4.0;0.8695652173913043;0.9320754716981132;0.931034505367279;0.9523809523809523
1.0;0.09523809523809523;0.2890173410404624;0.17391306161880493;0.18181818181818182
1.5;0.3181818181818182;0.4105960264900662;0.46666663885116577;0.5
3.0;0.5217391304347826;0.7135678391959799;0.6511628031730652;0.7058823529411765
2.4;0.3125;0.4880382775119617;0.476190447807312;0.625
3.0;0.375;0.5533141210374639;0.5416666269302368;0.8
1.5;0.07142857142857142;0.2210526315789474;0.1904761791229248;0.14285714285714285
3.0;0.6666666666666666;0.757847533632287;0.7450979948043823;0.8235294117647058
2.5;0.5;0.6370370370370371;0.6470588445663452;0.9090909090909091
5.0;1.0;0.9166666666666666;1.0;1.0
3.25;0.8;0.8235294117647058;0.8421052694320679;1.0
4.9;0.3;0.45378151260504207;0.4615384340286255;0.5
4.35;0.8695652173913043;0.9260450160771704;0.9302325248718262;1.0
3.0;0.5;0.65625;0.6315789222717285;0.6666666666666666
3.25;0.5;0.6036866359447004;0.6122449040412903;0.8571428571428571
3.25;0.5172413793103449;0.6549295774647887;0.634920597076416;0.75
4.25;0.7777777777777778;0.8670520231213873;0.875;0.875
3.25;0.52;0.6794055201698515;0.6415094137191772;0.7647058823529411
3.95;0.6363636363636364;0.8108108108108107;0.7777777910232544;0.7777777777777778
1.65;0.21052631578947367;0.33526011560693647;0.3333333134651184;0.36363636363636365
3.0;0.36585365853658536;0.5048543689320388;0.508474588394165;0.8333333333333334
3.45;0.5;0.617283950617284;0.6666666269302368;0.7142857142857143
2.0;0.125;0.34375;0.2222222089767456;0.2222222222222222
3.5;0.6071428571428571;0.7116104868913857;0.739130437374115;0.8947368421052632
2.75;0.7333333333333333;0.9056603773584906;0.8461538553237915;0.9166666666666666
4.25;0.8181818181818182;0.8888888888888888;0.8999999761581421;1.0
2.5;0.391304347826087;0.6027397260273972;0.5945945978164673;0.8181818181818182
2.75;0.5625;0.5846153846153845;0.625;1.0
3.0;0.6086956521739131;0.6928746928746929;0.6363636255264282;0.8235294117647058
3.0;0.5;0.7455621301775148;0.6666666269302368;0.8571428571428571
2.75;0.5384615384615384;0.7053941908713692;0.6363636255264282;0.875
3.9;0.8235294117647058;0.9098039215686274;0.9032257795333862;0.9333333333333333
3.25;0.5294117647058824;0.6513409961685823;0.6428571343421936;0.75
3.9;0.6428571428571429;0.7612208258527828;0.7301586866378784;0.8571428571428571
3.0;0.3793103448275862;0.5316455696202531;0.5227272510528564;0.6470588235294118
1.0;0.3125;0.46327683615819204;0.45454543828964233;0.5
3.0;0.39285714285714285;0.6482758620689655;0.604651153087616;0.5789473684210527
3.25;0.4;0.6225165562913908;0.4848484992980957;0.8
1.5;0.2631578947368421;0.4455445544554455;0.3333333134651184;0.45454545454545453
3.9;0.9;0.9386792452830188;0.9508196711540222;1.0
1.75;0.34782608695652173;0.6293103448275862;0.5;0.5333333333333333
3.0;0.5;0.6813880126182965;0.6470588445663452;0.8333333333333334
3.0;0.42105263157894735;0.6774193548387097;0.5925925970077515;0.8888888888888888
4.25;0.9444444444444444;0.9711286089238845;0.9767441749572754;1.0
2.0;0.06666666666666667;0.15873015873015872;0.125;0.125
3.9;0.058823529411764705;0.3550295857988166;0.19999998807907104;0.125
4.75;0.8823529411764706;0.927007299270073;0.9411764740943909;1.0
3.25;0.5714285714285714;0.8038277511961722;0.7272727489471436;0.8888888888888888
3.5;0.14285714285714285;0.4054054054054054;0.25;0.25
3.75;0.8;0.88;0.8421052694320679;1.0
3.75;0.64;0.8265107212475633;0.8214285373687744;0.8421052631578947
3.4;0.5263157894736842;0.7526881720430108;0.7428570985794067;0.9090909090909091
3.15;0.45;0.6051660516605166;0.6000000238418579;0.6923076923076923
3.4;0.14285714285714285;0.26;0.24000000953674316;0.25
3.0;0.5;0.6210526315789473;0.6086956262588501;0.7
1.0;0.14285714285714285;0.38427947598253276;0.25;0.2727272727272727
3.5;0.47368421052631576;0.5976095617529881;0.6551724076271057;0.6923076923076923
3.25;0.5;0.6866666666666666;0.6666666269302368;0.8461538461538461
2.0;0.3333333333333333;0.4277456647398844;0.5;0.5454545454545454
2.5;0.32608695652173914;0.5756929637526653;0.4848484992980957;0.5555555555555556
2.9;0.5;0.7823529411764706;0.6976743936538696;0.8
1.75;0.3333333333333333;0.5146198830409356;0.5;0.5
2.9;0.09375;0.2816901408450704;0.1666666865348816;0.17647058823529413
3.25;0.5263157894736842;0.6986301369863014;0.6666666269302368;0.7692307692307693
4.5;0.6;0.8553459119496856;0.75;0.75
3.8;0.6190476190476191;0.7841726618705036;0.800000011920929;0.8125
4.5;0.7857142857142857;0.8747731397459165;0.875;0.9166666666666666
3.7;0.5789473684210527;0.6929133858267716;0.75;0.9166666666666666
3.0;0.41935483870967744;0.5800604229607251;0.5957446694374084;1.0
3.85;0.7142857142857143;0.8166666666666667;0.8461538553237915;1.0
0.5;0.1111111111111111;0.2807017543859649;0.19999998807907104;0.2222222222222222
4.2;0.9375;0.8810289389067524;0.8823529481887817;1.0
4.4;0.6666666666666666;0.7777777777777778;0.800000011920929;0.8571428571428571
2.5;0.44;0.6633165829145728;0.6315789222717285;0.6470588235294118
4.25;0.5333333333333333;0.7075471698113207;0.695652186870575;0.8
3.25;0.7222222222222222;0.8397790055248618;0.8648648858070374;0.9285714285714286
3.0;0.32;0.5458015267175573;0.4935064911842346;0.6153846153846154
5.0;0.8;0.8923076923076922;0.8888888955116272;1.0
4.0;0.9285714285714286;0.9203539823008849;0.9090908765792847;0.9629629629629629
4.0;0.6842105263157895;0.7616580310880829;0.7441860437393188;0.8125
0.0;0.0;0.09411764705882353;0.0;0.0
3.75;0.2608695652173913;0.5304659498207885;0.3999999761581421;0.42857142857142855
4.75;0.8333333333333334;0.9383886255924171;0.9090908765792847;0.9090909090909091
3.65;0.7083333333333334;0.7866666666666666;0.8292682766914368;0.9444444444444444
2.75;0.125;0.42162162162162165;0.2222222089767456;0.2727272727272727
4.2;0.7142857142857143;0.8554913294797688;0.8333333134651184;0.8333333333333334
2.5;0.34782608695652173;0.5768421052631578;0.5151515007019043;0.64
2.5;0.6428571428571429;0.7321428571428572;0.782608687877655;0.8181818181818182
3.25;0.6923076923076923;0.8768971332209106;0.8787878751754761;0.9
2.0;0.20833333333333334;0.32835820895522383;0.3448275923728943;0.5
4.35;0.6923076923076923;0.8461538461538461;0.8181818127632141;0.9
4.0;0.6764705882352942;0.8018018018018018;0.800000011920929;0.8846153846153846
0.0;0.043478260869565216;0.10731707317073169;0.07999998331069946;0.125
3.25;0.2916666666666667;0.5550660792951542;0.5;0.5833333333333334
4.2;0.9;0.9361702127659575;0.9523809552192688;1.0
0.0;0.09523809523809523;0.1954022988505747;0.1600000262260437;0.18181818181818182
3.85;0.5909090909090909;0.7604790419161677;0.7804877758026123;0.8666666666666667
2.75;0.06666666666666667;0.27210884353741494;0.125;0.16666666666666666
3.0;0.36538461538461536;0.5709090909090909;0.5263158082962036;0.6785714285714286
3.25;0.6086956521739131;0.7972665148063781;0.7083333730697632;0.875
3.25;0.6666666666666666;0.673992673992674;0.6451612710952759;0.8333333333333334
2.5;0.28;0.4516129032258065;0.39436620473861694;0.4827586206896552
3.65;0.6;0.8148148148148149;0.75;0.8571428571428571
4.4;0.7857142857142857;0.839622641509434;0.8888888955116272;0.9166666666666666
4.0;0.10526315789473684;0.375;0.1904761791229248;0.2222222222222222
4.2;0.8333333333333334;0.9158878504672897;0.9090908765792847;1.0
4.4;0.5;0.7052631578947368;0.6666666269302368;0.6666666666666666
3.9;0.7894736842105263;0.7891891891891891;0.8095238208770752;1.0
4.9;0.7692307692307693;0.8900523560209423;0.8695652484893799;0.9090909090909091
4.5;0.7931034482758621;0.8883826879271071;0.8928571343421936;0.92
4.25;0.8181818181818182;0.8497409326424871;0.8695652484893799;1.0
2.5;0.5384615384615384;0.78125;0.7857142686843872;0.7777777777777778
4.5;0.8181818181818182;0.8516746411483254;0.8571428656578064;1.0
4.35;0.9047619047619048;0.9289617486338798;0.949999988079071;1.0
3.25;0.7727272727272727;0.8866396761133604;0.8888888955116272;1.0
1.0;0.25;0.3666666666666667;0.38461536169052124;0.4166666666666667
2.5;0.1875;0.38754325259515576;0.292682945728302;0.3333333333333333
3.4;0.2692307692307692;0.4347826086956522;0.39024388790130615;0.6363636363636364
2.9;0.6666666666666666;0.882943143812709;0.8333333134651184;0.9230769230769231
4.05;0.7333333333333333;0.9217391304347826;0.8461538553237915;0.8461538461538461
3.45;0.5294117647058824;0.648936170212766;0.6666666269302368;0.75
0.0;0.1111111111111111;0.33149171270718236;0.1904761791229248;0.2
3.0;0.46875;0.5730337078651686;0.5769230723381042;0.7142857142857143
3.0;0.38461538461538464;0.5317460317460317;0.5555555820465088;1.0
3.25;0.6923076923076923;0.7942583732057417;0.8181818127632141;1.0
3.25;0.47619047619047616;0.6388888888888888;0.625;1.0
3.0;0.6086956521739131;0.7736263736263737;0.7419354915618896;1.0
4.9;0.7;0.8888888888888888;0.8235294222831726;0.875
3.0;0.65;0.8380952380952381;0.8205128312110901;0.8125
0.75;0.041666666666666664;0.12222222222222223;0.07999998331069946;0.08333333333333333
3.4;0.6774193548387096;0.8;0.7636363506317139;0.9130434782608695
2.5;0.6363636363636364;0.8188976377952756;0.7647058963775635;0.7777777777777778
2.75;0.325;0.5170068027210885;0.47272729873657227;0.65
3.95;0.7777777777777778;0.8780487804878049;0.8823529481887817;1.0
3.8;0.7647058823529411;0.8438538205980066;0.8484848737716675;1.0
3.8;0.8529411764705882;0.9295774647887324;0.9117646813392639;1.0
3.5;0.4;0.6411483253588517;0.5714285373687744;0.6153846153846154
3.0;0.4782608695652174;0.6626865671641791;0.6000000238418579;0.7857142857142857
2.75;0.42857142857142855;0.6137566137566137;0.6000000238418579;0.6666666666666666
3.25;0.3157894736842105;0.46875;0.4615384340286255;0.6
3.45;0.8;0.8861788617886179;0.8965517282485962;0.9230769230769231
3.25;0.6122448979591837;0.7562189054726368;0.7272727489471436;0.8823529411764706
3.75;0.5294117647058824;0.8043478260869565;0.6666666269302368;0.6923076923076923
3.25;0.6129032258064516;0.7751479289940828;0.7631579041481018;0.95
2.5;0.2222222222222222;0.3345454545454546;0.3636363744735718;0.38095238095238093
3.8;0.75;0.8130841121495327;0.8695652484893799;0.9
3.0;0.6428571428571429;0.7866666666666666;0.7647058963775635;0.8181818181818182
3.0;0.4;0.5656565656565656;0.52173912525177;0.6666666666666666
3.0;0.16666666666666666;0.29441624365482233;0.27272725105285645;0.3333333333333333
2.5;0.4117647058823529;0.5210084033613445;0.6206896305084229;0.7
0.0;0.0;0.04395604395604391;0.0;0.0
3.25;0.7111111111111111;0.8229166666666666;0.8192771077156067;0.8648648648648649
2.9;0.30434782608695654;0.4075829383886256;0.46666663885116577;0.5833333333333334
0.0;0.1;0.17218543046357615;0.17391306161880493;0.18181818181818182
3.45;0.5714285714285714;0.7684729064039408;0.7200000286102295;0.8888888888888888
3.5;0.7222222222222222;0.8235294117647058;0.8387097120285034;1.0
1.5;0.15;0.2885572139303483;0.24000000953674316;0.3333333333333333
2.25;0.25;0.4945454545454545;0.3999999761581421;0.4375
4.9;0.7;0.8505747126436781;0.8235294222831726;0.875
3.25;0.6;0.7837837837837838;0.75;0.9
4.25;0.8;0.9305555555555556;0.8999999761581421;0.8888888888888888
2.9;0.058823529411764705;0.26490066225165565;0.1111111044883728;0.125
0.5;0.18181818181818182;0.3738317757009346;0.307692289352417;0.3333333333333333
2.25;0.38461538461538464;0.5988023952095809;0.5555555820465088;0.5555555555555556
4.5;0.5;0.63;0.6666666269302368;0.6666666666666666
4.25;0.7272727272727273;0.8439306358381503;0.8421052694320679;0.8888888888888888
4.9;0.7;0.9318181818181819;0.8235294222831726;0.875
3.25;0.9824561403508771;0.9246813441483198;0.9242424368858337;1.0
4.5;0.3888888888888889;0.7336244541484715;0.5384615659713745;0.6363636363636364
3.45;0.2;0.34632034632034636;0.3333333134651184;0.3333333333333333
2.75;0.3;0.5010351966873706;0.43478262424468994;0.5555555555555556
3.75;0.5882352941176471;0.6887052341597797;0.688524603843689;0.8333333333333334
4.2;0.6;0.7017543859649122;0.75;0.9
4.2;0.7272727272727273;0.7058823529411764;0.761904776096344;1.0
1.5;0.1875;0.460431654676259;0.31578946113586426;0.3333333333333333
1.0;0.5625;0.6584362139917695;0.6428571343421936;0.75
3.25;0.4117647058823529;0.5882352941176471;0.5833333730697632;0.875
3.5;0.8181818181818182;0.9065155807365439;0.8780487775802612;0.9473684210526315
3.45;0.55;0.703448275862069;0.6875;0.7857142857142857
3.0;0.4864864864864865;0.6699751861042184;0.6315789222717285;0.9
2.75;0.06666666666666667;0.19999999999999996;0.11764705181121826;0.125
3.0;0.1875;0.27586206896551724;0.31578946113586426;0.3333333333333333
1.0;0.06896551724137931;0.17272727272727273;0.12903225421905518;0.16666666666666666
3.0;0.43478260869565216;0.5857142857142856;0.5945945978164673;0.6666666666666666
2.9;0.8181818181818182;0.8497854077253219;0.8780487775802612;1.0
4.15;0.6923076923076923;0.8586387434554974;0.8181818127632141;0.8181818181818182
3.25;0.45;0.6873065015479876;0.6285713911056519;0.6428571428571429
4.4;0.8064516129032258;0.8983451536643026;0.9032257795333862;0.9615384615384616
3.7;0.5;0.63;0.625;0.6923076923076923
4.35;0.8936170212765957;0.9062049062049062;0.9263157844543457;0.9545454545454546
3.25;0.8;0.8714285714285714;0.8571428656578064;0.9090909090909091
3.4;0.5;0.6703910614525139;0.6896551847457886;0.7777777777777778
3.75;0.36363636363636365;0.4724409448818898;0.5;0.5714285714285714
2.75;0.52;0.6934306569343065;0.6842105388641357;0.8666666666666667
3.0;0.7142857142857143;0.7746478873239436;0.8064516186714172;1.0
3.75;0.0625;0.3497267759562842;0.1111111044883728;0.125
2.75;0.1111111111111111;0.3522388059701492;0.21621620655059814;0.2727272727272727
3.25;0.4;0.6311111111111112;0.6086956262588501;0.8571428571428571
3.75;0.14285714285714285;0.3312101910828026;0.23529410362243652;0.3333333333333333
4.25;0.7142857142857143;0.8214285714285714;0.8333333134651184;0.9090909090909091
2.95;0.19047619047619047;0.39669421487603307;0.30188679695129395;0.42105263157894735
0.0;0.05263157894736842;0.20858895705521474;0.10000002384185791;0.1111111111111111
2.75;0.3;0.5504587155963303;0.4615384340286255;0.5454545454545454
2.5;0.4166666666666667;0.6098360655737705;0.6000000238418579;0.9090909090909091
4.9;0.7894736842105263;0.8429752066115702;0.8823529481887817;0.9375
3.5;0.25;0.5434782608695652;0.3809523582458496;0.4
0.5;0.07142857142857142;0.2043795620437956;0.125;0.14285714285714285
3.4;0.4666666666666667;0.5221238938053097;0.5600000023841858;0.6363636363636364
1.75;0.18181818181818182;0.3839285714285714;0.2857142686843872;0.4
2.5;0.4166666666666667;0.6127167630057804;0.5555555820465088;0.625
2.25;0.2826086956521739;0.5419664268585132;0.4590163826942444;0.52
2.5;0.2857142857142857;0.47058823529411764;0.4444444179534912;0.4444444444444444
3.5;0.46153846153846156;0.7;0.6315789222717285;0.6666666666666666
1.5;0.16666666666666666;0.28415300546448086;0.2857142686843872;0.3
3.75;0.42857142857142855;0.5863874345549738;0.5454545021057129;0.6666666666666666
3.0;0.4791666666666667;0.6450450450450451;0.6399999856948853;0.8518518518518519
3.45;0.8;0.9375;0.8888888955116272;1.0
5.0;0.8;0.9392712550607287;0.8965517282485962;0.9230769230769231
1.0;0.21052631578947367;0.3707865168539326;0.3199999928474426;0.36363636363636365
4.9;0.6666666666666666;0.864321608040201;0.8181818127632141;0.8888888888888888
3.25;0.42105263157894735;0.6615384615384615;0.5925925970077515;0.6666666666666666
3.25;0.6666666666666666;0.8088531187122736;0.7719298601150513;0.9565217391304348
3.4;0.7692307692307693;0.8673469387755102;0.8695652484893799;1.0
3.25;0.40350877192982454;0.622792937399679;0.5617977380752563;0.5897435897435898
4.0;1.0;0.0;1.0;1.0
3.25;0.56;0.7157464212678937;0.6909090876579285;0.7777777777777778
3.9;0.8;0.836424957841484;0.8358209133148193;0.9523809523809523
3.75;0.7619047619047619;0.8778054862842892;0.8695652484893799;0.9411764705882353
3.9;0.6666666666666666;0.8140161725067385;0.8260869383811951;0.8888888888888888
3.7;0.5238095238095238;0.7218045112781954;0.6666666269302368;0.6875
4.25;0.8571428571428571;0.9230769230769231;0.9333333373069763;1.0
4.0;0.2;0.42384105960264906;0.3333333134651184;0.375
4.25;0.5454545454545454;0.6888888888888889;0.7058823108673096;0.75
2.25;0.20833333333333334;0.3015075376884422;0.3125;0.4166666666666667
3.0;0.6190476190476191;0.7038123167155426;0.6666666269302368;0.9285714285714286
0.0;0.0;0.047244094488189003;0.0;0.0
3.45;0.3076923076923077;0.4713375796178344;0.47058820724487305;0.5714285714285714
3.45;0.42857142857142855;0.7161572052401747;0.6363636255264282;0.6666666666666666
3.25;0.47058823529411764;0.6355932203389831;0.6399999856948853;0.7272727272727273
0.0;0.125;0.29931972789115646;0.27272725105285645;0.3333333333333333
4.15;0.6538461538461539;0.7955801104972375;0.800000011920929;0.8095238095238095
5.0;0.7727272727272727;0.915702479338843;0.8604651093482971;0.8717948717948718
3.9;0.6785714285714286;0.8040540540540541;0.8059701323509216;0.9047619047619048
3.25;0.6521739130434783;0.8034188034188035;0.7843137383460999;0.9375
1.45;0.06666666666666667;0.16352201257861632;0.11764705181121826;0.125
3.4;0.52;0.6815642458100559;0.6499999761581421;0.7222222222222222
3.25;0.6153846153846154;0.7123287671232876;0.6875;1.0
0.0;0.0;0.06369426751592355;0.0;0.0
1.25;0.10526315789473684;0.3373493975903614;0.1904761791229248;0.2
4.3;0.8888888888888888;0.9347826086956522;0.9523809552192688;1.0
3.7;0.6470588235294118;0.8111111111111111;0.7857142686843872;0.8461538461538461
3.25;0.5333333333333333;0.7876106194690266;0.7200000286102295;0.8888888888888888
3.95;0.5384615384615384;0.6545454545454545;0.6399999856948853;0.875
3.0;0.44;0.5879265091863517;0.5365853309631348;0.7333333333333333
5.0;0.5;0.7976190476190477;0.6363636255264282;0.7
3.0;0.4576271186440678;0.7006507592190889;0.6599999666213989;0.8709677419354839
3.4;0.5;0.680672268907563;0.6428571343421936;1.0
4.35;0.6;0.8476190476190476;0.7407407760620117;0.9
3.0;0.56;0.6279863481228669;0.699999988079071;0.875
3.0;0.3125;0.5382165605095541;0.45454543828964233;0.5263157894736842
3.0;0.18518518518518517;0.3826086956521739;0.3125;0.45454545454545453
3.0;0.4;0.5378151260504201;0.5714285373687744;0.6153846153846154
3.25;0.22727272727272727;0.46766169154228854;0.4516128897666931;0.4166666666666667
3.0;0.42857142857142855;0.5657894736842105;0.6000000238418579;0.8571428571428571
2.5;0.3076923076923077;0.5874125874125874;0.47058820724487305;0.6153846153846154
3.0;0.5833333333333334;0.7130434782608696;0.6792452931404114;0.8235294117647058
0.0;0.041666666666666664;0.1658536585365854;0.07999998331069946;0.08333333333333333
4.0;0.3181818181818182;0.5905511811023623;0.48275864124298096;0.5384615384615384
3.9;0.47058823529411764;0.64;0.6399999856948853;0.8
4.5;0.8461538461538461;0.8761904761904762;0.8888888955116272;1.0
3.4;0.3333333333333333;0.5310734463276836;0.5;0.625
4.25;0.8888888888888888;0.9146341463414634;0.9411764740943909;1.0
3.45;0.75;0.8142292490118577;0.8571428656578064;0.8823529411764706
4.0;0.6190476190476191;0.6863270777479893;0.6499999761581421;0.7647058823529411
4.4;0.625;0.8458149779735683;0.7692307829856873;0.8333333333333334
4.4;0.7692307692307693;0.8715596330275229;0.8799999952316284;0.9090909090909091
3.25;0.6428571428571429;0.6726457399103138;0.7200000286102295;1.0
3.0;0.6;0.7394957983193278;0.7272727489471436;1.0
2.5;0.3333333333333333;0.5121951219512195;0.5;0.5454545454545454
3.45;0.625;0.7173913043478262;0.7407407760620117;0.8333333333333334
2.75;0.2857142857142857;0.5113636363636364;0.4285714030265808;0.5
4.9;0.825;0.8987566607460036;0.8974359035491943;0.9428571428571428
4.0;0.2982456140350877;0.47686832740213525;0.42500001192092896;0.4722222222222222
4.9;0.9230769230769231;0.9381443298969072;0.9599999785423279;1.0
3.9;0.7777777777777778;0.875;0.8947368264198303;0.9333333333333333
4.9;0.6666666666666666;0.8823529411764706;0.7142857313156128;0.8888888888888888
3.9;0.5625;0.6721991701244814;0.692307710647583;0.75
1.75;0.3333333333333333;0.4982456140350877;0.5;0.8
4.0;0.6666666666666666;0.729064039408867;0.800000011920929;0.8888888888888888
5.0;0.6363636363636364;0.8205128205128205;0.7777777910232544;0.875
4.25;0.5333333333333333;0.7108433734939759;0.695652186870575;0.8
3.4;0.6842105263157895;0.8435754189944134;0.8292682766914368;0.9285714285714286
3.25;0.2;0.48235294117647054;0.3333333134651184;0.375
3.0;0.25925925925925924;0.4732824427480916;0.3835616707801819;0.4827586206896552
2.75;0.24;0.44635193133047213;0.3870967626571655;0.4
2.5;0.21428571428571427;0.27544910179640714;0.31578946113586426;0.375
3.25;0.9523809523809523;0.8728179551122195;0.8799999952316284;1.0
2.5;0.3684210526315789;0.5432525951557093;0.5301204919815063;0.5833333333333334
0.0;0.07142857142857142;0.2943396226415095;0.13333332538604736;0.15384615384615385
3.25;0.6923076923076923;0.8041237113402062;0.8571428656578064;1.0
4.25;0.7;0.8786127167630058;0.8235294222831726;0.875
3.75;0.75;0.8529411764705882;0.8571428656578064;1.0
3.9;0.5833333333333334;0.783068783068783;0.7368420958518982;0.7777777777777778
4.5;0.9285714285714286;0.8661417322834646;0.8965517282485962;1.0
3.4;0.6428571428571429;0.7752442996742671;0.7647058963775635;1.0
4.25;0.6;0.7818181818181819;0.75;0.8181818181818182
0.0;0.09090909090909091;0.3090909090909091;0.2222222089767456;0.2
4.25;0.75;0.8727272727272728;0.8333333134651184;0.9
2.9;0.2916666666666667;0.5103092783505154;0.5116279125213623;0.875
1.75;0.07407407407407407;0.2417582417582418;0.13793104887008667;0.15384615384615385
2.75;0.2631578947368421;0.3839285714285714;0.3999999761581421;0.5
4.75;0.7692307692307693;0.8699551569506727;0.8695652484893799;0.9090909090909091
3.9;0.5238095238095238;0.668693009118541;0.6470588445663452;0.7333333333333333
3.5;0.6086956521739131;0.793002915451895;0.7906976938247681;0.7777777777777778
3.45;0.45454545454545453;0.617737003058104;0.5555555820465088;0.6666666666666666
3.75;0.35294117647058826;0.7641509433962264;0.52173912525177;0.6666666666666666
4.75;0.35294117647058826;0.6127659574468085;0.5600000023841858;0.6
4.25;0.7272727272727273;0.8397790055248618;0.8571428656578064;1.0
3.25;0.6785714285714286;0.771689497716895;0.7547169923782349;1.0
3.9;0.8387096774193549;0.8949522510231923;0.891566276550293;0.9629629629629629
4.2;0.25;0.4295302013422819;0.3999999761581421;0.4
4.25;0.7777777777777778;0.8604651162790697;0.875;0.875
3.4;0.42857142857142855;0.6029411764705883;0.5882352590560913;0.8181818181818182
2.75;0.3333333333333333;0.5306122448979591;0.45454543828964233;0.625
2.0;0.4;0.515625;0.529411792755127;0.6666666666666666
1.65;0.047619047619047616;0.16753926701570676;0.09090906381607056;0.1111111111111111
2.75;0.2545454545454545;0.4486692015209125;0.3947368264198303;0.56
3.5;0.625;0.7627118644067796;0.7692307829856873;0.7692307692307693
3.0;0.375;0.5496535796766744;0.5;1.0
3.9;0.5;0.7759562841530054;0.6666666269302368;0.75
3.25;0.782608695652174;0.8099173553719008;0.8571428656578064;0.9473684210526315
4.0;1.0;0.9333333333333333;1.0;1.0
3.9;0.6086956521739131;0.72;0.6938775777816772;0.8235294117647058
3.95;0.5625;0.7480314960629921;0.7586206793785095;1.0
2.75;0.5789473684210527;0.6474820143884892;0.6666666269302368;1.0
3.0;0.5454545454545454;0.6492753623188405;0.6551724076271057;0.9473684210526315
2.5;0.2777777777777778;0.3850267379679144;0.3999999761581421;0.45454545454545453
3.0;0.5294117647058824;0.689922480620155;0.6666666269302368;0.9
2.5;0.25;0.4078091106290672;0.37142854928970337;0.9230769230769231
2.75;0.4230769230769231;0.654275092936803;0.5945945978164673;0.6470588235294118
2.75;0.1111111111111111;0.2441860465116279;0.19999998807907104;0.2857142857142857
4.5;0.8461538461538461;0.9042553191489362;0.9166666865348816;1.0
3.9;0.7777777777777778;0.8375;0.875;0.875
3.4;0.45454545454545453;0.6627906976744187;0.5555555820465088;0.625
4.0;0.6923076923076923;0.8444444444444444;0.8181818127632141;0.8181818181818182
4.85;0.896551724137931;0.9393346379647749;0.9375;1.0
0.0;0.0625;0.2043795620437956;0.11764705181121826;0.14285714285714285
4.9;0.8888888888888888;0.9417989417989419;0.9411764740943909;1.0
3.5;0.3333333333333333;0.6127167630057804;0.5;0.5454545454545454
3.25;0.4;0.5818181818181818;0.5517241358757019;0.6153846153846154
1.25;0.0625;0.2545454545454545;0.1111111044883728;0.125
3.15;0.47619047619047616;0.6597222222222222;0.6666666269302368;0.9090909090909091
