Human;universal-sentence-encoder-4;universal-sentence-encoder-4
3.5;0.89719902910808;0.89719902910808
2.5;0.8195480527294773;0.8195480527294773
3.45;0.7624761286583835;0.7624761286583835
4.0;0.8956354847896019;0.8956354847896019
3.0;0.4244706221963647;0.4244706221963647
2.0;0.5295781911989154;0.5295781911989154
2.5;0.763099748808837;0.763099748808837
3.0;0.7883446601400679;0.7883446601400679
0.0;-0.028837882268818085;-0.028837882268818085
2.5;0.5420783115370406;0.5420783115370406
3.0;0.851694554852546;0.851694554852546
0.5;0.3225928021416196;0.3225928021416196
3.0;0.6540424222875327;0.6540424222875327
4.1;0.8341400855202298;0.8341400855202298
3.5;0.7590463705093609;0.7590463705093609
4.0;0.9401155924119053;0.9401155924119053
2.5;0.650610833375837;0.650610833375837
4.0;0.9523518686372062;0.9523518686372062
4.0;0.8995905176784116;0.8995905176784116
4.1;0.7491244990299359;0.7491244990299359
4.0;0.8072205684327154;0.8072205684327154
3.0;0.836589559083336;0.836589559083336
4.0;0.7638668600254384;0.7638668600254384
3.0;0.8687199225456349;0.8687199225456349
4.5;0.963089829748175;0.963089829748175
3.5;0.8862734956118552;0.8862734956118552
3.5;0.30563979627264165;0.30563979627264165
3.0;0.8815016883894091;0.8815016883894091
3.5;0.940624997910874;0.940624997910874
4.0;0.9853185448130676;0.9853185448130676
4.0;0.9814645930928044;0.9814645930928044
4.0;0.9243522056362597;0.9243522056362597
3.0;0.7952846323022938;0.7952846323022938
2.5;0.8524565176093062;0.8524565176093062
2.5;0.5449931436984251;0.5449931436984251
3.0;0.8120148156953505;0.8120148156953505
0.0;0.10642925056370811;0.10642925056370811
4.25;0.7652918589868597;0.7652918589868597
3.0;0.6788735578708973;0.6788735578708973
3.0;0.6137944967931516;0.6137944967931516
4.0;0.7958155461827232;0.7958155461827232
0.0;0.05130856938570215;0.05130856938570215
3.5;0.5720757239813854;0.5720757239813854
1.0;0.33594248093300555;0.33594248093300555
0.0;0.12005134206609579;0.12005134206609579
1.5;0.4896699533193256;0.4896699533193256
3.6;0.6016888929762123;0.6016888929762123
3.0;0.9009048626867054;0.9009048626867054
3.0;0.8609790334233958;0.8609790334233958
5.0;0.9064745459427452;0.9064745459427452
3.5;0.5666672619207815;0.5666672619207815
0.0;0.27854628796666164;0.27854628796666164
4.0;0.6241472500345893;0.6241472500345893
4.5;0.9487632002196664;0.9487632002196664
3.0;0.8095438676065905;0.8095438676065905
3.5;0.8861734948243466;0.8861734948243466
4.0;0.9417283400645022;0.9417283400645022
3.0;0.9118789301479193;0.9118789301479193
3.0;0.7536003086670565;0.7536003086670565
3.5;0.852386013421377;0.852386013421377
2.5;0.6567909276094586;0.6567909276094586
3.5;0.8177308690245929;0.8177308690245929
3.5;0.6012364677096874;0.6012364677096874
3.0;0.9194161774829026;0.9194161774829026
4.5;0.6274184131218132;0.6274184131218132
2.5;0.427623518772881;0.427623518772881
3.5;0.4516326315621512;0.4516326315621512
3.0;0.7020904052521655;0.7020904052521655
2.5;0.8512637571028304;0.8512637571028304
4.0;0.7741751756389729;0.7741751756389729
3.5;0.729855811085773;0.729855811085773
3.5;0.4825749776110774;0.4825749776110774
3.0;0.8167417045303466;0.8167417045303466
2.5;0.9145229061075172;0.9145229061075172
4.0;0.7343630239610347;0.7343630239610347
3.5;0.742028599427062;0.742028599427062
2.5;0.6257456021150122;0.6257456021150122
2.5;0.8666591003617449;0.8666591003617449
5.0;0.9432350581460062;0.9432350581460062
4.25;0.7495642009090662;0.7495642009090662
2.5;0.6146428003607544;0.6146428003607544
2.95;0.8704746000337484;0.8704746000337484
3.0;0.8570827231516636;0.8570827231516636
3.45;0.9066645300887206;0.9066645300887206
2.5;0.8411869083870326;0.8411869083870326
0.5;0.5136337135577393;0.5136337135577393
4.5;0.511668230650482;0.511668230650482
2.0;0.4114352516692758;0.4114352516692758
2.0;0.5132933549423849;0.5132933549423849
3.5;0.9297588273499942;0.9297588273499942
3.5;0.8281113445273639;0.8281113445273639
4.0;0.8384697926443961;0.8384697926443961
3.5;0.8811104628412976;0.8811104628412976
4.0;0.8258124585025696;0.8258124585025696
2.5;0.6832516068335793;0.6832516068335793
3.0;0.7759164899854457;0.7759164899854457
3.0;0.6167014793081754;0.6167014793081754
3.0;0.49020422119599644;0.49020422119599644
1.0;0.3303192635100505;0.3303192635100505
2.0;0.70298426777728;0.70298426777728
2.0;0.4280898787335522;0.4280898787335522
4.5;0.9164575527277588;0.9164575527277588
4.0;0.08529149284990001;0.08529149284990001
3.0;0.862473988753534;0.862473988753534
3.0;0.8987513103263634;0.8987513103263634
4.15;0.8114844515358488;0.8114844515358488
2.5;0.6452289015231912;0.6452289015231912
3.5;0.7480806507815851;0.7480806507815851
4.0;0.4095065778399004;0.4095065778399004
5.0;0.8561851408035038;0.8561851408035038
4.8;0.9681412765654138;0.9681412765654138
0.0;0.06281450877520876;0.06281450877520876
4.6;0.8565327772621272;0.8565327772621272
3.0;0.8045732347610306;0.8045732347610306
2.7;0.6047169414056766;0.6047169414056766
3.6;0.9358212378555515;0.9358212378555515
3.75;0.9496589765375172;0.9496589765375172
3.65;0.6064362719596665;0.6064362719596665
0.0;0.5904808544364694;0.5904808544364694
3.0;0.42891797814192534;0.42891797814192534
4.75;0.875900232837613;0.875900232837613
3.6;0.9686284958541564;0.9686284958541564
3.5;0.8633883249723353;0.8633883249723353
2.75;0.6836354135580519;0.6836354135580519
5.0;0.8223593055726949;0.8223593055726949
4.0;0.784677598446608;0.784677598446608
3.0;0.8386626029635452;0.8386626029635452
3.5;0.637499951355971;0.637499951355971
3.35;0.5273536481580137;0.5273536481580137
3.2;0.8222023792385366;0.8222023792385366
3.6;0.7136504689011909;0.7136504689011909
3.75;0.8838676739480953;0.8838676739480953
4.0;0.9246823522473481;0.9246823522473481
3.75;0.8602594658031081;0.8602594658031081
3.5;0.7884466030615663;0.7884466030615663
3.5;0.862725441583747;0.862725441583747
4.25;0.9377632090902052;0.9377632090902052
0.0;0.16385502730264564;0.16385502730264564
3.5;0.8683898839189803;0.8683898839189803
2.75;0.5667070588984124;0.5667070588984124
5.0;0.9613113531759298;0.9613113531759298
3.75;0.8766080480052064;0.8766080480052064
3.45;0.8145810803652167;0.8145810803652167
3.0;0.9374734277030232;0.9374734277030232
2.25;0.48842625814875;0.48842625814875
3.25;0.5432904998419976;0.5432904998419976
4.2;0.8066100224519872;0.8066100224519872
4.25;0.9453220769871968;0.9453220769871968
4.4;0.9597997029591485;0.9597997029591485
2.5;0.7364401061097001;0.7364401061097001
1.75;0.5865464686612248;0.5865464686612248
3.5;0.8824188875382961;0.8824188875382961
3.5;0.7380676797844912;0.7380676797844912
5.0;0.9175385834679087;0.9175385834679087
3.95;0.8811260555978896;0.8811260555978896
3.5;0.6341726603778993;0.6341726603778993
3.25;0.36897242738485936;0.36897242738485936
4.5;0.6871917245852344;0.6871917245852344
0.0;0.5539707624162539;0.5539707624162539
3.1;0.8633315791103495;0.8633315791103495
3.5;0.902757501990348;0.902757501990348
4.25;0.9491771351475253;0.9491771351475253
2.75;0.2656209248395149;0.2656209248395149
3.5;0.7571712851280208;0.7571712851280208
4.5;0.9189759067348184;0.9189759067348184
3.5;0.8869202316817669;0.8869202316817669
2.9;0.6396439347418561;0.6396439347418561
3.0;0.7692142963871453;0.7692142963871453
3.0;0.9098630544221326;0.9098630544221326
3.0;0.5702973403112527;0.5702973403112527
4.0;0.2767635154792737;0.2767635154792737
0.0;0.15444053402336388;0.15444053402336388
3.75;0.8829093909518725;0.8829093909518725
3.0;0.9498999415153507;0.9498999415153507
2.5;0.8039942560234948;0.8039942560234948
3.5;0.8708010030726648;0.8708010030726648
4.0;0.7546678793378611;0.7546678793378611
4.5;0.783964931106073;0.783964931106073
3.5;0.7530649206967921;0.7530649206967921
2.5;0.5411868618092911;0.5411868618092911
3.75;0.897612648340796;0.897612648340796
3.5;0.6643541581083116;0.6643541581083116
3.0;0.8478437865383465;0.8478437865383465
3.9;0.6031211408242672;0.6031211408242672
3.25;0.6355176929734401;0.6355176929734401
3.75;0.9598527469179885;0.9598527469179885
3.4;0.6667611152762095;0.6667611152762095
4.75;0.9392560183743794;0.9392560183743794
3.5;0.7423304721210983;0.7423304721210983
3.75;0.3384378503223269;0.3384378503223269
3.25;0.7151812714070959;0.7151812714070959
0.5;0.23378972184887375;0.23378972184887375
0.5;0.4609071633384512;0.4609071633384512
3.75;0.7180628458596716;0.7180628458596716
3.25;0.7638668600254384;0.7638668600254384
2.5;0.6113260687672699;0.6113260687672699
4.95;0.8764905566152752;0.8764905566152752
0.0;0.1102598616391052;0.1102598616391052
3.4;0.8839957355340653;0.8839957355340653
3.0;0.8232576085136464;0.8232576085136464
3.5;0.6513726173641256;0.6513726173641256
4.25;0.6918172841448543;0.6918172841448543
3.0;0.9611286314039236;0.9611286314039236
3.9;0.9134959935288414;0.9134959935288414
3.25;0.5377474552447693;0.5377474552447693
3.0;0.39443605930360454;0.39443605930360454
3.5;0.8395253524683212;0.8395253524683212
3.25;0.656431539645924;0.656431539645924
4.45;0.011418794745855646;0.011418794745855646
1.5;0.520013163841709;0.520013163841709
3.0;0.6393499770782827;0.6393499770782827
3.25;0.8809104251298417;0.8809104251298417
3.9;0.8760712180251156;0.8760712180251156
2.9;0.6190010855678666;0.6190010855678666
2.0;0.4580979965142644;0.4580979965142644
3.75;0.7447464522304637;0.7447464522304637
3.0;0.8923225227073058;0.8923225227073058
3.0;0.7118562033994114;0.7118562033994114
1.5;0.42510507283584326;0.42510507283584326
2.4;0.7358952345925545;0.7358952345925545
3.0;0.77234131766743;0.77234131766743
0.0;0.08913658962531235;0.08913658962531235
3.5;0.8067749387450369;0.8067749387450369
3.5;0.9423448418649032;0.9423448418649032
3.75;0.8576336625284908;0.8576336625284908
4.9;0.9688467893002201;0.9688467893002201
1.25;0.20883130607287193;0.20883130607287193
3.0;0.8751113099834822;0.8751113099834822
3.75;0.4721680698326798;0.4721680698326798
2.0;0.46774639793252376;0.46774639793252376
3.0;0.8403301122506528;0.8403301122506528
3.0;0.43744635776907637;0.43744635776907637
2.1;0.5073512329022496;0.5073512329022496
3.0;0.3990855310758099;0.3990855310758099
1.5;0.512303278671421;0.512303278671421
4.75;0.8441459657065424;0.8441459657065424
3.6;0.6193237194060127;0.6193237194060127
3.0;0.6450306515221671;0.6450306515221671
3.25;0.333352761286236;0.333352761286236
3.0;0.683587935327429;0.683587935327429
1.5;0.5262648391589942;0.5262648391589942
0.0;0.27779302638972914;0.27779302638972914
3.9;0.9266706432300353;0.9266706432300353
4.45;0.8624860790874356;0.8624860790874356
0.0;0.06794998256945743;0.06794998256945743
3.0;0.6307938730770998;0.6307938730770998
3.6;0.6631527396969068;0.6631527396969068
3.5;0.7731732319325553;0.7731732319325553
3.45;0.9685482036982973;0.9685482036982973
3.0;0.8031970326301974;0.8031970326301974
3.0;0.7799249552181002;0.7799249552181002
3.5;0.9440544905977594;0.9440544905977594
4.2;0.9863814877965819;0.9863814877965819
3.25;0.6184266843628584;0.6184266843628584
2.0;0.6568222413579389;0.6568222413579389
0.0;0.2732768243462259;0.2732768243462259
4.25;0.7748992128969033;0.7748992128969033
4.25;0.6725255888174637;0.6725255888174637
3.0;0.8752261256679348;0.8752261256679348
1.5;0.5307848229824238;0.5307848229824238
4.25;0.841227564062447;0.841227564062447
3.5;0.6730917902247905;0.6730917902247905
3.75;0.7157468294904599;0.7157468294904599
3.75;0.8279402518963725;0.8279402518963725
3.75;0.8937392790360041;0.8937392790360041
3.5;0.7488468382796254;0.7488468382796254
4.25;0.9163135957076665;0.9163135957076665
3.0;0.8570032975691145;0.8570032975691145
3.5;0.6508082991835779;0.6508082991835779
3.35;0.714289206686411;0.714289206686411
3.25;0.5740416671253266;0.5740416671253266
4.4;0.9040843495786534;0.9040843495786534
5.0;0.9593762662032613;0.9593762662032613
4.4;0.8458352909631536;0.8458352909631536
0.0;0.4095421527397087;0.4095421527397087
3.5;0.8654593135172848;0.8654593135172848
3.9;0.870160026364878;0.870160026364878
5.0;0.8545878562881505;0.8545878562881505
0.0;0.19122077539629392;0.19122077539629392
3.0;0.8105317173208718;0.8105317173208718
3.0;0.8483401372991917;0.8483401372991917
4.25;0.8571438183413567;0.8571438183413567
0.0;0.34808332733327185;0.34808332733327185
3.5;0.8291324666048157;0.8291324666048157
3.1;0.46054106673239836;0.46054106673239836
3.0;0.8185714463556597;0.8185714463556597
3.0;0.7542876492413668;0.7542876492413668
3.0;0.8877720784975248;0.8877720784975248
3.75;0.8938992380363397;0.8938992380363397
0.5;0.5186711703112504;0.5186711703112504
2.5;0.7192051187593541;0.7192051187593541
3.0;0.8081392068408522;0.8081392068408522
3.75;0.6313308322202135;0.6313308322202135
3.5;0.9205455673194886;0.9205455673194886
3.9;0.8405964159320306;0.8405964159320306
2.75;0.7993559973632849;0.7993559973632849
3.0;0.8876684358831053;0.8876684358831053
4.4;0.8643863463061797;0.8643863463061797
2.0;0.7016527411968689;0.7016527411968689
3.5;0.9152167907290071;0.9152167907290071
3.4;0.584614287234007;0.584614287234007
4.95;0.8736779690000027;0.8736779690000027
3.75;0.8219353823050871;0.8219353823050871
0.0;0.3634211813111333;0.3634211813111333
3.75;0.834821261335908;0.834821261335908
2.9;0.23723779879497578;0.23723779879497578
4.75;0.4969174969634115;0.4969174969634115
4.9;0.8853577656965929;0.8853577656965929
4.25;0.94451591125472;0.94451591125472
3.9;0.9296925278081392;0.9296925278081392
1.95;0.7455391448721493;0.7455391448721493
3.75;0.9508120176702896;0.9508120176702896
4.25;0.04456067456129653;0.04456067456129653
3.0;0.8254369843171009;0.8254369843171009
2.25;0.8273896156492726;0.8273896156492726
2.5;0.462019013604418;0.462019013604418
3.0;0.7938397280383406;0.7938397280383406
3.25;0.7132991282942858;0.7132991282942858
4.0;0.7884201023032527;0.7884201023032527
4.75;0.7478316424853385;0.7478316424853385
3.0;0.8521655279523074;0.8521655279523074
3.4;0.7779090702724857;0.7779090702724857
3.4;0.6935997784854367;0.6935997784854367
0.5;0.49554576730769107;0.49554576730769107
1.9;0.6597541695564322;0.6597541695564322
4.5;0.9896687445825885;0.9896687445825885
3.2;0.8417425016859493;0.8417425016859493
3.25;0.9228020934460802;0.9228020934460802
3.25;0.7906238917374796;0.7906238917374796
3.25;0.8918564194568115;0.8918564194568115
3.0;0.7440210776482843;0.7440210776482843
3.45;0.6745707629427492;0.6745707629427492
3.7;0.9143960174592162;0.9143960174592162
3.5;0.8328075268831625;0.8328075268831625
2.75;0.6977674130703162;0.6977674130703162
3.1;0.7581042684896682;0.7581042684896682
3.4;0.8813372765868019;0.8813372765868019
3.25;0.23322109806029354;0.23322109806029354
3.35;0.6495356687513917;0.6495356687513917
4.9;0.9179323515780528;0.9179323515780528
3.5;0.740006162916799;0.740006162916799
4.65;0.9632676324132323;0.9632676324132323
4.75;0.6963405742999496;0.6963405742999496
4.7;0.984749695339014;0.984749695339014
3.5;0.7595868068881311;0.7595868068881311
3.25;0.8422382449975021;0.8422382449975021
1.5;0.4577534345960257;0.4577534345960257
4.2;0.5584341150297663;0.5584341150297663
5.0;0.9416116383099623;0.9416116383099623
3.0;0.5422436638357944;0.5422436638357944
3.0;0.7777828172545024;0.7777828172545024
5.0;0.9714955310449582;0.9714955310449582
0.0;0.5195102072741656;0.5195102072741656
3.5;0.7212310532490946;0.7212310532490946
3.75;0.7783494058866374;0.7783494058866374
4.5;0.7534781450153495;0.7534781450153495
3.7;0.8608457797845299;0.8608457797845299
3.25;0.6199632049314945;0.6199632049314945
4.25;0.8945948387427468;0.8945948387427468
2.0;0.42595371665150555;0.42595371665150555
4.0;0.8713551039021182;0.8713551039021182
3.75;0.8865855901364007;0.8865855901364007
3.5;0.9273149407842616;0.9273149407842616
3.0;0.6915307149425621;0.6915307149425621
4.95;0.8139406198749041;0.8139406198749041
4.0;0.8130399742310355;0.8130399742310355
4.0;0.8016506533501319;0.8016506533501319
4.9;0.9291327431161132;0.9291327431161132
4.9;0.9422636761644959;0.9422636761644959
3.7;0.9446535487574881;0.9446535487574881
4.0;0.5881809542990329;0.5881809542990329
3.25;0.6298804809150944;0.6298804809150944
3.0;0.9172483940350539;0.9172483940350539
2.25;0.5920642650476023;0.5920642650476023
3.0;0.8881205944517583;0.8881205944517583
4.0;0.648915699622067;0.648915699622067
3.4;0.589906138545617;0.589906138545617
2.9;0.4596413145104472;0.4596413145104472
3.25;0.7816639075727713;0.7816639075727713
2.5;0.5088907944112765;0.5088907944112765
3.7;0.8993673295712064;0.8993673295712064
3.25;0.9550641384437019;0.9550641384437019
0.5;0.3180112934041543;0.3180112934041543
2.75;0.6934321615735013;0.6934321615735013
4.0;0.6846840535903127;0.6846840535903127
1.75;0.5505133103984703;0.5505133103984703
4.0;0.9128188913353298;0.9128188913353298
3.45;0.556300275619819;0.556300275619819
3.4;0.9100251938674055;0.9100251938674055
3.0;0.7132326085437992;0.7132326085437992
4.25;0.9160398296738101;0.9160398296738101
3.0;0.8096191048965121;0.8096191048965121
3.0;0.6872965772590842;0.6872965772590842
3.5;0.6117904945302388;0.6117904945302388
3.25;0.8608027687819404;0.8608027687819404
3.45;0.7808361602875163;0.7808361602875163
4.6;0.7617480781808404;0.7617480781808404
4.25;0.7137342241882982;0.7137342241882982
1.5;0.5051237434546333;0.5051237434546333
2.5;0.3061329833747503;0.3061329833747503
4.75;0.8713540408340796;0.8713540408340796
4.4;0.8460575483543308;0.8460575483543308
0.0;0.4633089333854369;0.4633089333854369
3.25;0.552738092519699;0.552738092519699
0.5;0.48241679997418047;0.48241679997418047
3.4;0.9244682035534803;0.9244682035534803
3.25;0.9509556661916791;0.9509556661916791
3.25;0.8677070117348499;0.8677070117348499
3.0;0.3726190625747773;0.3726190625747773
3.25;0.7490410143814429;0.7490410143814429
1.5;0.42586109208315787;0.42586109208315787
3.2;0.7358925856667219;0.7358925856667219
0.0;0.20608685435592455;0.20608685435592455
3.0;0.5590321697561665;0.5590321697561665
3.4;0.5374913233260072;0.5374913233260072
3.25;0.6077413970251081;0.6077413970251081
3.5;0.6979051453987297;0.6979051453987297
1.5;0.35864557151877086;0.35864557151877086
3.0;0.7562591381753817;0.7562591381753817
4.9;0.827160348414257;0.827160348414257
3.45;0.7457115016971526;0.7457115016971526
4.25;0.7299749281876454;0.7299749281876454
4.5;0.9708077916422138;0.9708077916422138
3.0;0.7095613999060729;0.7095613999060729
3.5;0.14445879616586446;0.14445879616586446
2.25;0.3517330542810874;0.3517330542810874
4.25;0.44138214861926156;0.44138214861926156
3.4;0.8720859536770083;0.8720859536770083
3.75;0.9809826762996671;0.9809826762996671
4.25;0.9405325109047407;0.9405325109047407
3.25;0.9374839972949505;0.9374839972949505
3.25;0.47527025416361507;0.47527025416361507
3.65;0.8803566791318578;0.8803566791318578
2.75;0.4895295952384915;0.4895295952384915
1.5;0.25670169273075216;0.25670169273075216
3.0;0.7517018440901757;0.7517018440901757
4.25;0.33413315457505255;0.33413315457505255
3.5;0.4399846247734067;0.4399846247734067
3.0;0.6061820986351736;0.6061820986351736
2.0;0.6731551539260207;0.6731551539260207
2.5;0.07185526324167212;0.07185526324167212
0.0;0.15968623988424488;0.15968623988424488
0.0;0.4196338150341191;0.4196338150341191
4.0;0.904630350131431;0.904630350131431
3.35;0.8339636201990465;0.8339636201990465
4.25;0.7276482757470553;0.7276482757470553
4.25;0.8054578408931201;0.8054578408931201
3.45;0.8645316030994197;0.8645316030994197
4.25;0.8835747937954057;0.8835747937954057
3.0;0.9407654388516822;0.9407654388516822
3.45;0.600544384324868;0.600544384324868
0.0;0.23330633404688012;0.23330633404688012
4.2;0.6956259757488835;0.6956259757488835
0.0;0.38767704576578327;0.38767704576578327
3.0;0.6799106028130645;0.6799106028130645
4.75;0.8926607281441128;0.8926607281441128
3.25;0.8143837645728461;0.8143837645728461
3.25;0.9497601764847372;0.9497601764847372
3.65;0.9242134138507642;0.9242134138507642
3.5;0.9252508322647004;0.9252508322647004
3.0;0.8252685597574391;0.8252685597574391
3.25;0.827122073343596;0.827122073343596
3.0;0.4872550698394534;0.4872550698394534
3.4;0.8636034009272955;0.8636034009272955
3.25;0.6016515405750043;0.6016515405750043
4.25;0.9661542427275993;0.9661542427275993
3.4;0.9015664891964885;0.9015664891964885
3.0;0.8677124767382028;0.8677124767382028
4.75;0.9421295739726588;0.9421295739726588
5.0;0.9667813346222195;0.9667813346222195
4.5;0.8466819696971002;0.8466819696971002
3.0;0.6531070669183139;0.6531070669183139
4.2;0.6624269163294637;0.6624269163294637
3.25;0.7503510422238013;0.7503510422238013
4.25;0.8947460602366163;0.8947460602366163
0.5;0.28395956063122174;0.28395956063122174
3.95;0.887491902836916;0.887491902836916
3.95;0.9486044985403829;0.9486044985403829
1.75;0.378535821655482;0.378535821655482
3.95;0.7429110416810312;0.7429110416810312
4.25;0.931413192107094;0.931413192107094
3.25;0.7590666623264865;0.7590666623264865
4.2;0.6918077203596079;0.6918077203596079
2.95;0.6812901343876427;0.6812901343876427
3.0;0.5627163824638565;0.5627163824638565
3.25;0.7569207244876675;0.7569207244876675
0.0;0.34814017809267156;0.34814017809267156
4.9;0.9491180258732097;0.9491180258732097
2.9;0.7053095417839048;0.7053095417839048
2.0;0.37946438030675345;0.37946438030675345
1.75;0.8070082824898346;0.8070082824898346
3.65;0.9365951708442384;0.9365951708442384
2.5;0.3685699896088617;0.3685699896088617
0.0;0.2786509100902451;0.2786509100902451
3.0;0.78404297093575;0.78404297093575
5.0;0.8009050520183778;0.8009050520183778
2.25;0.6153401661803374;0.6153401661803374
2.5;0.8551880853992089;0.8551880853992089
3.0;0.7467746091399015;0.7467746091399015
2.5;0.5047671294740089;0.5047671294740089
4.5;0.8930235973137983;0.8930235973137983
3.45;0.688808635309293;0.688808635309293
4.2;0.8785309611381947;0.8785309611381947
3.95;0.8398187953500629;0.8398187953500629
4.4;0.9734039384983333;0.9734039384983333
4.15;0.8239184835896444;0.8239184835896444
3.25;0.866408329017745;0.866408329017745
0.5;0.3701421633853555;0.3701421633853555
4.15;0.9392569649885885;0.9392569649885885
3.25;0.3388060350938649;0.3388060350938649
3.4;0.8518128173665632;0.8518128173665632
2.75;0.6556787494983609;0.6556787494983609
4.85;0.7879863056598583;0.7879863056598583
1.0;0.2509059260209407;0.2509059260209407
4.25;0.8504043926437646;0.8504043926437646
1.25;0.3734394128096412;0.3734394128096412
2.75;0.4717991514079157;0.4717991514079157
3.15;0.8761373055829565;0.8761373055829565
5.0;0.9494027859033153;0.9494027859033153
0.0;0.2735241985341954;0.2735241985341954
3.4;0.8614611067136262;0.8614611067136262
2.75;0.7185177400626891;0.7185177400626891
3.2;0.7782984344533156;0.7782984344533156
5.0;0.931341694846287;0.931341694846287
3.5;0.7700079112164081;0.7700079112164081
3.0;0.4054963904639782;0.4054963904639782
3.15;0.863231936532989;0.863231936532989
4.25;0.934451714034418;0.934451714034418
2.7;0.7135229431011167;0.7135229431011167
4.75;0.9465330458293925;0.9465330458293925
3.5;0.35789045612413156;0.35789045612413156
0.0;0.05089993437134661;0.05089993437134661
4.0;0.7279179979916609;0.7279179979916609
3.25;0.9115113066830399;0.9115113066830399
4.75;0.9487775595459015;0.9487775595459015
0.5;0.24294344401998763;0.24294344401998763
3.5;0.847170906343588;0.847170906343588
3.25;0.7029421032962536;0.7029421032962536
2.25;0.5087077770304301;0.5087077770304301
4.2;0.9111074605327296;0.9111074605327296
3.75;0.6263543229460289;0.6263543229460289
3.7;0.8897165659442009;0.8897165659442009
3.25;0.9327709297735008;0.9327709297735008
3.45;0.6963685607089274;0.6963685607089274
4.9;0.9085590155308723;0.9085590155308723
4.75;0.9632762420633969;0.9632762420633969
4.9;0.8047452826528313;0.8047452826528313
0.5;0.507196993578854;0.507196993578854
4.25;0.9782911648011673;0.9782911648011673
3.75;0.916262095149788;0.916262095149788
3.45;0.9247177677792475;0.9247177677792475
3.95;0.75959542118702;0.75959542118702
2.95;0.4808301511914101;0.4808301511914101
4.0;0.8755881648226266;0.8755881648226266
3.25;0.8011771656577598;0.8011771656577598
0.0;0.3931044275715983;0.3931044275715983
3.25;0.3974777894770452;0.3974777894770452
0.0;0.3388667089083174;0.3388667089083174
2.75;0.558011860551456;0.558011860551456
4.25;0.7301619979605084;0.7301619979605084
3.85;0.972266346268114;0.972266346268114
3.5;0.6412889537100447;0.6412889537100447
3.25;0.872240557147988;0.872240557147988
3.55;0.8643276494553184;0.8643276494553184
3.25;0.7197492758160614;0.7197492758160614
3.25;0.7984515038469913;0.7984515038469913
4.0;0.9352232237639744;0.9352232237639744
3.4;0.8055386773763799;0.8055386773763799
0.0;0.19475428571354525;0.19475428571354525
3.5;0.6765828193268808;0.6765828193268808
1.0;0.437530933311138;0.437530933311138
3.45;0.8977738034392012;0.8977738034392012
0.0;0.3908437001575383;0.3908437001575383
3.25;0.8597894951071791;0.8597894951071791
5.0;0.8775173869906465;0.8775173869906465
3.25;0.8753721534001512;0.8753721534001512
3.4;0.8776023888987163;0.8776023888987163
4.25;0.7371975277281362;0.7371975277281362
3.45;0.7759537775842891;0.7759537775842891
4.25;0.7329931396313384;0.7329931396313384
4.0;0.5546504362334658;0.5546504362334658
3.0;0.6439338198096547;0.6439338198096547
0.5;0.3509493245531743;0.3509493245531743
3.75;0.7770674730218181;0.7770674730218181
3.25;0.8043213026320202;0.8043213026320202
3.5;0.8999383796679843;0.8999383796679843
5.0;0.9346454871010813;0.9346454871010813
3.75;0.82769873670045;0.82769873670045
2.5;0.6695651322651185;0.6695651322651185
1.0;0.5855554066111124;0.5855554066111124
3.0;0.9561696851230831;0.9561696851230831
3.25;0.7856852124799126;0.7856852124799126
0.0;0.37009090521607924;0.37009090521607924
3.65;0.927761680130761;0.927761680130761
4.4;0.8302918704137271;0.8302918704137271
3.25;0.7514670058599758;0.7514670058599758
4.45;0.8936190116237519;0.8936190116237519
3.4;0.6872411804829138;0.6872411804829138
0.0;0.29942020470891306;0.29942020470891306
3.0;0.9041486367857352;0.9041486367857352
1.25;0.42406794282811733;0.42406794282811733
4.0;0.9199574554459444;0.9199574554459444
4.15;0.8978181237251056;0.8978181237251056
3.5;0.6608439864455442;0.6608439864455442
2.75;0.7644651453718395;0.7644651453718395
4.75;0.7617840639839975;0.7617840639839975
5.0;0.9179259930927179;0.9179259930927179
3.7;0.9389441466512294;0.9389441466512294
0.0;0.21595001616260182;0.21595001616260182
4.4;0.798606263244148;0.798606263244148
3.2;0.38105813706841346;0.38105813706841346
3.25;0.6675944723311763;0.6675944723311763
4.85;0.7449324462326815;0.7449324462326815
2.5;0.6910269764877474;0.6910269764877474
2.0;0.47740595058635654;0.47740595058635654
4.25;0.9258722104099312;0.9258722104099312
5.0;0.9227123906359613;0.9227123906359613
3.4;0.8866355062613241;0.8866355062613241
2.65;0.4441298159288319;0.4441298159288319
3.9;0.8934927860974768;0.8934927860974768
5.0;-0.02560936260807378;-0.02560936260807378
4.7;0.8975997714407886;0.8975997714407886
1.75;0.40596679854920054;0.40596679854920054
3.0;0.47426496927526823;0.47426496927526823
3.0;0.8733235585405796;0.8733235585405796
3.65;0.8008539430025485;0.8008539430025485
2.25;0.3301125288728369;0.3301125288728369
3.25;0.6555532963942905;0.6555532963942905
3.0;0.8751965406722797;0.8751965406722797
3.7;0.6866170569625154;0.6866170569625154
2.0;0.6082564756280417;0.6082564756280417
3.7;0.9409680317595528;0.9409680317595528
3.45;0.7208613268075976;0.7208613268075976
3.25;0.8438038153246344;0.8438038153246344
3.0;0.7313865879535809;0.7313865879535809
4.0;0.9807630533310608;0.9807630533310608
3.25;0.5953421591116724;0.5953421591116724
2.75;0.465165183350242;0.465165183350242
2.25;0.3476499666055518;0.3476499666055518
1.75;0.4115169353007369;0.4115169353007369
2.0;0.636051836053218;0.636051836053218
0.0;0.18531110711190416;0.18531110711190416
2.0;0.5330195915762072;0.5330195915762072
3.0;0.7983300274506075;0.7983300274506075
1.25;0.4274335163834796;0.4274335163834796
0.0;0.09441580789523323;0.09441580789523323
3.4;0.8684058113400284;0.8684058113400284
3.0;0.30418324461009927;0.30418324461009927
1.25;0.5604865063334019;0.5604865063334019
3.65;0.8078720410475876;0.8078720410475876
3.7;0.9136138673243356;0.9136138673243356
2.0;0.34031791357673513;0.34031791357673513
0.0;0.15921008084424115;0.15921008084424115
4.75;0.9606975890377277;0.9606975890377277
4.5;0.9602711502971529;0.9602711502971529
3.0;0.8214958635187632;0.8214958635187632
3.0;0.7551735693120594;0.7551735693120594
2.9;0.931931359085;0.931931359085
4.0;0.6425557175751435;0.6425557175751435
5.0;0.9222435912296769;0.9222435912296769
3.7;0.7123711037473767;0.7123711037473767
4.25;0.8985333603764722;0.8985333603764722
3.95;0.8769899601952033;0.8769899601952033
3.75;0.9476523109957624;0.9476523109957624
2.5;0.5824729394475772;0.5824729394475772
3.0;0.49639381430101226;0.49639381430101226
5.0;0.06261190413017066;0.06261190413017066
3.5;0.8145825055615297;0.8145825055615297
4.15;0.4809209751408059;0.4809209751408059
1.5;0.23777885438942423;0.23777885438942423
3.4;0.94178635231438;0.94178635231438
3.0;0.6408749598406737;0.6408749598406737
2.0;0.7943475414222074;0.7943475414222074
3.15;0.6645430526845475;0.6645430526845475
4.4;0.9794310004830461;0.9794310004830461
2.25;0.5704761513604324;0.5704761513604324
2.9;0.7403101962195783;0.7403101962195783
2.75;0.874837603583982;0.874837603583982
1.75;0.42176189516947077;0.42176189516947077
2.0;0.7347024943555458;0.7347024943555458
4.4;0.8134756985249109;0.8134756985249109
3.0;0.842927419937472;0.842927419937472
5.0;0.833449421185872;0.833449421185872
3.25;0.8327819251812418;0.8327819251812418
3.5;0.6819382465826216;0.6819382465826216
2.9;0.7596740944885927;0.7596740944885927
2.75;0.8807639285017707;0.8807639285017707
3.65;0.8992483970120967;0.8992483970120967
3.4;0.9259508610052151;0.9259508610052151
3.25;0.9148899890790431;0.9148899890790431
0.5;0.2803966209966754;0.2803966209966754
4.5;0.8961723201578928;0.8961723201578928
4.25;0.812562035257836;0.812562035257836
2.75;0.6594364566116026;0.6594364566116026
3.8;0.885058001744993;0.885058001744993
3.25;0.765169644479622;0.765169644479622
3.0;0.6534715401893634;0.6534715401893634
3.65;0.9070265714723786;0.9070265714723786
4.9;0.9340965867943427;0.9340965867943427
0.0;0.15401051888899184;0.15401051888899184
3.25;0.8920164502165365;0.8920164502165365
3.45;0.6976175893182408;0.6976175893182408
4.75;0.764144540126457;0.764144540126457
3.4;0.6340391008160805;0.6340391008160805
3.25;0.9644407917716705;0.9644407917716705
3.25;0.870604809334592;0.870604809334592
3.25;0.36633359393212245;0.36633359393212245
1.0;0.4748938035998444;0.4748938035998444
0.0;0.4488205753656498;0.4488205753656498
3.0;0.871893465732509;0.871893465732509
3.0;0.7790016955907878;0.7790016955907878
3.25;0.7411769118085187;0.7411769118085187
4.85;0.8155993380991126;0.8155993380991126
3.0;0.9727903030404618;0.9727903030404618
2.25;0.36530575033116097;0.36530575033116097
2.75;0.7218781607069107;0.7218781607069107
4.0;0.9793317924625572;0.9793317924625572
1.0;0.3431173674746211;0.3431173674746211
1.5;0.6078191060102157;0.6078191060102157
3.0;0.8371415556676691;0.8371415556676691
2.4;0.6034844015843859;0.6034844015843859
3.0;0.7107371044560816;0.7107371044560816
1.5;0.6030629463538139;0.6030629463538139
3.0;0.8804857028917913;0.8804857028917913
2.5;0.7796077220132432;0.7796077220132432
5.0;0.9930586962190058;0.9930586962190058
3.25;0.9480747523727323;0.9480747523727323
4.9;0.6562598747651234;0.6562598747651234
4.35;0.9581358798119439;0.9581358798119439
3.0;0.6242043102563244;0.6242043102563244
3.25;0.8020555734494296;0.8020555734494296
3.25;0.7959214343635919;0.7959214343635919
4.25;0.8961723201578928;0.8961723201578928
3.25;0.8633641517324461;0.8633641517324461
3.95;0.8095914378490597;0.8095914378490597
1.65;0.689700872465742;0.689700872465742
3.0;0.6358437498460647;0.6358437498460647
3.45;0.7736365510965127;0.7736365510965127
2.0;0.4978734468857614;0.4978734468857614
3.5;0.8652324159556388;0.8652324159556388
2.75;0.8582688612086811;0.8582688612086811
4.25;0.8964024300314208;0.8964024300314208
2.5;0.7834527873163167;0.7834527873163167
2.75;0.6938842168542819;0.6938842168542819
3.0;0.7740834258734051;0.7740834258734051
3.0;0.625918854826422;0.625918854826422
2.75;0.75959542118702;0.75959542118702
3.9;0.9573365462956337;0.9573365462956337
3.25;0.6445819518381317;0.6445819518381317
3.9;0.8980208907078088;0.8980208907078088
3.0;0.7322089666417793;0.7322089666417793
1.0;0.521681889094814;0.521681889094814
3.0;0.7184395788549383;0.7184395788549383
3.25;0.6116198308857247;0.6116198308857247
1.5;0.6373762580587963;0.6373762580587963
3.9;0.9621397289766719;0.9621397289766719
1.75;0.7755764137403822;0.7755764137403822
3.0;0.7477456719396118;0.7477456719396118
3.0;0.557437181469523;0.557437181469523
4.25;0.9506190282998725;0.9506190282998725
2.0;0.31743292012727886;0.31743292012727886
3.9;0.6194092560311644;0.6194092560311644
4.75;0.9568735222616794;0.9568735222616794
3.25;0.9204317069736078;0.9204317069736078
3.5;0.38546130750062907;0.38546130750062907
3.75;0.9036110245766569;0.9036110245766569
3.75;0.8839001642043726;0.8839001642043726
3.4;0.8740380950367002;0.8740380950367002
3.15;0.6274053053426196;0.6274053053426196
3.4;0.5431940708880383;0.5431940708880383
3.0;0.7081872194058948;0.7081872194058948
1.0;0.35635878954527084;0.35635878954527084
3.5;0.8812664235767774;0.8812664235767774
3.25;0.7637732907834985;0.7637732907834985
2.0;0.5368238887326366;0.5368238887326366
2.5;0.7316908763555452;0.7316908763555452
2.9;0.8257156250638735;0.8257156250638735
1.75;0.4895260383600069;0.4895260383600069
2.9;0.5392336821323486;0.5392336821323486
3.25;0.6926443138998837;0.6926443138998837
4.5;0.7334257242851477;0.7334257242851477
3.8;0.8986463538489589;0.8986463538489589
4.5;0.9246698489307646;0.9246698489307646
3.7;0.7951061943932168;0.7951061943932168
3.0;0.7545985160532115;0.7545985160532115
3.85;0.9178031624640152;0.9178031624640152
0.5;0.2902479627961615;0.2902479627961615
4.2;0.9585669777949336;0.9585669777949336
4.4;0.8221402746013414;0.8221402746013414
2.5;0.7607871499773468;0.7607871499773468
4.25;0.7573101201489542;0.7573101201489542
3.25;0.8133487155355216;0.8133487155355216
3.0;0.7837920888712859;0.7837920888712859
5.0;0.8979880683511157;0.8979880683511157
4.0;0.9705307275348042;0.9705307275348042
4.0;0.8688253598007414;0.8688253598007414
0.0;0.11275510372149428;0.11275510372149428
3.75;0.5735043022004496;0.5735043022004496
4.75;0.9197058158430523;0.9197058158430523
3.65;0.822645283681112;0.822645283681112
2.75;0.7711131765096993;0.7711131765096993
4.2;0.8755541638531433;0.8755541638531433
2.5;0.6632901241542744;0.6632901241542744
2.5;0.6706854925709393;0.6706854925709393
3.25;0.9527658333249762;0.9527658333249762
2.0;0.4328969062395255;0.4328969062395255
4.35;0.9002904661449704;0.9002904661449704
4.0;0.9266692661222926;0.9266692661222926
0.0;0.1939813565574009;0.1939813565574009
3.25;0.8872179114384492;0.8872179114384492
4.2;0.8906672399165034;0.8906672399165034
0.0;0.3509517447016529;0.3509517447016529
3.85;0.9038181761611227;0.9038181761611227
2.75;0.3307871035021972;0.3307871035021972
3.0;0.7066765121147931;0.7066765121147931
3.25;0.8560092753565427;0.8560092753565427
3.25;0.6212917005071774;0.6212917005071774
2.5;0.6946694757537234;0.6946694757537234
3.65;0.7981653212596059;0.7981653212596059
4.4;0.9061034212412383;0.9061034212412383
4.0;0.6083904398586271;0.6083904398586271
4.2;0.9362694802603744;0.9362694802603744
4.4;0.6992987507058931;0.6992987507058931
3.9;0.9314223291073352;0.9314223291073352
4.9;0.9468592935212693;0.9468592935212693
4.5;0.9455578709636372;0.9455578709636372
4.25;0.89500263201366;0.89500263201366
2.5;0.7352865483574531;0.7352865483574531
4.5;0.8950826310915387;0.8950826310915387
4.35;0.9639967532885491;0.9639967532885491
3.25;0.9378756130929325;0.9378756130929325
1.0;0.48172809386318394;0.48172809386318394
2.5;0.5610413952174316;0.5610413952174316
3.4;0.6526941658315584;0.6526941658315584
2.9;0.9165684978260757;0.9165684978260757
4.05;0.9036208273718752;0.9036208273718752
3.45;0.7879802446861988;0.7879802446861988
0.0;0.36055406389470396;0.36055406389470396
3.0;0.574404938019975;0.574404938019975
3.0;0.7167148582314405;0.7167148582314405
3.25;0.687861989821058;0.687861989821058
3.25;0.5748592935355117;0.5748592935355117
3.0;0.95814156651862;0.95814156651862
4.9;0.9335424131992014;0.9335424131992014
3.0;0.9004089259842978;0.9004089259842978
0.75;0.4431310741073206;0.4431310741073206
3.4;0.9209339537891629;0.9209339537891629
2.5;0.8998845743321268;0.8998845743321268
2.75;0.5848678030224927;0.5848678030224927
3.95;0.9086939352555886;0.9086939352555886
3.8;0.9065595271481312;0.9065595271481312
3.8;0.9556996281369625;0.9556996281369625
3.5;0.8481650486980677;0.8481650486980677
3.0;0.6598905821794769;0.6598905821794769
2.75;0.5379220095027039;0.5379220095027039
3.25;0.5767156975641047;0.5767156975641047
3.45;0.9329128285721444;0.9329128285721444
3.25;0.909697378700294;0.909697378700294
3.75;0.9242241711053293;0.9242241711053293
3.25;0.8860194095006562;0.8860194095006562
2.5;0.6641679231990412;0.6641679231990412
3.8;0.8624860790874356;0.8624860790874356
3.0;0.9142915260157878;0.9142915260157878
3.0;0.7323683727540593;0.7323683727540593
3.0;0.485150958083734;0.485150958083734
2.5;0.759395186632561;0.759395186632561
0.0;0.1353187439667132;0.1353187439667132
3.25;0.9029649202667936;0.9029649202667936
2.9;0.6156927268069643;0.6156927268069643
0.0;0.35078639846603016;0.35078639846603016
3.45;0.8159204090002995;0.8159204090002995
3.5;0.8464474500445267;0.8464474500445267
1.5;0.3968225315478873;0.3968225315478873
2.25;0.6827163060473205;0.6827163060473205
4.9;0.8714471795402291;0.8714471795402291
3.25;0.8097157921363415;0.8097157921363415
4.25;0.9502489157630507;0.9502489157630507
2.9;0.5779411776172586;0.5779411776172586
0.5;0.4892866395532384;0.4892866395532384
2.25;0.5928475679399515;0.5928475679399515
4.5;0.6571755919902289;0.6571755919902289
4.25;0.7823256517573345;0.7823256517573345
4.9;0.8926607281441128;0.8926607281441128
3.25;0.9847892404499798;0.9847892404499798
4.5;0.8051171142034985;0.8051171142034985
3.45;0.38463704931030884;0.38463704931030884
2.75;0.5725961687556707;0.5725961687556707
3.75;0.8665832782971082;0.8665832782971082
4.2;0.7530677623563845;0.7530677623563845
4.2;0.8128810045062197;0.8128810045062197
1.5;0.43452203085428714;0.43452203085428714
1.0;0.542284793759245;0.542284793759245
3.25;0.5967028161165531;0.5967028161165531
3.5;0.9722458363611756;0.9722458363611756
3.45;0.7970109865953002;0.7970109865953002
3.0;0.6704644175399086;0.6704644175399086
2.75;0.4847018059022558;0.4847018059022558
3.0;0.33374758322637876;0.33374758322637876
1.0;0.43642464596311353;0.43642464596311353
3.0;0.7545208698240018;0.7545208698240018
2.9;0.9133614523216687;0.9133614523216687
4.15;0.9032859860444383;0.9032859860444383
3.25;0.7455927464208421;0.7455927464208421
4.4;0.9384136259133035;0.9384136259133035
3.7;0.7103312896468248;0.7103312896468248
4.35;0.966242286108167;0.966242286108167
3.25;0.9493754006253169;0.9493754006253169
3.4;0.9070624594043851;0.9070624594043851
3.75;0.6310185530203773;0.6310185530203773
2.75;0.5976556165517725;0.5976556165517725
3.0;0.9109185891595518;0.9109185891595518
3.75;0.4412561423740872;0.4412561423740872
2.75;0.6253917984947592;0.6253917984947592
3.25;0.754594974331426;0.754594974331426
3.75;0.48396684329617967;0.48396684329617967
4.25;0.8181801370003017;0.8181801370003017
2.95;0.639932639634996;0.639932639634996
0.0;0.41752332632816347;0.41752332632816347
2.75;0.7271816856200546;0.7271816856200546
2.5;0.7561940473244226;0.7561940473244226
4.9;0.9594740895264326;0.9594740895264326
3.5;0.6644914936790152;0.6644914936790152
0.5;0.41623819640251053;0.41623819640251053
3.4;0.5492077190916587;0.5492077190916587
1.75;0.6738860697264464;0.6738860697264464
2.5;0.6107340055578382;0.6107340055578382
2.25;0.7899208797179712;0.7899208797179712
2.5;0.5085276465962671;0.5085276465962671
3.5;0.703026096754253;0.703026096754253
1.5;0.363383340116295;0.363383340116295
3.75;0.7783494058866374;0.7783494058866374
3.0;0.6731200353845237;0.6731200353845237
3.45;0.7450703744457078;0.7450703744457078
5.0;0.9656506940500768;0.9656506940500768
1.0;0.6172761495934111;0.6172761495934111
4.9;0.8964856668882587;0.8964856668882587
3.25;0.6246337591122059;0.6246337591122059
3.25;0.8570827231516636;0.8570827231516636
3.4;0.9576151999205504;0.9576151999205504
3.25;0.8409526117897035;0.8409526117897035
4.0;0.8842492200041117;0.8842492200041117
3.25;0.8811300194960988;0.8811300194960988
3.9;0.9487308847875338;0.9487308847875338
3.75;0.8938043058089042;0.8938043058089042
3.9;0.9033485603999575;0.9033485603999575
3.7;0.7945041031289649;0.7945041031289649
4.25;0.9681231861343668;0.9681231861343668
4.0;0.581572697324055;0.581572697324055
4.25;0.04343287609809318;0.04343287609809318
2.25;0.5431768248927149;0.5431768248927149
3.0;0.6259541020224731;0.6259541020224731
0.0;0.1324996744498424;0.1324996744498424
3.45;0.4852542520568626;0.4852542520568626
3.45;0.8132901070996493;0.8132901070996493
3.25;0.606560427895365;0.606560427895365
0.0;0.44521444389239645;0.44521444389239645
4.15;0.9235503300153097;0.9235503300153097
5.0;0.9238585859154457;0.9238585859154457
3.9;0.9292529299713913;0.9292529299713913
3.25;0.904619570569474;0.904619570569474
1.45;0.5054010638060432;0.5054010638060432
3.4;0.5428161716487917;0.5428161716487917
3.25;0.8996596969032894;0.8996596969032894
0.0;0.16482082466574266;0.16482082466574266
1.25;0.4850863055671292;0.4850863055671292
4.3;0.9328246905075646;0.9328246905075646
3.7;0.7750738152462806;0.7750738152462806
3.25;0.7226502056144206;0.7226502056144206
3.95;0.8467011282631054;0.8467011282631054
3.0;0.6882078406585959;0.6882078406585959
5.0;0.8807641922913138;0.8807641922913138
3.0;0.828509738977915;0.828509738977915
3.4;0.7743430270401933;0.7743430270401933
4.35;0.8458513833961749;0.8458513833961749
3.0;0.8486028449478878;0.8486028449478878
3.0;0.7479964345203323;0.7479964345203323
3.0;0.573978118885857;0.573978118885857
3.0;0.690446473191488;0.690446473191488
3.25;0.6442907830973171;0.6442907830973171
3.0;0.7548314272539579;0.7548314272539579
2.5;0.6676871345329489;0.6676871345329489
3.0;0.8529394994844012;0.8529394994844012
0.0;0.2139577744894131;0.2139577744894131
4.0;0.5957915324417018;0.5957915324417018
3.9;0.76142363880239;0.76142363880239
4.5;0.9344978940612948;0.9344978940612948
3.4;0.4208500166129141;0.4208500166129141
4.25;0.7748382051005376;0.7748382051005376
3.45;0.8164262736923705;0.8164262736923705
4.0;0.7710755985662068;0.7710755985662068
4.4;0.920056552282544;0.920056552282544
4.4;0.8549882122396646;0.8549882122396646
3.25;0.6478105083921578;0.6478105083921578
3.0;0.8044011705604208;0.8044011705604208
2.5;0.814379042566647;0.814379042566647
3.45;0.8201345658693472;0.8201345658693472
2.75;0.49072801141080846;0.49072801141080846
4.9;0.9369148688531952;0.9369148688531952
4.0;0.63681296768132;0.63681296768132
4.9;0.9216244963399478;0.9216244963399478
3.9;0.9435749604115827;0.9435749604115827
4.9;0.9669219486643299;0.9669219486643299
3.9;0.7421749675501718;0.7421749675501718
1.75;0.8470239681636886;0.8470239681636886
4.0;0.7466637886145574;0.7466637886145574
5.0;0.9280757285211516;0.9280757285211516
4.25;0.7764061035553538;0.7764061035553538
3.4;0.8902837439760873;0.8902837439760873
3.25;0.3732245413379125;0.3732245413379125
3.0;0.8038870699420755;0.8038870699420755
2.75;0.6734472014241671;0.6734472014241671
2.5;0.4051492426095016;0.4051492426095016
3.25;0.9371703591312036;0.9371703591312036
2.5;0.7441898648563298;0.7441898648563298
0.0;0.3291432840591046;0.3291432840591046
3.25;0.9396579962041627;0.9396579962041627
4.25;0.85929160825952;0.85929160825952
3.75;0.7263950841032185;0.7263950841032185
3.9;0.8224753772043466;0.8224753772043466
4.5;0.9106179704233828;0.9106179704233828
3.4;0.8985417687563655;0.8985417687563655
4.25;0.8392954482570307;0.8392954482570307
0.0;0.4965581615788516;0.4965581615788516
4.25;0.8707003140902978;0.8707003140902978
2.9;0.6925354138865826;0.6925354138865826
1.75;0.14957031995594935;0.14957031995594935
2.75;0.5361677880635015;0.5361677880635015
4.75;0.8362852706143752;0.8362852706143752
3.9;0.724389209545687;0.724389209545687
3.5;0.887999061099526;0.887999061099526
3.45;0.6442275623833218;0.6442275623833218
3.75;0.697845932614536;0.697845932614536
4.75;0.6723090674991363;0.6723090674991363
4.25;0.9218219250765126;0.9218219250765126
3.25;0.8062546087667765;0.8062546087667765
3.9;0.9627984619035191;0.9627984619035191
4.2;0.4955382618388916;0.4955382618388916
4.25;1.0;1.0
3.4;0.8078807804913857;0.8078807804913857
2.75;0.5806973928928875;0.5806973928928875
2.0;0.7559258248077534;0.7559258248077534
1.65;0.3275325045311569;0.3275325045311569
2.75;0.7752530564474263;0.7752530564474263
3.5;0.8267214415482173;0.8267214415482173
3.0;0.6349076310951237;0.6349076310951237
3.9;0.7745888197021896;0.7745888197021896
3.25;0.9062751106172763;0.9062751106172763
4.0;0.9504426285361067;0.9504426285361067
3.9;0.7241319098686867;0.7241319098686867
3.95;0.8622767494158179;0.8622767494158179
2.75;0.664714775436054;0.664714775436054
3.0;0.871107172579381;0.871107172579381
2.5;0.6323977355982296;0.6323977355982296
3.0;0.7907075300829474;0.7907075300829474
2.5;0.600073300322348;0.600073300322348
2.75;0.8124577054804482;0.8124577054804482
2.75;0.44494406555881766;0.44494406555881766
4.5;0.8765903705825225;0.8765903705825225
3.9;0.7831981195061131;0.7831981195061131
3.4;0.7033944090242931;0.7033944090242931
4.0;0.8959878715891609;0.8959878715891609
4.85;0.909154002526501;0.909154002526501
0.0;0.31198202643907874;0.31198202643907874
4.9;0.9667518522402486;0.9667518522402486
3.5;0.7397264789942907;0.7397264789942907
3.25;0.6517330927954759;0.6517330927954759
1.25;0.19319464740141296;0.19319464740141296
3.15;0.8585632675692314;0.8585632675692314
