Human;BioWordVec_extrinsic Biosses2017;BioWordVec_extrinsic nltk2018;BioWordVec_extrinsic None;BioWordVec_intrinsic Biosses2017;BioWordVec_intrinsic nltk2018;BioWordVec_intrinsic None;bioc_skipgram_defaultchar Biosses2017;bioc_skipgram_defaultchar nltk2018;bioc_skipgram_defaultchar None;bioc_skipgram_Defaultchar200dim_8ene Biosses2017;bioc_skipgram_Defaultchar200dim_8ene nltk2018;bioc_skipgram_Defaultchar200dim_8ene None;bioc_skipgram_Nonechar200dim Biosses2017;bioc_skipgram_Nonechar200dim nltk2018;bioc_skipgram_Nonechar200dim None;stanford_skipgram_nonechar200dim Biosses2017;stanford_skipgram_nonechar200dim nltk2018;stanford_skipgram_nonechar200dim None;stanf_skipgram_defaultchar200dim Biosses2017;stanf_skipgram_defaultchar200dim nltk2018;stanf_skipgram_defaultchar200dim None;BioNLP2016_PubMed-shuffle-win-2 Biosses2017;BioNLP2016_PubMed-shuffle-win-2 nltk2018;BioNLP2016_PubMed-shuffle-win-2 None;BioNLP2016_PubMed-shuffle-win-30 Biosses2017;BioNLP2016_PubMed-shuffle-win-30 nltk2018;BioNLP2016_PubMed-shuffle-win-30 None
2.6666666666666665;0.8822033766170636;0.8954031133493661;0.9387723030691829;0.9231672886686403;0.9315822746298438;0.9606999681900108;0.9298689702574868;0.9360152871153123;0.9577890370087164;0.9346326789922452;0.9407089524636837;0.9629333466745846;0.9373414587596209;0.9438257970504678;0.9669193816736371;0.9331974686912858;0.9398370975377466;0.9626649632293023;0.9366445457927702;0.9427331602426254;0.9636166050209173;0.8394687365747938;0.8568614336124138;0.9092003594058898;0.8750292947836046;0.8852011342712097;0.9228882528182996
1.3333333333333333;0.8549457726553039;0.8753654178191341;0.9142507404910051;0.8963053633215562;0.9128578333535863;0.9434197674033149;0.887859631134959;0.9050089990561451;0.9386194659929025;0.8874659657839371;0.9053345735270132;0.9426725417986348;0.8940508316969441;0.9136155667491331;0.9494944158329505;0.8925892777053246;0.9119387266334462;0.9447601655913752;0.8952868932501608;0.9128249554378393;0.9472161623784543;0.7255139211347036;0.7675486810311711;0.8565864129224694;0.748628178824814;0.7849580027394374;0.8702809713988482
4.0;0.925976457623739;0.9255836057751111;0.9518503015696144;0.9498237556705207;0.9492709882760415;0.9704049129086684;0.9426128246108474;0.9426292841613289;0.9665807181386881;0.9500452020695739;0.9507592756631463;0.9717433822822267;0.9549334318366658;0.9560422545534178;0.9743526451555696;0.9511339177485117;0.9527005930937054;0.9718882372775195;0.9523727203500009;0.9534085285554746;0.9725323767028794;0.8708846587528992;0.8712173665749008;0.9222538316669052;0.8999248844379557;0.8965266159054539;0.9407327391509107
2.6666666666666665;0.9062960599124683;0.9062960599124683;0.9355139140358658;0.9259627899286518;0.9259627899286518;0.9551731253691089;0.9173061725006393;0.9173061725006393;0.9435138907705627;0.9298572409935728;0.9298572409935728;0.9550055357760024;0.935673253149915;0.935673253149915;0.960283119737728;0.9340125135205918;0.9340125135205918;0.9575742663705009;0.933455029305041;0.933455029305041;0.9557152969413875;0.8497877895699874;0.8497877895699874;0.8949641176125801;0.8775349301933271;0.8775349301933271;0.9164954437590461
2.6666666666666665;0.8874710297789973;0.8856263545395877;0.9296425677467807;0.9198787445266998;0.9189692755597242;0.9534976992075599;0.8923463499924834;0.8885351549865645;0.9355790231522191;0.9124832428033909;0.9100744760091639;0.9489102679965363;0.9253213821149425;0.9232690538714946;0.9568471264953381;0.9182894848413845;0.9158882948748351;0.9521663825413571;0.9103598328343928;0.9077219508692345;0.9474487011062231;0.8475550899475532;0.8453739764204504;0.898937767118894;0.8696278564595098;0.8688013713151698;0.9162023849231764
1.6666666666666667;0.7835036728425723;0.7697477829267998;0.890373095750057;0.8345332054346397;0.8235245351414987;0.9188267055952724;0.8096210172472913;0.7984519127478892;0.8983893547586087;0.8309156324805199;0.8207654219504923;0.9126782050912471;0.8535273259521023;0.841511276758917;0.9274657421877319;0.837416975774775;0.8263855681542864;0.9138292817988924;0.8371170055151818;0.8290709458217889;0.916538369602582;0.7529354135381631;0.7450305954684869;0.8807173325765976;0.7282119360583141;0.7211490965448124;0.8796559548888836
2.3333333333333335;0.8518996560537792;0.8518996560537792;0.9284723307397544;0.8861907395279953;0.8861907395279953;0.9578940962328976;0.8894142863926128;0.8894142863926128;0.9497826696807016;0.8970950542845245;0.8970950542845245;0.9562592239152451;0.9104337544459611;0.9104337544459611;0.96517938654651;0.8948174709398076;0.8948174709398076;0.9585002289777889;0.9068588298830947;0.9068588298830947;0.9586247411253604;0.8238568406850278;0.8238568406850278;0.8903484162184694;0.8686335444728861;0.8686335444728861;0.9317285999320518
1.0;0.799423356297643;0.799423356297643;0.8952253100865657;0.8417565522995736;0.8417565522995736;0.9196032874310659;0.7742202559839545;0.7742202559839545;0.8702919088234707;0.7953574947742953;0.7953574947742953;0.8875234521795237;0.8197037545623731;0.8197037545623731;0.9055182627833369;0.8088724995091543;0.8088724995091543;0.8947894547339307;0.790489045047157;0.790489045047157;0.88548980880791;0.772587255178809;0.772587255178809;0.8799043472387044;0.8189335919014626;0.8189335919014626;0.8943095698094188
1.6666666666666667;0.8824356580871923;0.8824356580871923;0.9395228944864125;0.9026451002147068;0.9026451002147068;0.9509898657290896;0.8878168109635872;0.8878168109635872;0.9431859881511778;0.8941996761641381;0.8941996761641381;0.9473194718855998;0.9129217164663483;0.9129217164663483;0.9581975891859652;0.898554522300189;0.898554522300189;0.9508114358650593;0.8903620538175407;0.8903620538175407;0.9465682470081719;0.8551081693492764;0.8551081693492764;0.9142671158860142;0.8550081125935955;0.8550081125935955;0.9156212214612154
3.0;0.8956169274133878;0.8956169274133878;0.9422141636830488;0.9225841940984071;0.9225841940984071;0.9596187626611642;0.9079497901302814;0.9079497901302814;0.9456092725336852;0.9147032155616837;0.9147032155616837;0.9534529961957507;0.927984740364142;0.927984740364142;0.9625149592013634;0.9151109994051693;0.9151109994051693;0.9545648681272779;0.9188308028494384;0.9188308028494384;0.9567890034789918;0.7875455584997361;0.7875455584997361;0.8743013018901332;0.7905870438299121;0.7905870438299121;0.883108167023697
1.6666666666666667;0.8554791829432931;0.8554791829432931;0.925304092285884;0.8972666339758211;0.8972666339758211;0.951210193686064;0.8837782995746727;0.8837782995746727;0.9353800930581465;0.883646939589874;0.883646939589874;0.9396351063384044;0.9014495737758702;0.9014495737758702;0.9495412964185145;0.8867686409265254;0.8867686409265254;0.9415832382488785;0.8845022073790199;0.8845022073790199;0.9399195675572389;0.7675448409872054;0.7675448409872054;0.8703372007405357;0.8156346328502471;0.8156346328502471;0.898321506793203
1.3333333333333333;0.7940019522362259;0.7940019522362259;0.8979765437494496;0.8410236523087646;0.8410236523087646;0.9236319948283868;0.8408254282803017;0.8408254282803017;0.9096178916359238;0.8631005221557864;0.8631005221557864;0.9275073681587691;0.8880447680124077;0.8880447680124077;0.9440748913542304;0.8755847977123823;0.8755847977123823;0.935259287901517;0.8629826157804203;0.8629826157804203;0.9266898639764745;0.7393830946007316;0.7393830946007316;0.8698018904813803;0.7540248750479986;0.7540248750479986;0.8691867127411333
1.3333333333333333;0.8798153270284814;0.8798153270284814;0.9358974241235252;0.9040841298971524;0.9040841298971524;0.9537701760386754;0.8737621775137108;0.8737621775137108;0.9363916469751039;0.8876259404688551;0.8876259404688551;0.9460879911919295;0.9007110546853029;0.9007110546853029;0.9546571441767199;0.8864827468382624;0.8864827468382624;0.9464345469913955;0.88759457891035;0.88759457891035;0.9460605613198048;0.8305682518616284;0.8305682518616284;0.9017040248175847;0.7956169457893034;0.7956169457893034;0.8896438902883612
1.0;0.7919811819385945;0.7919811819385945;0.7653619753797163;0.8561612986765116;0.8561612986765116;0.8298793099603444;0.8243310290539331;0.8243310290539331;0.7865043769149209;0.8307245651860115;0.8307245651860115;0.7934737471574056;0.8353929289053137;0.8353929289053137;0.8120764814940793;0.8296539633892468;0.8296539633892468;0.7984274177269344;0.8369173087003131;0.8369173087003131;0.801994462907726;0.6133720902025411;0.6133720902025411;0.5971657091777608;0.6275286073856092;0.6275286073856092;0.631784088198093
1.6666666666666667;0.7868115288320044;0.7868115288320044;0.7554626346198721;0.8382595327270297;0.8382595327270297;0.8134104793195093;0.8193247897192723;0.8193247897192723;0.7776345876400786;0.8169789172275964;0.8169789172275964;0.7832617406337815;0.8303098408777712;0.8303098408777712;0.8063029546531236;0.8227946400877367;0.8227946400877367;0.7900672569017997;0.8242406135278353;0.8242406135278353;0.7929594103552895;0.7010743771401416;0.7010743771401416;0.6596779657586394;0.7137702591609406;0.7137702591609406;0.6974214753676945
2.3333333333333335;0.8094650428794484;0.8094650428794484;0.8957412394485448;0.8628118593674616;0.8628118593674616;0.9269746035599934;0.8584376958816461;0.8584376958816461;0.9188143180568036;0.8665826582259851;0.8665826582259851;0.9269789884716781;0.8842590348739939;0.8842590348739939;0.9395590482755449;0.8742399476356418;0.8742399476356418;0.9316231297555759;0.872657140485324;0.872657140485324;0.9305842679082234;0.7368104812124966;0.7368104812124966;0.8379693236458312;0.7303099382769709;0.7303099382769709;0.824566431339208
3.0;0.8848769345490162;0.8848769345490162;0.9410060909507152;0.9248916064211692;0.9248916064211692;0.9614985065083006;0.9221499625682877;0.9221499625682877;0.9579999187268414;0.9296235489323889;0.9296235489323889;0.9635216344912203;0.9339112520243713;0.9339112520243713;0.968281322619221;0.928284846532525;0.928284846532525;0.964161283139545;0.9291341399352498;0.9291341399352498;0.9646874555918699;0.8496986286699332;0.8496986286699332;0.892243618277378;0.8268439441849297;0.8268439441849297;0.8815082633649428
2.3333333333333335;0.8440783908300287;0.8440783908300287;0.9248916027270202;0.8877928869939034;0.8877928869939034;0.9484651633792672;0.8842064222672246;0.8842064222672246;0.9437117148073856;0.893890600528216;0.893890600528216;0.9495216334174571;0.9026973918916846;0.9026973918916846;0.9569867675323288;0.8891692754775857;0.8891692754775857;0.9489244559295507;0.8983706510397765;0.8983706510397765;0.9518882141477077;0.820840295598793;0.820840295598793;0.9028431218741956;0.8116460082629396;0.8116460082629396;0.9023998164391022
3.0;0.8773286652266035;0.8773286652266035;0.9110766904453812;0.9088652653415646;0.9088652653415646;0.936684272239264;0.8806271644023087;0.8806271644023087;0.9182348699849275;0.8933816353709682;0.8933816353709682;0.9265020673110566;0.905796919121737;0.905796919121737;0.9374313187987915;0.8885243232354553;0.8885243232354553;0.9249510083726542;0.8978751569203519;0.8978751569203519;0.9295074375957363;0.7700226427043438;0.7700226427043438;0.8440771199576967;0.8038426404211596;0.8038426404211596;0.8747772957085767
1.6666666666666667;0.9099394828804561;0.9099394828804561;0.9507683625790732;0.9370895766445234;0.9370895766445234;0.9671637699501666;0.9223996143201775;0.9223996143201775;0.9605483445746659;0.9316011605951299;0.9316011605951299;0.964717231240004;0.938134868703573;0.938134868703573;0.9711076250877478;0.9309050387199691;0.9309050387199691;0.9660583709200914;0.9294148936250669;0.9294148936250669;0.9637404139704908;0.8143130077003056;0.8143130077003056;0.9089502499700054;0.8248456118752518;0.8248456118752518;0.9184764737206197
3.0;0.9060587603196812;0.9060587603196812;0.9451193924345712;0.9298483479245071;0.9298483479245071;0.9591261161015247;0.9227441699424614;0.9227441699424614;0.9496744701849567;0.928036611740023;0.928036611740023;0.9543052462045023;0.930129039314249;0.930129039314249;0.9587073398900027;0.925937885517156;0.925937885517156;0.9541487993524054;0.9293216915930358;0.9293216915930358;0.9556172630868499;0.8288533948211252;0.8288533948211252;0.9141741164856817;0.8306089349362002;0.8306089349362002;0.9240374452672543
2.6666666666666665;0.8459273508608484;0.8459273508608484;0.9321193244345166;0.8939566410417182;0.8939566410417182;0.9554460559063745;0.8715099451381838;0.8715099451381838;0.9463688973205036;0.8990502426868651;0.8990502426868651;0.9570781140780318;0.9063368056556854;0.9063368056556854;0.9603316506567181;0.8976306506622687;0.8976306506622687;0.955750517863163;0.8953733155979945;0.8953733155979945;0.9555557178243499;0.7360575849559042;0.7360575849559042;0.8752437526471484;0.7371381536997601;0.7371381536997601;0.8881706899236614
1.6666666666666667;0.8524451555001172;0.8524451555001172;0.9203315760745899;0.8947954384808348;0.8947954384808348;0.9442209989064342;0.8709187019092863;0.8709187019092863;0.9352302823884558;0.9012532134245383;0.9012532134245383;0.9500314381024123;0.907797228961685;0.907797228961685;0.9547607290934413;0.9018045022793469;0.9018045022793469;0.9509298764112443;0.8981353192821793;0.8981353192821793;0.9494321914898833;0.7537206607726342;0.7537206607726342;0.8659783696312874;0.7519414717549566;0.7519414717549566;0.8696136077893358
3.0;0.9232257478346633;0.9245589537655616;0.9457920263715417;0.9443202412694092;0.9448720540922697;0.9637633230636823;0.9268308260238958;0.9273872286407254;0.9573010249612381;0.9397887404076437;0.9405259568648797;0.965373895601014;0.9482873443463442;0.9483821327925779;0.9704614396770809;0.9392839967069244;0.9392802614834693;0.9646316284256086;0.9417502873510349;0.9422905807321204;0.9658429988774336;0.873567213460731;0.8779261663645529;0.9096403801779102;0.8578235414312564;0.8620812422556305;0.9095122947608557
2.6666666666666665;0.951953676220288;0.951953676220288;0.9639871928085307;0.96770546444996;0.96770546444996;0.9768240429280411;0.960612825855308;0.960612825855308;0.9713052281156795;0.96242443890763;0.96242443890763;0.9737090917674308;0.9642832614178376;0.9642832614178376;0.9768316578023822;0.9604238786139667;0.9604238786139667;0.9735937204434352;0.964857322697134;0.964857322697134;0.9758000064981446;0.8265670522372227;0.8265670522372227;0.9065964390936774;0.8530330020503061;0.8530330020503061;0.926012559930402
2.6666666666666665;0.8826787886637983;0.8826787886637983;0.9077943089969895;0.9160794854901487;0.9160794854901487;0.935276008803986;0.8862436785651739;0.8862436785651739;0.9072818941632447;0.9049162479709841;0.9049162479709841;0.9262077880240049;0.9102356009487496;0.9102356009487496;0.9322330184215571;0.9011905271751275;0.9011905271751275;0.9225224285779168;0.9059258171738557;0.9059258171738557;0.9274409505342383;0.8704969519582298;0.8704969519582298;0.912251303082671;0.8952147495386312;0.8952147495386312;0.9280677303119449
2.0;0.7587504444645911;0.7587504444645911;0.8805856840366767;0.7822667656164993;0.7822667656164993;0.8882424050045711;0.8151086105640651;0.8151086105640651;0.8933003798074848;0.8133583203778989;0.8133583203778989;0.8999462253212267;0.8103545202545301;0.8103545202545301;0.9105973994838508;0.8112775406577555;0.8112775406577555;0.9032162018829595;0.8225136235253442;0.8225136235253442;0.9064470819619349;0.7032354804893779;0.7032354804893779;0.9120222928574919;0.7541773676937632;0.7541773676937632;0.921287003742472
2.0;0.8769932720385006;0.8769932720385006;0.9025805763195062;0.9180575859288271;0.9180575859288271;0.9415516017384334;0.8842616810499078;0.8842616810499078;0.9097718460645714;0.9050397835818316;0.9050397835818316;0.928912595575324;0.9016423222980027;0.9016423222980027;0.9302572338411034;0.8864103795487507;0.8864103795487507;0.9183848106072982;0.9069437186833416;0.9069437186833416;0.9322977435774423;0.7771173540349293;0.7771173540349293;0.8389920414759704;0.7692424895506693;0.7692424895506693;0.8439612272268294
2.6666666666666665;0.9480591150406249;0.9480591150406249;0.9763461764446397;0.9682786428516017;0.9682786428516017;0.9855332417731723;0.9679777500009551;0.9679777500009551;0.9822112658248292;0.9725410932317442;0.9725410932317442;0.9855927491089624;0.9760340671326493;0.9760340671326493;0.9871386081977996;0.974275037352724;0.974275037352724;0.9858117900596545;0.9750571353205144;0.9750571353205144;0.9860510655271111;0.8764602878358404;0.8764602878358404;0.9512153178696406;0.8955741044008843;0.8955741044008843;0.952390739761689
1.0;0.7257863846456083;0.7257863846456083;0.8481806960948941;0.7241416516391856;0.7241416516391856;0.8462112139344664;0.7746328334752931;0.7746328334752931;0.863458549882181;0.7739389611732646;0.7739389611732646;0.8718257947092;0.8050033893680529;0.8050033893680529;0.8944912275694035;0.7872792195888253;0.7872792195888253;0.8806565782401404;0.7993817321227312;0.7993817321227312;0.8873937918584011;0.8577841428156652;0.8577841428156652;0.9267522089364301;0.862105048692809;0.862105048692809;0.9278195135035155
3.0;0.9162127817703194;0.9162127817703194;0.9286291881063272;0.9448799039562349;0.9448799039562349;0.9547230973190971;0.9266657235322118;0.9266657235322118;0.9322401290490809;0.9331207105769083;0.9331207105769083;0.9426187321979859;0.9435653943768969;0.9435653943768969;0.952307131825595;0.9368982244025894;0.9368982244025894;0.9445215686844967;0.9370074983474448;0.9370074983474448;0.9421964030539485;0.8748847703634498;0.8748847703634498;0.900354175391861;0.9018888834638116;0.9018888834638116;0.9214407262741533
3.0;0.8750314214129575;0.8750314214129575;0.9317375761511413;0.9114217576705778;0.9114217576705778;0.9527555539064324;0.8823511571318116;0.8823511571318116;0.9300661802150909;0.9036192642549472;0.9036192642549472;0.9437506869731199;0.9160371751137139;0.9160371751137139;0.9530964779704743;0.9056199423369792;0.9056199423369792;0.9444456395172435;0.9028064908671506;0.9028064908671506;0.9445441905877218;0.7718198538580141;0.7718198538580141;0.8858827601342184;0.756447266282285;0.756447266282285;0.8818733276966861
1.0;0.7889738928306153;0.7889738928306153;0.9131720072964887;0.8452561918664354;0.8452561918664354;0.9409936001790763;0.7952731193780689;0.7952731193780689;0.9170661304989876;0.8469433122434122;0.8469433122434122;0.9397277308594534;0.8608242523806587;0.8608242523806587;0.948612155876848;0.8481498443914685;0.8481498443914685;0.9403485749850562;0.8463011419176941;0.8463011419176941;0.9391151391354488;0.7128745822953209;0.7128745822953209;0.8639821133951746;0.70587063010075;0.70587063010075;0.8668942602820675
2.0;0.8936986178793382;0.8614232751743575;0.9205950596619313;0.9123947724942092;0.8927702781498518;0.9400662682490756;0.90285888023301;0.884730932278258;0.9361902751368434;0.9162063803857257;0.9039559879006632;0.9457504903329024;0.9243220966472744;0.9127482608981526;0.9527025171003488;0.9133613372865845;0.9017015604787323;0.9444845801524605;0.9119094811976074;0.8994337938973965;0.944403478699522;0.841654387767622;0.7698948976874318;0.865959666093532;0.8582658832183198;0.8171412464223652;0.8870273661903225
2.0;0.9215610397906641;0.9065600072020719;0.9551830982429685;0.9427052662693521;0.9312758368506314;0.9693087813206074;0.9121291177003434;0.9018816987014525;0.950270526102817;0.932261714608484;0.9213433115167513;0.9630863733736944;0.9386401561762877;0.9281804678989011;0.9676734675597558;0.9363542452942974;0.924498286361888;0.9639858461267935;0.9287772787486057;0.9165200600783382;0.9615985282098659;0.8953882965944544;0.8681472621852192;0.9347863891602478;0.9033728404248124;0.8791879815564805;0.9417374335599616
0.0;0.7789840635547306;0.7701213697520473;0.7905939855969425;0.8146214699571835;0.8165914661562814;0.8391008079286907;0.7098008767106937;0.6966411647039781;0.7141100183971958;0.7570920830336769;0.7433832490310345;0.7610410327507678;0.7593403420450895;0.7483119396208993;0.7652103772418022;0.7776448705069887;0.7656312394987982;0.7796160652080125;0.7710643892674451;0.7570975887457997;0.771158268130472;0.6436380223343696;0.6246464957925292;0.6825753049695839;0.5627540587320289;0.5655755431280562;0.6287769878733838
1.3333333333333333;0.8191379230307244;0.8191662712588905;0.891247232758142;0.8604490000538467;0.8602372916355785;0.9181474267175237;0.8124853235513821;0.8112842987626143;0.875938474771601;0.8368711467274684;0.8361918595306378;0.8944299242922487;0.856544236681071;0.8554740332975691;0.9097872397740763;0.846530369651777;0.8464565058568703;0.9004081168472052;0.8229459380220112;0.8247194458661185;0.8883408424063276;0.778367574482949;0.777999914304335;0.8512784773082499;0.7678550206720521;0.7696658916024562;0.8426544296651153
2.3333333333333335;0.853970897760652;0.853970897760652;0.9208380988981963;0.886603765587432;0.886603765587432;0.9426208442837244;0.872789941669417;0.872789941669417;0.9328861976643794;0.8904262492614045;0.8904262492614045;0.9458246066702847;0.8989828952430945;0.8989828952430945;0.9501457017189185;0.8826939528420099;0.8826939528420099;0.9403083201857917;0.8854186394444324;0.8854186394444324;0.9425864975692306;0.7570071145833136;0.7570071145833136;0.8671109613588788;0.7414935274088661;0.7414935274088661;0.8560176304104442
0.3333333333333333;0.8744993289755337;0.8744993289755337;0.8488975210483354;0.9040232763024793;0.9040232763024793;0.8792988811448437;0.8784627671349718;0.8784627671349718;0.8207089683317097;0.8992777067423577;0.8992777067423577;0.8514718515866054;0.9134580602306382;0.9134580602306382;0.8766018422016318;0.9030145228597022;0.9030145228597022;0.8596519947788794;0.8965386919693845;0.8965386919693845;0.8506396098418295;0.825462813040482;0.825462813040482;0.7376707009018804;0.8205648260869942;0.8205648260869942;0.7564687652463301
1.0;0.8074965463364383;0.8074965463364383;0.9081810429199054;0.8607966694344945;0.8607966694344945;0.9375897814574958;0.8617293806908691;0.8617293806908691;0.9328955430018707;0.8725327144218137;0.8725327144218137;0.9402362578477177;0.9030584441819817;0.9030584441819817;0.9559372879039589;0.8887674500490339;0.8887674500490339;0.9467635216293171;0.8749964116050658;0.8749964116050658;0.9416574339597825;0.7731767182137507;0.7731767182137507;0.8873503359724735;0.7564634348329596;0.7564634348329596;0.8738539225047515
3.0;0.9226072736569009;0.9226072736569009;0.9610526125632387;0.9456119710828549;0.9456119710828549;0.97511695714917;0.934723627480128;0.934723627480128;0.9728317946156333;0.9441468863444515;0.9441468863444515;0.9767382111254732;0.9491269937765056;0.9491269937765056;0.97920047582138;0.943655204997849;0.943655204997849;0.9763615538565872;0.9444455217274752;0.9444455217274752;0.9766745991657277;0.8496896112564785;0.8496896112564785;0.9229150624185913;0.8955349382869319;0.8955349382869319;0.950166572347108
2.0;0.8675867847086354;0.869575568803881;0.9248533385978481;0.9001998617896125;0.9018947619581765;0.9437309027117436;0.89688566575768;0.8999936115629928;0.9380575377866364;0.9067543384162943;0.9109058182059324;0.9434662238841244;0.9085934659857957;0.9112999892982829;0.9464800399228276;0.895788164716375;0.8998768741452948;0.9376356280646642;0.9020737609768559;0.9063928270492445;0.9416602041010217;0.8263511085625933;0.8262397654983641;0.9018661703313301;0.8285281617091985;0.8299423532718697;0.8950152385668887
1.0;0.8617816070218306;0.8617816070218306;0.927007582545671;0.8999389772609878;0.8999389772609878;0.9501784492414582;0.8714988890041792;0.8714988890041792;0.9366027382788071;0.8940307107945257;0.8940307107945257;0.947884049228683;0.9135613416462162;0.9135613416462162;0.9587794954176766;0.9014920999744316;0.9014920999744316;0.9529738182857214;0.8959131762591173;0.8959131762591173;0.9497353204679673;0.8095550401123879;0.8095550401123879;0.8890517107187159;0.8142496297822756;0.8142496297822756;0.8988341139879915
1.3333333333333333;0.8766188369982846;0.8766188369982846;0.936440812689126;0.917014345446655;0.917014345446655;0.9580114294885486;0.9018007711941771;0.9018007711941771;0.9479731197753658;0.9169030126361447;0.9169030126361447;0.9568603234491683;0.9255867210973425;0.9255867210973425;0.9619135609337911;0.9110504645214262;0.9110504645214262;0.9536283982872998;0.9189094369144349;0.9189094369144349;0.9574450623146733;0.8443569073154684;0.8443569073154684;0.9109527894251258;0.8192504929519956;0.8192504929519956;0.8985715055999196
1.6666666666666667;0.8645427983730893;0.8786574449967286;0.916730084999443;0.9050534053146803;0.9118094909269089;0.944801546444253;0.8768581955222958;0.8871983696007617;0.9289991075424312;0.9068954148517394;0.91355328322256;0.9460426405743207;0.9116704513770348;0.9203530274981828;0.9530668849432926;0.9048521141812235;0.912814938960139;0.9463297883715721;0.9043443868457751;0.9104279407495717;0.9457296517171654;0.8126132132291589;0.8348798916552908;0.8716517024923824;0.7973834980907607;0.8267295507156344;0.873051001405163
0.6666666666666666;0.8938689754292402;0.8938689754292402;0.9312983997854057;0.9222280247722975;0.9222280247722975;0.953330883304595;0.9066312129037631;0.9066312129037631;0.9441235430954655;0.9312734571672262;0.9312734571672262;0.9580054302803216;0.9357301925859103;0.9357301925859103;0.9626154646234589;0.92826353712664;0.92826353712664;0.9573473373713003;0.9243585809399508;0.9243585809399508;0.9551152807944586;0.839682125930905;0.839682125930905;0.900377076429326;0.8591635887290499;0.8591635887290499;0.9131845846711472
1.3333333333333333;0.9428760875993822;0.9428760875993822;0.9740442882992218;0.954176417650196;0.954176417650196;0.9806231721415146;0.9207330883970736;0.9207330883970736;0.962599767100561;0.9382238864301525;0.9382238864301525;0.9710094087256388;0.9449749685810364;0.9449749685810364;0.9743565976265459;0.9399341809874889;0.9399341809874889;0.9708665312927167;0.9401282851894232;0.9401282851894232;0.9715210168563445;0.9433757196807535;0.9433757196807535;0.9725871935680825;0.9308994456250604;0.9308994456250604;0.9691325701176965
2.0;0.9664747680308987;0.969400278998824;0.9832559132978291;0.9766821029777961;0.9788899372277878;0.9888066741831836;0.9668111053051325;0.9697894543234554;0.9835609275694827;0.9701465258609855;0.9733291692374313;0.9857242154316214;0.9765554430466956;0.9792371105433023;0.9888361008590454;0.9726584803216765;0.9754667917348527;0.9867002032571084;0.9729337819911879;0.9755898760560218;0.9867537902041236;0.9374053307374376;0.9434308671756932;0.9708771863664499;0.9405556480881602;0.9504320394454937;0.9726574187003921
2.0;0.9236745074188686;0.9236745074188686;0.9575926527948004;0.9531468212266921;0.9531468212266921;0.9741381908741664;0.9513660174487665;0.9513660174487665;0.9712036627521734;0.9546988158540753;0.9546988158540753;0.9731497036594586;0.9582238561617276;0.9582238561617276;0.9766284080664678;0.9546220090062183;0.9546220090062183;0.9740676318191999;0.9555156553087302;0.9555156553087302;0.9738599694118355;0.867286323912366;0.867286323912366;0.9299343180366735;0.8817174683323316;0.8817174683323316;0.936393161401619
0.6666666666666666;0.82761334982103;0.82761334982103;0.9237580317969442;0.8876910892282788;0.8876910892282788;0.9540051353072805;0.894923905465612;0.894923905465612;0.9497869106716925;0.9019897134432541;0.9019897134432541;0.9569211055351989;0.9081065994306025;0.9081065994306025;0.9624276025844614;0.898814492834727;0.898814492834727;0.9558375454409587;0.9036235959611449;0.9036235959611449;0.9560302505415507;0.7297674002469304;0.7297674002469304;0.8767994542163687;0.7439525496596373;0.7439525496596373;0.8873323069252267
3.0;0.9536578121250581;0.9536578121250581;0.9765488007702645;0.971440221093127;0.971440221093127;0.9858274149418361;0.9643992353363329;0.9643992353363329;0.9816905697636207;0.9712366572628945;0.9712366572628945;0.9845449342825802;0.9735055587210343;0.9735055587210343;0.9864771492266934;0.9724415230008514;0.9724415230008514;0.9855182997155162;0.9710742058619698;0.9710742058619698;0.9848924056249613;0.9189559968414044;0.9189559968414044;0.9612733597110554;0.9339488664366071;0.9339488664366071;0.9670655731899849
3.0;0.9094582060540577;0.9094582060540577;0.9471725437440299;0.9418212354078791;0.9418212354078791;0.9704198753368088;0.9360067472634691;0.9360067472634691;0.9654781146495167;0.9424838705666366;0.9424838705666366;0.9709017488820654;0.9540125776338384;0.9540125776338384;0.9772286561222085;0.9455727064259808;0.9455727064259808;0.9728817768377618;0.945071191136086;0.945071191136086;0.9715326253551495;0.8736421316911926;0.8736421316911926;0.9109328605803165;0.9031972372540074;0.9031972372540074;0.9384138039366189
1.3333333333333333;0.9154265806905281;0.9154265806905281;0.9613618810243904;0.9428440360028976;0.9428440360028976;0.974816128354158;0.9257173581172748;0.9257173581172748;0.9676760859747392;0.9400942817845375;0.9400942817845375;0.975027468617322;0.9398525524281514;0.9398525524281514;0.9771327756183809;0.934802947487256;0.934802947487256;0.9738465680911219;0.9395772926441729;0.9395772926441729;0.9745988718316196;0.8830258433576861;0.8830258433576861;0.9333021016353202;0.9148179412372378;0.9148179412372378;0.9529742352285829
2.0;0.9340047895824651;0.9340047895824651;0.9590747783181942;0.9485267971327701;0.9485267971327701;0.9724377050626579;0.939770372209906;0.939770372209906;0.9679475175443684;0.9517822900596614;0.9517822900596614;0.9746457058259875;0.9556301707513188;0.9556301707513188;0.9771255216101626;0.9487722495764704;0.9487722495764704;0.972425089626608;0.9489892637363724;0.9489892637363724;0.9738048323954303;0.9019737141968309;0.9019737141968309;0.9329179176720631;0.9030265581243556;0.9030265581243556;0.94140001889898
2.0;0.8855291611872746;0.8855291611872746;0.9373490385149168;0.927490099284499;0.927490099284499;0.9597324320347425;0.91258045164824;0.91258045164824;0.9546741807336183;0.9217115939882067;0.9217115939882067;0.9582762694455785;0.9269334032899248;0.9269334032899248;0.9629246567821012;0.9119399113797013;0.9119399113797013;0.9539661253115819;0.9240040935521732;0.9240040935521732;0.9585378609010324;0.8418308466357465;0.8418308466357465;0.9128890535173436;0.8689569232593368;0.8689569232593368;0.9246818453208345
1.0;0.8330781288562017;0.8330781288562017;0.9070024721311937;0.8855419562731659;0.8855419562731659;0.9409473603045331;0.8363197390288232;0.8363197390288232;0.9243278679859656;0.8551731022783501;0.8551731022783501;0.9326103601256112;0.8842398337437949;0.8842398337437949;0.9432979855891309;0.8588532181437363;0.8588532181437363;0.9317799147996183;0.8545801566106435;0.8545801566106435;0.9310603957625585;0.8178437811120978;0.8178437811120978;0.8767758525135081;0.8154277447496784;0.8154277447496784;0.8938027123670176
1.6666666666666667;0.9129974857701623;0.9124611835047248;0.9561427079996404;0.9463108581742478;0.9468191325627598;0.9755396038261729;0.9242413354103987;0.92395953886825;0.9653823466216337;0.9384539145037945;0.937856235905872;0.9715037544628434;0.9516547090241266;0.9516735464266091;0.9775294474865829;0.9419333438814075;0.9419177133778919;0.9728245264814999;0.9418817186933732;0.9410502462841435;0.9723077303796915;0.883306198676494;0.8833135651457479;0.9394107502393159;0.8998880721867943;0.89876047567817;0.9480916034666647
2.0;0.9192841952719478;0.9216491386771396;0.954051584354643;0.9478488862502494;0.9495698280764341;0.9708851754626185;0.9155328492567516;0.9188399577919046;0.9500500154045025;0.9326785460590354;0.9353985872026315;0.9613310350479461;0.9383199118904947;0.9411223709520232;0.9681043066224437;0.9352874590164649;0.9351040257892778;0.9643925730885498;0.9323239404253326;0.9346802291804259;0.961438604614747;0.8777269860612382;0.8786292821703192;0.9277531036646747;0.8987905829513464;0.8994326489767801;0.940080160455229
0.3333333333333333;0.8231184112698895;0.8231184112698895;0.8980826363002732;0.8684790894121335;0.8684790894121335;0.926218499579752;0.8410110255895092;0.8410110255895092;0.9061699517783901;0.8688635012366701;0.8688635012366701;0.9231220504345224;0.8689018828202992;0.8689018828202992;0.9259082309537782;0.8546905903007752;0.8546905903007752;0.9160669502924891;0.8666271961772667;0.8666271961772667;0.9228293328273565;0.7953399122871028;0.7953399122871028;0.87353762467036;0.7977539478428716;0.7977539478428716;0.8706034866802839
2.3333333333333335;0.9215946691798873;0.9215946691798873;0.946071772082417;0.9418845710836585;0.9418845710836585;0.9619128478605657;0.9244484179668573;0.9244484179668573;0.948637397209367;0.9347621271533432;0.9347621271533432;0.9558591625250227;0.9411599108622124;0.9411599108622124;0.961513842407641;0.9356426737620216;0.9356426737620216;0.9564629336698475;0.9372891417512963;0.9372891417512963;0.9580314016807236;0.8977476735260258;0.8977476735260258;0.9222924517014732;0.9080431192032319;0.9080431192032319;0.93206526106058
2.0;0.7843799594044342;0.7843799594044342;0.8265503459695027;0.8410263174910477;0.8410263174910477;0.8766452207744405;0.7775990753347441;0.7775990753347441;0.8142043172338499;0.8109044459777511;0.8109044459777511;0.8467410215340185;0.8501838086189644;0.8501838086189644;0.8824554436164179;0.832308343416309;0.832308343416309;0.8666891686359625;0.8146807382601176;0.8146807382601176;0.8492553359723627;0.7070097954545497;0.7070097954545497;0.746044139440734;0.7233178833198102;0.7233178833198102;0.7726334466057851
1.3333333333333333;0.8660937892512406;0.8734133668413528;0.9367088638951401;0.9044003995524962;0.9092393212092854;0.95894864081213;0.8888621114441985;0.8938594159699677;0.9528020968741654;0.9022250475019912;0.907946808857589;0.9565413587871288;0.9137270186411676;0.9178214157496412;0.9639553145089328;0.9008807915375506;0.906198399878142;0.9582541929785566;0.901196628210216;0.9067555575939426;0.9579723729798221;0.8462402617902562;0.8553898937464836;0.9144046826207641;0.8492597901337472;0.860547609340288;0.9193336389509611
2.6666666666666665;0.9966890020408822;0.9966890020408822;0.9984405644326106;0.9966136523165026;0.9966136523165026;0.9983919057561446;0.9990618208778959;0.9990618208778959;0.9995116026910121;0.9991409722294606;0.9991409722294606;0.9995675647252064;0.9992257935787667;0.9992257935787667;0.9996250327045287;0.9990426175383048;0.9990426175383048;0.9995204498468052;0.9991545230896692;0.9991545230896692;0.9995804093020749;0.9985174165804419;0.9985174165804419;0.9992716034018386;0.9937408378158278;0.9937408378158278;0.9965647012747504
1.0;0.8188173916003965;0.8188173916003965;0.9068397244822365;0.8667636035981319;0.8667636035981319;0.9376305675439554;0.8231099147622083;0.8231099147622083;0.9154052949198646;0.8533443400877544;0.8533443400877544;0.9344896872378762;0.8726470659018273;0.8726470659018273;0.9439613725630307;0.851096028705648;0.851096028705648;0.9352638409820981;0.8587153759675651;0.8587153759675651;0.9351947634916112;0.8125899434233573;0.8125899434233573;0.9055097106262868;0.8474521661652274;0.8474521661652274;0.916845372721031
0.3333333333333333;0.8512761614170417;0.8512761614170417;0.9192186691622842;0.9022683759578487;0.9022683759578487;0.9494161795552968;0.8663591457663697;0.8663591457663697;0.9239853587094863;0.8866108643198368;0.8866108643198368;0.9370658727983407;0.901879446095872;0.901879446095872;0.9495788992539683;0.8931536433624621;0.8931536433624621;0.9419330665591705;0.884108519498778;0.884108519498778;0.936931616596028;0.7776696651183947;0.7776696651183947;0.8789551322905088;0.7688684180161972;0.7688684180161972;0.8629257769383569
1.3333333333333333;0.8911804911118006;0.8911804911118006;0.9389200347712334;0.9272909789306059;0.9272909789306059;0.9626582553797635;0.9056357095023895;0.9056357095023895;0.9527110570574083;0.9252536013834678;0.9252536013834678;0.9629764030800871;0.9320819500725822;0.9320819500725822;0.9678225620290408;0.9245791233143839;0.9245791233143839;0.962762184762491;0.9232077268341232;0.9232077268341232;0.9621492228639436;0.8214249192075918;0.8214249192075918;0.8901755932704207;0.8698451800690684;0.8698451800690684;0.9201908321027126
1.3333333333333333;0.9272875588418775;0.9272875588418775;0.9597440635164931;0.9514758734000291;0.9514758734000291;0.9742643144463664;0.9525656072456036;0.9525656072456036;0.9742819604240649;0.9606127170814178;0.9606127170814178;0.9788817162369896;0.9637809188300716;0.9637809188300716;0.9818873036691038;0.9563542522770487;0.9563542522770487;0.9778660999048147;0.9612781974146479;0.9612781974146479;0.9795945021176043;0.9066361291618841;0.9066361291618841;0.937231816337034;0.9040077301700702;0.9040077301700702;0.9390012603238723
2.3333333333333335;0.8350772845737718;0.8350772845737718;0.9145621033214794;0.8946103889009457;0.8946103889009457;0.9479668288782024;0.889135841297956;0.889135841297956;0.9452544581970989;0.9015743957713468;0.9015743957713468;0.9537034756159298;0.9119893248312243;0.9119893248312243;0.9587016068080498;0.8954069730217258;0.8954069730217258;0.9507730151584081;0.9062646693800731;0.9062646693800731;0.9535819411245868;0.7947482631008316;0.7947482631008316;0.8902428643541902;0.7997674115778616;0.7997674115778616;0.8906512254866387
3.0;0.943398104427997;0.943398104427997;0.9617061856043433;0.968981089827673;0.968981089827673;0.9808069794862492;0.9552762946005097;0.9552762946005097;0.9717415206797871;0.9630387527517108;0.9630387527517108;0.976751789310083;0.9680694249049449;0.9680694249049449;0.980677144224721;0.9652563704519159;0.9652563704519159;0.9787961552022273;0.9643068233892316;0.9643068233892316;0.9777294904320232;0.9077130618147777;0.9077130618147777;0.9342899787405816;0.9332449707321033;0.9332449707321033;0.9529007042216746
3.0;0.9297603350619095;0.9292688843935227;0.9632837714087432;0.9537183166229093;0.9531326559841371;0.9765261887700044;0.9510997532329659;0.9508889649599691;0.9741726045772084;0.9544460375844147;0.9542902290751779;0.9772082613473649;0.9572423489086925;0.9579249941089687;0.980024994854891;0.9547238903969955;0.9554608544158144;0.9768000014659837;0.9581820620021007;0.9581101960651454;0.9783276422868802;0.8984589771694542;0.8959917301813126;0.9349241042709072;0.9028663516563972;0.9043827554781178;0.9426112073240496
3.0;0.9576050893239129;0.9576050893239129;0.9725732528754915;0.9743282862235216;0.9743282862235216;0.9851599508140519;0.9677615252279733;0.9677615252279733;0.9805446382788293;0.974183511906418;0.974183511906418;0.9841940625760573;0.9763885109818135;0.9763885109818135;0.9859563646896062;0.9747335291139323;0.9747335291139323;0.9838993864707781;0.9759672736197895;0.9759672736197895;0.9852888624475998;0.9311039869166025;0.9311039869166025;0.9491914846030735;0.9530776236737235;0.9530776236737235;0.9703575909529666
1.3333333333333333;0.8286078806649919;0.8286078806649919;0.9268080113858322;0.8732524455999185;0.8732524455999185;0.9494795420136347;0.8081474391982678;0.8081474391982678;0.9210459161358361;0.8302754086302461;0.8302754086302461;0.9309854368414487;0.8552133049894701;0.8552133049894701;0.945593478652757;0.8470655128641532;0.8470655128641532;0.9400288687670584;0.8363515089285904;0.8363515089285904;0.9339820632759386;0.748727915991935;0.748727915991935;0.8945420833169496;0.7225056525283081;0.7225056525283081;0.8877429116774732
3.0;0.8508972721907347;0.8508972721907347;0.9305920634958279;0.8891047499592908;0.8891047499592908;0.9511724501401374;0.8417155743343624;0.8417155743343624;0.9256703017271336;0.8530140633585099;0.8530140633585099;0.9335928851555148;0.8710439904881996;0.8710439904881996;0.9432895516080132;0.8683283103742666;0.8683283103742666;0.9395389019735748;0.8587056608970672;0.8587056608970672;0.9366485973015063;0.6163069211064658;0.6163069211064658;0.8556931910899465;0.6025901716450519;0.6025901716450519;0.8408048165152601
1.3333333333333333;0.8257508403321184;0.8257508403321184;0.9082300361140436;0.873807157548126;0.873807157548126;0.9358075569067429;0.7981638634021275;0.7981638634021275;0.8923834539489668;0.834310954077268;0.834310954077268;0.9125970336521635;0.8473789847185791;0.8473789847185791;0.9231602898624581;0.8339374305237036;0.8339374305237036;0.9118663672489387;0.8290446702835944;0.8290446702835944;0.9089366057974255;0.8145301118193115;0.8145301118193115;0.8852251138922235;0.8296854790589043;0.8296854790589043;0.8979703930958554
4.0;0.9386250318357435;0.9386250318357435;0.9497902457100577;0.9567429508132498;0.9567429508132498;0.9667110994344382;0.9363623137489454;0.9363623137489454;0.9549414432931876;0.9457972776390857;0.9457972776390857;0.961867537795019;0.9533109189203595;0.9533109189203595;0.9685665869708334;0.9444689336719205;0.9444689336719205;0.962616726860803;0.9468538868821657;0.9468538868821657;0.9617336284824528;0.8969566681699739;0.8969566681699739;0.9212988843243274;0.9180701048540622;0.9180701048540622;0.9313127570771873
2.6666666666666665;0.9165178343970568;0.9165178343970568;0.955739306849563;0.9416839553641;0.9416839553641;0.9707922129586956;0.9223515897231759;0.9223515897231759;0.9624145238625651;0.9336589507166748;0.9336589507166748;0.9676415683049937;0.940034130554925;0.940034130554925;0.9717261932211919;0.9336097289628099;0.9336097289628099;0.9696718120672394;0.937521995500253;0.937521995500253;0.9701330444406194;0.890819438121221;0.890819438121221;0.941897812696194;0.8993007639565707;0.8993007639565707;0.9462880771756252
0.3333333333333333;0.7355856431407343;0.7355856431407343;0.8537929454257497;0.7945379735304081;0.7945379735304081;0.8938230013755457;0.7210520771836022;0.7210520771836022;0.847880401853204;0.7683266403041794;0.7683266403041794;0.876292658795591;0.7860163236366002;0.7860163236366002;0.8871380848733382;0.7687957974558309;0.7687957974558309;0.872454849650239;0.7742661044744253;0.7742661044744253;0.8784774356121292;0.6287019872972655;0.6287019872972655;0.7988428701307528;0.6674476256561572;0.6674476256561572;0.8096247097129908
0.0;0.76840818311149;0.76840818311149;0.8838025459794459;0.8120822890980055;0.8120822890980055;0.9095820352231395;0.716987876393241;0.716987876393241;0.8536182881942322;0.7513666720505657;0.7513666720505657;0.8758806666670597;0.7691518169715882;0.7691518169715882;0.8893265780027798;0.7617077886175168;0.7617077886175168;0.8815149624466129;0.7422878143015783;0.7422878143015783;0.8729324607361887;0.7449488771265713;0.7449488771265713;0.8579646666079538;0.7377340487181073;0.7377340487181073;0.866862574722439
0.0;0.7277251159538092;0.7277251159538092;0.8676327656096309;0.7982472606497483;0.7982472606497483;0.9094945866846178;0.779607005894145;0.779607005894145;0.8866514286024425;0.8229892381300873;0.8229892381300873;0.9090534599461084;0.8551937703944286;0.8551937703944286;0.925057669918361;0.8343681700521395;0.8343681700521395;0.9138337314736608;0.8245585392757441;0.8245585392757441;0.910532275529674;0.7519890125593618;0.7519890125593618;0.8514094350852127;0.7028416281288675;0.7028416281288675;0.8371958527222456
0.0;0.739832372099555;0.739832372099555;0.8667085594957253;0.8121821965533093;0.8121821965533093;0.9102451691854895;0.7700405794625045;0.7700405794625045;0.8809660938886055;0.8088132223954673;0.8088132223954673;0.9063370853964359;0.8239143461012067;0.8239143461012067;0.9169863595565492;0.7951737224670942;0.7951737224670942;0.8990021974266851;0.8084032388744011;0.8084032388744011;0.9056138545317264;0.6587942676525766;0.6587942676525766;0.8019211668190758;0.6515489629975026;0.6515489629975026;0.8013074892195439
0.6666666666666666;0.7530572390595285;0.7530572390595285;0.8569821019006217;0.8333215657673604;0.8333215657673604;0.910393323509394;0.7542227657139511;0.7542227657139511;0.859859976565154;0.7904602675764015;0.7904602675764015;0.8848468484012224;0.8271092505283553;0.8271092505283553;0.9094956955570472;0.8057459679743747;0.8057459679743747;0.8936998802431559;0.7780405185153225;0.7780405185153225;0.8781926675054027;0.6748747985803788;0.6748747985803788;0.7798278069221444;0.6853833216620141;0.6853833216620141;0.8013136771134243
0.3333333333333333;0.820453503252738;0.8032295920565407;0.9210077549659961;0.8858031834288029;0.8775293596385229;0.9519468647487412;0.8204388588901803;0.8101561358278524;0.9208702440612812;0.8547749893520767;0.8462431413421496;0.935087003290675;0.8467807563389118;0.8410184539088609;0.9360485698954273;0.8412546708761847;0.8342878179553221;0.9293650197797928;0.8513410450311353;0.8433328103320363;0.9346551953074188;0.7799889582200017;0.7280621704977362;0.8942112539548146;0.7675562915321269;0.7522037420912006;0.9033745942665742
0.6666666666666666;0.8058608026671636;0.8058608026671636;0.8806493989106655;0.8559709393232092;0.8559709393232092;0.9186356551392388;0.8345962704316424;0.8345962704316424;0.9068440924720609;0.8701704316189023;0.8701704316189023;0.9264745868601445;0.8871044508039229;0.8871044508039229;0.9378127267416551;0.8756694811486141;0.8756694811486141;0.9290585594894772;0.8743143609173898;0.8743143609173898;0.9279738287058648;0.760466652142825;0.760466652142825;0.8442211645713489;0.7466438637954398;0.7466438637954398;0.8492283997613803
0.3333333333333333;0.7861964564987032;0.7684346639735022;0.9084903609136372;0.8416617378084982;0.8266157566093693;0.9349380597568373;0.8069197447336316;0.7932182581798567;0.9199431602351942;0.8344436536715252;0.8222050648981867;0.9329696441424493;0.8502293231647622;0.834844518508176;0.9418960253320352;0.8374740982860122;0.8212596901575185;0.933180558412171;0.8405176200628826;0.829158077474981;0.9359163750378102;0.7295537549579799;0.7245319158990651;0.8773317281591703;0.7346989030878097;0.7313343286650285;0.8886819057865428
0.3333333333333333;0.8643100039783208;0.8571162051785687;0.9449899161554283;0.9022847503333198;0.8980267848425775;0.9625850341961891;0.8664823452822722;0.8584788523582072;0.9529390441183823;0.8852977705939475;0.879663144530003;0.9598570353342281;0.9004644075802816;0.8956771756741968;0.9647119543673479;0.8801106234770794;0.8795675972519394;0.9593306686005084;0.8839717077400976;0.8784301581207408;0.9590434835812096;0.8051167536099304;0.8036592953174265;0.9171848559826582;0.8177729191311522;0.8146703484297614;0.925700325838781
0.0;0.7883402073627382;0.7883402073627382;0.9165190256679415;0.8334133328137002;0.8334133328137002;0.9383551792482072;0.73952070527343;0.73952070527343;0.9026064352656855;0.7835357011135647;0.7835357011135647;0.9206409736638239;0.8251046966776551;0.8251046966776551;0.9357465626227383;0.8015807618978784;0.8015807618978784;0.9246901901388456;0.7853052148750068;0.7853052148750068;0.9202264410439692;0.6915585901703613;0.6915585901703613;0.884346388948646;0.6214940015850757;0.6214940015850757;0.8602724110089531
0.0;0.8154004268418535;0.830101849247893;0.9212862373974845;0.8793288038347251;0.8877816194466894;0.9494702385440313;0.8421228566820373;0.8559220221258516;0.9343469714205674;0.8713958565098874;0.8826078059772561;0.9465346335134892;0.8864590452908491;0.8958158563233969;0.9534861779819569;0.8653994703471034;0.8771767008228907;0.944680429407865;0.8739353276013468;0.8852667469043359;0.9480932439196673;0.7511339559474441;0.7683476771630057;0.8869791214351445;0.7356315241485878;0.7478236748496071;0.8764214926943341
0.0;0.6122444998301119;0.6122444998301119;0.7647272410715152;0.7040780152793549;0.7040780152793549;0.8230874774276442;0.603076229144749;0.603076229144749;0.758843777896586;0.6768251311232165;0.6768251311232165;0.8045281284939829;0.6933800143403714;0.6933800143403714;0.8198298893043786;0.6699780826842949;0.6699780826842949;0.8001871537553716;0.6814652246789887;0.6814652246789887;0.8063834739121434;0.5080683344185346;0.5080683344185346;0.6912908294792817;0.5017685963521479;0.5017685963521479;0.6781219683147888
1.0;0.6726985808445565;0.6726985808445565;0.8560550323622771;0.740240761442665;0.740240761442665;0.8936121795451926;0.7848728126947409;0.7848728126947409;0.8952138182331921;0.7883138508739005;0.7883138508739005;0.9072808432898265;0.8214172035289676;0.8214172035289676;0.9226644232982455;0.8082273718471535;0.8082273718471535;0.9147427545936292;0.7953682593384046;0.7953682593384046;0.9071007166042127;0.6926298723969835;0.6926298723969835;0.8813226635278507;0.6875245438415268;0.6875245438415268;0.8828910302671477
0.0;0.7251591541910871;0.7302994394787824;0.8189421039940316;0.787158184503897;0.790507552643092;0.8618116128639404;0.678035809494502;0.677812133100103;0.7787037867839465;0.7321848342682203;0.7325684411560829;0.8200225282831949;0.7717059083088629;0.7736288763514522;0.8500955996972678;0.7460678246560132;0.7485450910437013;0.829259862178539;0.7348430789331232;0.7345928738175895;0.820830682710532;0.7009068769451646;0.6922229104948864;0.7944504585017147;0.669968103255763;0.6732873488098164;0.7713549719906871
0.0;0.7025981949511976;0.7025981949511976;0.8096732402643704;0.7772782244980367;0.7772782244980367;0.8657481773090723;0.6968691155905362;0.6968691155905362;0.8028023058910675;0.7367014081261715;0.7367014081261715;0.8392195814390405;0.7553137205038762;0.7553137205038762;0.8540735713666614;0.7282543879670594;0.7282543879670594;0.8330017406564821;0.7389549275699987;0.7389549275699987;0.8379742128461334;0.6308219478261715;0.6308219478261715;0.7471828105468424;0.612399804793968;0.612399804793968;0.7392216291383654
0.0;0.6011145162685424;0.6011145162685424;0.8688503453825184;0.6812780774524733;0.6812780774524733;0.8985164924462594;0.7010530835455849;0.7010530835455849;0.8836693261103051;0.7453394774050955;0.7453394774050955;0.9052277839492306;0.755551140693971;0.755551140693971;0.9155106343136701;0.725248732356085;0.725248732356085;0.902632985907437;0.7521173257127356;0.7521173257127356;0.9085753075540489;0.6776116306574204;0.6776116306574204;0.9029621428585852;0.6605021481030182;0.6605021481030182;0.8866254689617822
0.6666666666666666;0.7924076661724957;0.7915132596787069;0.8994239385900988;0.8484836022110563;0.8482620780437964;0.9302525365520115;0.748920424622106;0.7482510977240816;0.8697994271362388;0.8022598678345096;0.802173051366976;0.9007486011448548;0.8217688445224292;0.8218749229698095;0.9156789708237074;0.806982280633916;0.8067225938428182;0.9034145362117595;0.8077736106987352;0.8077901217544338;0.9035670163009473;0.7843683203394198;0.7805194296805913;0.9003504025589734;0.7919948066548406;0.7880155955382279;0.9074558510066836
0.0;0.7884067730168923;0.7881479433824187;0.9127650922221663;0.8560492502010593;0.857901045251902;0.9442375721317807;0.7432190796814069;0.758770573052166;0.9120917433940486;0.8141488689411811;0.824694540027796;0.9340781522432209;0.8406684958138976;0.8433786260434246;0.9418501654073029;0.8168411668213016;0.8177143852752273;0.9309499869795106;0.8108524980809837;0.8205575495889552;0.9337079999429578;0.7022857727200006;0.6490434764594345;0.8503490779926695;0.6661436375502534;0.6755281310557497;0.8539566760187004
0.0;0.8369782149254767;0.8335189452604571;0.9239204643568284;0.8868335632099948;0.8854313693569769;0.9484804728752121;0.8647976155833674;0.8662012249190341;0.9382048768226174;0.8847606414271121;0.8853493450501412;0.9478998736218065;0.8919504475629096;0.8933992716281489;0.9527267513055384;0.8757982997179022;0.8766047474901805;0.9437214975229167;0.883881314056651;0.88498909788338;0.9477184855544694;0.7498965874652644;0.7404072906146947;0.8839850042536194;0.771490942106247;0.7699545298582756;0.8970064070213797
0.6666666666666666;0.699154580523062;0.699154580523062;0.8323591443421535;0.783202443513859;0.783202443513859;0.8856683759412771;0.7197494792641336;0.7197494792641336;0.8372701050397026;0.7487631323313618;0.7487631323313618;0.8572565604056868;0.7827826949219583;0.7827826949219583;0.8841833017633293;0.7626774295651989;0.7626774295651989;0.8688903298651437;0.7516760429974878;0.7516760429974878;0.8626868782096019;0.5513721968470126;0.5513721968470126;0.7543187050340617;0.580504843658983;0.580504843658983;0.762533735388643
0.0;0.7471969265155719;0.7471969265155719;0.8766158069217151;0.816346333163332;0.816346333163332;0.9186584321159234;0.7192066266439996;0.7192066266439996;0.8859542111434795;0.7865241590227572;0.7865241590227572;0.9121395861743696;0.8110046654242035;0.8110046654242035;0.9234182887071685;0.7900048935820649;0.7900048935820649;0.9146241117500514;0.7961800962127833;0.7961800962127833;0.914706181247357;0.571737512228105;0.571737512228105;0.7887940310281997;0.5422725336300297;0.5422725336300297;0.7930414005941605
0.0;0.7105379445220612;0.7035892156295941;0.8194011536635277;0.7859961829843988;0.781742726531451;0.8665213508324449;0.7022313906839371;0.699977583315416;0.8036435438454782;0.7523981892089565;0.7495254567727916;0.8387338920369014;0.7867577765215384;0.7831879794503519;0.8598897297483203;0.7692659932584047;0.7669644852806674;0.846007384143815;0.7544515703664252;0.7525737545353173;0.8391579167355543;0.6682407589298776;0.6594288408622639;0.7904080840152704;0.6663560877388401;0.6593195981010146;0.7825367551800131
0.6666666666666666;0.7567752411706898;0.7567752411706898;0.8925259873121499;0.8186667036914601;0.8186667036914601;0.9227057192390096;0.7877602427610132;0.7877602427610132;0.9034579936847464;0.8208123729670984;0.8208123729670984;0.9206085761785038;0.8362277650708354;0.8362277650708354;0.9313406474717831;0.8129015297546824;0.8129015297546824;0.9186918149008576;0.8195469653187808;0.8195469653187808;0.9207307582740141;0.7235273853470606;0.7235273853470606;0.8771579187922054;0.715394125903371;0.715394125903371;0.8723400365125668
0.3333333333333333;0.7388198231713804;0.7388198231713804;0.8719320104147246;0.7933656071209249;0.7933656071209249;0.9025299351031932;0.7151088817679088;0.7151088817679088;0.8596653879375015;0.7527686045238556;0.7527686045238556;0.8810498484374927;0.775263368414243;0.775263368414243;0.8966216405948153;0.7533170702272545;0.7533170702272545;0.8837179744340652;0.7437049239649306;0.7437049239649306;0.8774581748481136;0.6809347716855251;0.6809347716855251;0.8327792050263927;0.6551348033397145;0.6551348033397145;0.8254619889016576
0.0;0.6664168368248202;0.6664168368248202;0.7685322943014444;0.7441430933769786;0.7441430933769786;0.8249455777927203;0.6768125058824787;0.6768125058824787;0.7669891832705502;0.7454495695346918;0.7454495695346918;0.8195314171314045;0.7898746045667034;0.7898746045667034;0.8525473823948838;0.7557085322907036;0.7557085322907036;0.8270208552728439;0.7459864882298957;0.7459864882298957;0.8195601046510574;0.5802525230920391;0.5802525230920391;0.6843783012562716;0.5785685832142061;0.5785685832142061;0.6827497765219908
0.3333333333333333;0.7160485993234303;0.7160485993234303;0.8469581753312186;0.7582727991383882;0.7582727991383882;0.8770991619979296;0.5986143716820255;0.5986143716820255;0.7794842460081459;0.6754951579315178;0.6754951579315178;0.8268364628993569;0.7215354482350367;0.7215354482350367;0.8561292831328052;0.6992983103449492;0.6992983103449492;0.8380829275723426;0.6662108266433489;0.6662108266433489;0.8227191015269116;0.6484826668430425;0.6484826668430425;0.8078420080894567;0.6063612017817229;0.6063612017817229;0.7906704369851874
0.3333333333333333;0.8151854890382122;0.8158411303459128;0.8866365916270553;0.8678158076944149;0.8681930535109054;0.9201716291672752;0.7884627648392893;0.7846420044448316;0.863247996735876;0.81834370293346;0.8147114917162747;0.8851420968369879;0.8453021302264216;0.8408721959033209;0.9052372829287646;0.823615588352992;0.8189469954968457;0.8875998837289206;0.8226358640153678;0.8183577542633556;0.8883196866549702;0.7800766271428906;0.7848481618057451;0.8576636499346586;0.7533059605872505;0.7612111005385931;0.837257986581797
0.0;0.7540367783444769;0.7540367783444769;0.8221738317731626;0.800972703227163;0.800972703227163;0.858082669680787;0.7266076806056335;0.7266076806056335;0.7859499991142795;0.7747208007106965;0.7747208007106965;0.8262508520861214;0.8106668505066842;0.8106668505066842;0.8602170967466558;0.7857742345293749;0.7857742345293749;0.8358048382839768;0.7772267699583759;0.7772267699583759;0.8300002657807951;0.6490187596704944;0.6490187596704944;0.7288777978853628;0.6184644156127941;0.6184644156127941;0.70893667061047
1.0;0.8456300185145924;0.8456300185145924;0.941484898393405;0.8852835886339255;0.8852835886339255;0.9566715537742424;0.8588938145804457;0.8588938145804457;0.9462594109827738;0.8829034053140823;0.8829034053140823;0.9543352067172837;0.8928802296192525;0.8928802296192525;0.9609802832762453;0.8761660424720089;0.8761660424720089;0.9539840972155612;0.8842597630599309;0.8842597630599309;0.9557522174083085;0.8024181877488991;0.8024181877488991;0.9293393382111155;0.7962835968584487;0.7962835968584487;0.9230769641147559
0.0;0.720446212403683;0.7315043706088715;0.8682713211269422;0.7876097928302697;0.7956684728477071;0.9021813341536303;0.7266536869424355;0.7367233584585279;0.8704208380489991;0.7694070193126165;0.7791140265676678;0.8923910968964255;0.7928345171055233;0.8005158301839291;0.9056535698978612;0.7608698764810009;0.7701030509476429;0.8896281588610855;0.772013280919712;0.7818799138016104;0.8925826462975155;0.6452603156802559;0.6579726845129914;0.819392716730136;0.6103218046036801;0.6223247162385143;0.8007023952078003
0.3333333333333333;0.6904168947325917;0.6906240139336097;0.8509410993780434;0.7752790710275397;0.7765118693969786;0.8956057608775878;0.7516894316433562;0.7516617155910295;0.8723504488170951;0.7701176604766423;0.7713150065073375;0.8855529733270603;0.801090394228113;0.8014244669656182;0.9091418152485573;0.7813619704628435;0.7827746455580005;0.8934485589672446;0.7644983421316649;0.7656652396857809;0.8863261602229929;0.643142482001321;0.6454225920800342;0.8516083136473837;0.6715826118932872;0.6732305068086855;0.8676361944393405
0.6666666666666666;0.7105928450687242;0.7081855860220382;0.829719915283954;0.7702914037153952;0.7691729899066915;0.8736517394904654;0.7207871988900166;0.7184717907385723;0.8287926298502571;0.766336782457603;0.7655172077002916;0.8626186336915684;0.7846496750823061;0.7828117349972368;0.8793232089924291;0.7696565764215884;0.7693830672711355;0.8631179955772286;0.767844770617764;0.7665420273454621;0.8662396917264541;0.6442702393503233;0.6506845260781229;0.7380284579259683;0.6342812563323197;0.6421063806801037;0.726065771768897
0.0;0.6906096062579452;0.6906096062579452;0.8247220158372528;0.7595868324821896;0.7595868324821896;0.8694022211089136;0.6373522155255971;0.6373522155255971;0.782875316264169;0.7062429275405511;0.7062429275405511;0.8298067171878208;0.7409915752313617;0.7409915752313617;0.8539948836863754;0.7135130721991177;0.7135130721991177;0.8326107275623058;0.7077655471073188;0.7077655471073188;0.8307754383717056;0.5874931988338339;0.5874931988338339;0.7714372248665463;0.5946839355459831;0.5946839355459831;0.7653445535803822
0.0;0.7362516252459695;0.7295590538144666;0.8723904049481924;0.7852279000609631;0.7780449570509361;0.898885935426174;0.6889373240114675;0.6787671531193779;0.8569694877359135;0.7629811739340736;0.7534483876806096;0.8938186140039969;0.7945143930591401;0.7844215608454413;0.9110922745894506;0.7795910826400587;0.7709540409198054;0.8979724999672052;0.7630478631885564;0.7525065607088085;0.8940910058289401;0.7120859961931595;0.6922961536509143;0.8326375980594374;0.6684542523278011;0.6522095192654669;0.8267990636454927
0.3333333333333333;0.7141412057108981;0.7141412057108981;0.7393919459792043;0.7793655276591969;0.7793655276591969;0.8000430464335152;0.7185323588724438;0.7185323588724438;0.7267673482637499;0.7546815838775713;0.7546815838775713;0.765765612213905;0.7865648403872932;0.7865648403872932;0.8040306262198101;0.7698222931450336;0.7698222931450336;0.785660588414621;0.7571119323806753;0.7571119323806753;0.770136959062699;0.5897956970323965;0.5897956970323965;0.6135405542977034;0.5681994604223224;0.5681994604223224;0.5914504166589162
0.0;0.7757236216008528;0.7757236216008528;0.8816135154963526;0.8264967972307957;0.8264967972307957;0.9093855970070343;0.7298278190708122;0.7298278190708122;0.8416804922960079;0.7817273195073677;0.7817273195073677;0.8740205659923422;0.8134434571533765;0.8134434571533765;0.8977322044637375;0.7950373538526634;0.7950373538526634;0.8823083948006697;0.7889620625229591;0.7889620625229591;0.8783645513521818;0.6670485397462644;0.6670485397462644;0.801501497578357;0.6100757044353571;0.6100757044353571;0.7776283405230591
1.0;0.8012038655228071;0.8012038655228071;0.8959542541057592;0.8577137548765783;0.8577137548765783;0.9239397590717404;0.7869125438923728;0.7869125438923728;0.889290140118462;0.8279266948750662;0.8279266948750662;0.9114549004314476;0.8453817767061849;0.8453817767061849;0.9279126870591605;0.8181194503596555;0.8181194503596555;0.9123020218748357;0.8153037582214556;0.8153037582214556;0.9065211318669423;0.7274266476076341;0.7274266476076341;0.8518137274496408;0.7420404892125623;0.7420404892125623;0.8589117156775803
0.0;0.7932149305749828;0.7932149305749828;0.8586743981710248;0.8531588746818622;0.8531588746818622;0.9006765647910199;0.7853211736524794;0.7853211736524794;0.8427220624490579;0.8190756995029165;0.8190756995029165;0.8695516581620197;0.830632413733647;0.830632413733647;0.8780248261951206;0.826310353191092;0.826310353191092;0.8711865367768394;0.8224250387527219;0.8224250387527219;0.8715084346840967;0.7422636518141995;0.7422636518141995;0.804841386703997;0.7060559299361223;0.7060559299361223;0.7896114559563475
0.0;0.724520025283211;0.724520025283211;0.8087875267211965;0.7992852494088335;0.7992852494088335;0.8710806242029747;0.7259323389147678;0.7259323389147678;0.8204859536860423;0.7782633539340016;0.7782633539340016;0.8560636398300367;0.8350474858369011;0.8350474858369011;0.8950916156841189;0.8116080988353696;0.8116080988353696;0.878053870381364;0.7701098964166768;0.7701098964166768;0.8538885568907186;0.5664468246744783;0.5664468246744783;0.6995505444074784;0.5935420734106924;0.5935420734106924;0.720267140260759
0.3333333333333333;0.7113694529770419;0.7113694529770419;0.8697009465772282;0.7592183396229765;0.7592183396229765;0.8989469122693423;0.7174764069301584;0.7174764069301584;0.8718472816828986;0.777649471285563;0.777649471285563;0.9055858438655311;0.7860761641295274;0.7860761641295274;0.9122521919790345;0.7629886797817863;0.7629886797817863;0.9010826781930914;0.7695093072144488;0.7695093072144488;0.9018581348041216;0.7048685721166261;0.7048685721166261;0.8461747142715063;0.6865307802628644;0.6865307802628644;0.8408226152979379
0.0;0.8008883863512097;0.8008883863512097;0.7768285583402101;0.8605682143679552;0.8605682143679552;0.8405301653085088;0.7259563155484667;0.7259563155484667;0.6762391346711153;0.7936102552482788;0.7936102552482788;0.7603609721898695;0.8127398505707659;0.8127398505707659;0.7805949526017688;0.8000608976861486;0.8000608976861486;0.7670925389192605;0.7874550624934217;0.7874550624934217;0.755818729676651;0.7046278865831133;0.7046278865831133;0.6739640534000352;0.6964631478787175;0.6964631478787175;0.6726095749902921
0.3333333333333333;0.5972440163392091;0.5982006531070037;0.73335986768313;0.6798484719446334;0.6805783013177278;0.7922385890727022;0.6174475200383921;0.6176555769227792;0.7370785560298329;0.6705072548950393;0.6713041524675677;0.7759746552228538;0.6638078093726131;0.6648332962897243;0.7783287266301853;0.6423278296287523;0.6438661071764331;0.7572458940359944;0.6534241106003774;0.6548635480783508;0.7671892547190527;0.4840834465770962;0.48690007924462886;0.6483850406171964;0.45215339570570723;0.4528354582873378;0.6311723889598884
0.0;0.6147228878835285;0.6147228878835285;0.808352766143652;0.7178867070407406;0.7178867070407406;0.864119049369337;0.6342224334295039;0.6342224334295039;0.800553816384589;0.6945471610923162;0.6945471610923162;0.8378483124375078;0.7209003630250123;0.7209003630250123;0.8624786715695554;0.7066890215581648;0.7066890215581648;0.8484216918911581;0.6963136710908227;0.6963136710908227;0.8407457874745498;0.6004768089000588;0.6004768089000588;0.7718633431222007;0.573537710550357;0.573537710550357;0.7569261896112025
0.0;0.6904019953822395;0.6772196670318473;0.8298080236822734;0.7734463676675292;0.7667947352680964;0.8714098153634507;0.6510212060113791;0.6416572410869946;0.7881752609470457;0.6967243781848634;0.6876164194607141;0.8208827628540741;0.7440781775754682;0.7354727623712138;0.8524158047573988;0.7311495030035875;0.7233173557836984;0.8385985914491212;0.7084445233467629;0.6989806754812525;0.8296941690623977;0.6275563794435419;0.6155528036297438;0.7890680670246967;0.6161265694900343;0.6081290286272796;0.7730471988722278
0.3333333333333333;0.7951698438937399;0.7951698438937399;0.8677232213695257;0.8356946561205394;0.8356946561205394;0.90496005167982;0.7858369504942826;0.7858369504942826;0.8660666317759217;0.8104006789668311;0.8104006789668311;0.8839472463711754;0.8228358809499607;0.8228358809499607;0.8957275467040653;0.807434312906496;0.807434312906496;0.8824557741057993;0.8101821365475201;0.8101821365475201;0.8845257472130467;0.7519353220757614;0.7519353220757614;0.8321741047221137;0.7388686691635693;0.7388686691635693;0.8386230689330033
1.0;0.8164815596263855;0.8164815596263855;0.8341133450835988;0.8719142271176624;0.8719142271176624;0.8813676345836293;0.8379645072679079;0.8379645072679079;0.8641257987954867;0.8751873564316551;0.8751873564316551;0.8972895488675525;0.8987128654406596;0.8987128654406596;0.9167835953479809;0.8873265163959946;0.8873265163959946;0.9065101593173629;0.875630379322365;0.875630379322365;0.8981727289681909;0.8083530820765072;0.8083530820765072;0.8031626436395687;0.7910042882985403;0.7910042882985403;0.7892213421407485
0.0;0.7743201760924353;0.7743201760924353;0.8490905763770283;0.8283999582406882;0.8283999582406882;0.8891913824193413;0.7312287031175309;0.7312287031175309;0.8229634919992614;0.7790109415123796;0.7790109415123796;0.8578929776270864;0.8145253332357827;0.8145253332357827;0.8814148392045504;0.7964762079428919;0.7964762079428919;0.8708332321334135;0.7804776206779789;0.7804776206779789;0.8608261413731348;0.6915037010904328;0.6915037010904328;0.7827780506123139;0.6689057782525343;0.6689057782525343;0.7579353030785768
0.3333333333333333;0.8214388203839423;0.8214388203839423;0.9209907139690058;0.8664472008190541;0.8664472008190541;0.9424706031689176;0.807628439423794;0.807628439423794;0.913872834056057;0.8381666464963805;0.8381666464963805;0.9273589256973597;0.8621411004550833;0.8621411004550833;0.9399326263895798;0.8524790394147406;0.8524790394147406;0.9332027335479628;0.8416858284315125;0.8416858284315125;0.9303334295252832;0.7599177128403088;0.7599177128403088;0.8879382674564079;0.7290476291917721;0.7290476291917721;0.8699716361605748
0.6666666666666666;0.8210887304340112;0.8210887304340112;0.9211670913640082;0.870020925269007;0.870020925269007;0.9431123607802466;0.8365013761602533;0.8365013761602533;0.9265976452197084;0.8638749205822763;0.8638749205822763;0.9385420386132369;0.8757438849765102;0.8757438849765102;0.9460823823809886;0.8618327194973664;0.8618327194973664;0.9380082203892843;0.8577102336459531;0.8577102336459531;0.9369234042786894;0.7367466892751822;0.7367466892751822;0.8820596662332284;0.7553843296381837;0.7553843296381837;0.8802236938999322
0.0;0.7747937265942985;0.7734563415565162;0.8616813396723205;0.8321696587482609;0.8352331374450326;0.9016335558775276;0.7858576669379425;0.7895717462958259;0.8647615317055923;0.8175331628750362;0.8255238562306145;0.8873546093285022;0.8211342746202559;0.8311974401356704;0.8963700045291226;0.8060018755626424;0.8164346793252363;0.8848111814150321;0.8081285079970777;0.8167646823654299;0.8830650570637322;0.6711761281041343;0.6285475486805817;0.770197660590665;0.6318007730478404;0.6327734468212041;0.7686097177668388
0.6666666666666666;0.7834733599585556;0.7834733599585556;0.8912794599199547;0.8363201758722559;0.8363201758722559;0.9170216800400658;0.8296159878451398;0.8296159878451398;0.9083473229484623;0.8542657745950538;0.8542657745950538;0.9222861613765575;0.8524714390509959;0.8524714390509959;0.9254073108028069;0.8409071452763516;0.8409071452763516;0.9150070183885971;0.8602864563146086;0.8602864563146086;0.9242728124071263;0.7183875745095314;0.7183875745095314;0.8375668064428419;0.7403227410774044;0.7403227410774044;0.8438071360568311
1.0;0.8902946120367775;0.8902946120367775;0.9501507364683882;0.9316999529327857;0.9316999529327857;0.9708459975284001;0.8928470972477239;0.8928470972477239;0.954812908236369;0.9158164440051602;0.9158164440051602;0.9653574547943718;0.9262511048796708;0.9262511048796708;0.969879910608904;0.9149003274033992;0.9149003274033992;0.9644186574779411;0.9207538177689382;0.9207538177689382;0.9677170140415712;0.8146303614915883;0.8146303614915883;0.9157799167042158;0.8447511305324392;0.8447511305324392;0.9245080989874651
0.0;0.8290254616000606;0.8290254616000606;0.9215289222046386;0.8866523160229789;0.8866523160229789;0.95063986594097;0.8268452513802474;0.8268452513802474;0.9188136459441262;0.8638689251853647;0.8638689251853647;0.937777117436454;0.8845765154061312;0.8845765154061312;0.9470162075286014;0.870499040093877;0.870499040093877;0.9389112455885615;0.8689876804211433;0.8689876804211433;0.9395987551872034;0.7583637182611719;0.7583637182611719;0.8787315439326185;0.7539166902852376;0.7539166902852376;0.8774897477609488
0.0;0.709997368136564;0.709997368136564;0.8559639163871506;0.7727226452357443;0.7727226452357443;0.8907986228264657;0.7003857276818712;0.7003857276818712;0.8480938228529241;0.738285083263309;0.738285083263309;0.8720532964027686;0.7555107602996097;0.7555107602996097;0.8838740277401076;0.7266105642203721;0.7266105642203721;0.8665770930889467;0.7435859076147645;0.7435859076147645;0.8740889157227827;0.694472710324677;0.694472710324677;0.8408608859456815;0.6563020863693855;0.6563020863693855;0.8253924406284856
0.0;0.7289216673657312;0.7222547940883619;0.8506910903761785;0.8005968309652369;0.7929766355065833;0.8968568516759984;0.7088830262092161;0.6986915639865827;0.8606383703342209;0.7676791582172537;0.758683832681381;0.8836218225174499;0.80197593310963;0.7952684689693549;0.9091494108103201;0.7792747658837744;0.7710958138492444;0.8925525087625675;0.7771750796039073;0.7692146443025257;0.888197526443364;0.6290288453116676;0.6174408574788496;0.7878401527972776;0.6676066501765717;0.6510308526859849;0.8044235714713558
0.0;0.6463863419885587;0.6463863419885587;0.786006960090356;0.7309811160099752;0.7309811160099752;0.8349787039529012;0.6125411221438561;0.6125411221438561;0.7533919918083387;0.6773223201454173;0.6773223201454173;0.798553277077498;0.73699759225829;0.73699759225829;0.8386520772841346;0.7099731960477164;0.7099731960477164;0.8196790024325461;0.6740683210985134;0.6740683210985134;0.7991143555976536;0.5884588533218645;0.5884588533218645;0.7395648632479861;0.5300071333260856;0.5300071333260856;0.686305486611174
0.6666666666666666;0.7646168525253447;0.7715607304335329;0.8207173539576752;0.8280277584576956;0.8290168599443907;0.8714367507551045;0.7891723186972046;0.7922497249972087;0.8476823211933004;0.816295630668023;0.8182527126791737;0.8638808633858859;0.8431635671725937;0.84644937916823;0.8883528074851869;0.8180558120791714;0.8213455097711498;0.8679430196651172;0.8193713198010318;0.8207453374567151;0.8643799701703999;0.7044907694225363;0.7065861604028384;0.7372430467851668;0.6989809860633777;0.698664362083862;0.7551824161033697
0.3333333333333333;0.6917481964485921;0.6917481964485921;0.8580304110296029;0.7408539832538554;0.7408539832538554;0.8864008640244828;0.5710680377283776;0.5710680377283776;0.783596573338203;0.6201815812966502;0.6201815812966502;0.8192404450447699;0.6901648098064401;0.6901648098064401;0.8572022430198634;0.6724252760345155;0.6724252760345155;0.8403515171646562;0.621902251986516;0.621902251986516;0.8193450750691171;0.664770355636702;0.664770355636702;0.8509409028770899;0.639167054159717;0.639167054159717;0.8413521253059192
1.0;0.8477145407637072;0.8477145407637072;0.9089477049421805;0.8759168846901467;0.8759168846901467;0.9342776676648534;0.8357513720326251;0.8357513720326251;0.9182723392032416;0.8693877271046827;0.8693877271046827;0.9368233807532671;0.8919983265332768;0.8919983265332768;0.9472470994038802;0.8725906857163437;0.8725906857163437;0.9372758350128731;0.8649534534604986;0.8649534534604986;0.9339376249905267;0.7321572928266077;0.7321572928266077;0.8443580144813391;0.6924458166655011;0.6924458166655011;0.8271115610551989
0.6666666666666666;0.7865319060024663;0.7742449291049979;0.9091117696226888;0.8520321840220184;0.8481886647776482;0.9401362218470553;0.7955116054422838;0.7927547629048965;0.9303200025109218;0.8390838753735432;0.8330217993405796;0.9411031441703789;0.8654418395735316;0.8620081230362882;0.9548862727988384;0.8454963707640993;0.8404122887675929;0.946746217130116;0.8428453438198452;0.8372433479665995;0.9432322626899968;0.7091011774808674;0.6482238340025064;0.8567289466131486;0.7183863024564803;0.708723870499482;0.8823346363905662
0.3333333333333333;0.7838100671411898;0.7838100671411898;0.8256342577754324;0.8237194745168929;0.8237194745168929;0.8625788500999105;0.7960935348673653;0.7960935348673653;0.8399375553575157;0.8178165062731068;0.8178165062731068;0.8592089250721143;0.8352958876815992;0.8352958876815992;0.8699693869624545;0.8150376200435371;0.8150376200435371;0.8544328367067843;0.8179839501672296;0.8179839501672296;0.858166661802133;0.6909692050270066;0.6909692050270066;0.7034815935422977;0.7314998195045593;0.7314998195045593;0.7757209459176448
0.3333333333333333;0.8289065032762338;0.826288803009725;0.9105942089616328;0.8709751966733529;0.8685944472878284;0.9396834784685126;0.8318285137714778;0.8302966125841074;0.9193198231472189;0.8492498971453444;0.8488417935114175;0.9302185160223831;0.8808370304728557;0.878957121201064;0.9392346277558055;0.8665464448981143;0.8652197337304012;0.9332938354481727;0.8562105875944089;0.8555724379625961;0.9339345473125858;0.753184652341603;0.7538232899817847;0.8564988827797283;0.7707184503551934;0.7691208400696881;0.8715974942796471
0.0;0.7609564618337754;0.7609564618337754;0.8781322557407016;0.8057818818253718;0.8057818818253718;0.9034970796813956;0.7712446471322542;0.7712446471322542;0.8847757380727435;0.8100634218986582;0.8100634218986582;0.9059996633713571;0.8165080357892524;0.8165080357892524;0.912609290231028;0.7943315825985277;0.7943315825985277;0.8975224000622852;0.7902828977489218;0.7902828977489218;0.8960247405609278;0.6639740072352889;0.6639740072352889;0.8168201793365633;0.631946802906158;0.631946802906158;0.8069283898026725
0.3333333333333333;0.6402975861073066;0.6402975861073066;0.8332851288209696;0.7048295711549722;0.7048295711549722;0.8691192506326009;0.7014229110328873;0.7014229110328873;0.8499952221649067;0.7363864600582549;0.7363864600582549;0.8735613373901786;0.7595823765759783;0.7595823765759783;0.8920618348779985;0.7166990483473172;0.7166990483473172;0.86571496798046;0.7315328666668829;0.7315328666668829;0.8746546296274482;0.6201144868712988;0.6201144868712988;0.8227204905453417;0.5831412056659068;0.5831412056659068;0.7888901375742742
0.0;0.6485184337225897;0.6485184337225897;0.7610141537213228;0.7602680566885577;0.7602680566885577;0.8539887244508072;0.6756641585037669;0.6756641585037669;0.7880645157816847;0.7284505510991208;0.7284505510991208;0.8286595622004695;0.7731425889758179;0.7731425889758179;0.8615185951194324;0.7319391660921685;0.7319391660921685;0.8324713337239499;0.7254547487747713;0.7254547487747713;0.8257580371391333;0.5160346836302859;0.5160346836302859;0.6643286003056066;0.5635028962910515;0.5635028962910515;0.7102388466927386
0.0;0.5168707272302588;0.5168707272302588;0.7725188979386755;0.6041268096753186;0.6041268096753186;0.8300178863861921;0.3887677976104353;0.3887677976104353;0.7030762453780335;0.44612803876672175;0.44612803876672175;0.7423268120504288;0.5173105912757705;0.5173105912757705;0.7900404369191977;0.5068686770582328;0.5068686770582328;0.7730517952133292;0.4491512325021859;0.4491512325021859;0.7418303080719111;0.4562726934089224;0.4562726934089224;0.726507611223531;0.4319636385115757;0.4319636385115757;0.7259914317757583
0.0;0.7930726066061072;0.7930726066061072;0.897875129004742;0.8554278494039752;0.8554278494039752;0.9280139674919777;0.7940124187088319;0.7940124187088319;0.9057006536399237;0.8302066236761411;0.8302066236761411;0.9244617007456829;0.8741658003612931;0.8741658003612931;0.9460508597497649;0.8556364723677844;0.8556364723677844;0.9375036906203156;0.8420421432181732;0.8420421432181732;0.9285920601167338;0.6627827042984334;0.6627827042984334;0.8354632445813547;0.7237073627746392;0.7237073627746392;0.8559593053280239
0.3333333333333333;0.7213352115313285;0.7213352115313285;0.8611779267593098;0.7768396250827312;0.7768396250827312;0.8931884795485756;0.7216199483289865;0.7216199483289865;0.8568942119548598;0.762363425845714;0.762363425845714;0.8812167491222046;0.806453806209211;0.806453806209211;0.908105845504627;0.7775742350787112;0.7775742350787112;0.8907697188803747;0.7539429987533991;0.7539429987533991;0.8775103116862657;0.6365207802437449;0.6365207802437449;0.8025723982830553;0.5845074107288382;0.5845074107288382;0.7646281805975059
0.3333333333333333;0.7794630200121041;0.7869118135205596;0.8871562987386624;0.8225388086787437;0.8257701868288901;0.9091681183655359;0.8031494166982361;0.805108979201719;0.8945188718957668;0.8325180194711916;0.8355794663836532;0.912999735683532;0.8447482160752419;0.8452399355319073;0.9217973458169002;0.8357485044277966;0.8348602468779052;0.9124592464236234;0.8350880818255729;0.8354934201255775;0.9146063573081255;0.7042846300487632;0.6846788001217554;0.8313005072555796;0.6969145382260137;0.6945543354273007;0.8353217303192538
0.6666666666666666;0.8548500418700912;0.8548500418700912;0.9033375404302652;0.866723341273694;0.866723341273694;0.9164636658739272;0.8974486965339306;0.8974486965339306;0.9295604271470506;0.9047168033519474;0.9047168033519474;0.9346054156444836;0.9095558062940472;0.9095558062940472;0.9414678024736909;0.8994157517323621;0.8994157517323621;0.9307332420288172;0.8971541020465256;0.8971541020465256;0.9303455932161288;0.7771408076524633;0.7771408076524633;0.8475676719652824;0.7923836118552426;0.7923836118552426;0.8549290074772432
0.3333333333333333;0.6454076203190547;0.6454076203190547;0.8275566109401313;0.7096486762893341;0.7096486762893341;0.8725045233918544;0.6053391111406373;0.6053391111406373;0.7898930811870999;0.6295898677552888;0.6295898677552888;0.8167462113878877;0.653220746548218;0.653220746548218;0.8396956383836018;0.640057733448245;0.640057733448245;0.827118609544926;0.6410152587003468;0.6410152587003468;0.8232564867705002;0.6480343573093441;0.6480343573093441;0.8228888121183942;0.6478238948233233;0.6478238948233233;0.8149672756319368
0.0;0.7620075604459096;0.7620075604459096;0.9055703329914381;0.8112463992287251;0.8112463992287251;0.9298743396528855;0.756066513275213;0.756066513275213;0.9068397046477347;0.7816795551936895;0.7816795551936895;0.9207494937502082;0.8239150064774702;0.8239150064774702;0.9384783518650968;0.8132478066131245;0.8132478066131245;0.9314208214820621;0.7905682912571678;0.7905682912571678;0.9241127967600989;0.6821619000956136;0.6821619000956136;0.8657066833972088;0.6708522384330817;0.6708522384330817;0.8606759297254817
0.3333333333333333;0.649633032602214;0.6578372606932854;0.8019379479009134;0.7338900545764472;0.7423561524871163;0.8580260580083908;0.6149412044855513;0.6310912919184877;0.7833358152442363;0.6744741298549451;0.696452831930592;0.825300761204959;0.7244770374407646;0.7351028425871509;0.8515232713405801;0.7031764974199135;0.7110361628582239;0.8364134444411402;0.6716399205453006;0.6887151834098889;0.8221916293553966;0.5226544926686494;0.5047571915080433;0.7115609323235699;0.5230799501849376;0.5304342701391831;0.7167277764347889
0.0;0.5250997635124133;0.5250997635124133;0.7290010288820107;0.6182738040129044;0.6182738040129044;0.7869042327364466;0.4586932315272274;0.4586932315272274;0.6295584664427664;0.5410439148423858;0.5410439148423858;0.6995055114415555;0.6098311247117115;0.6098311247117115;0.7637862861910575;0.5795942083685295;0.5795942083685295;0.736667852817142;0.5445680423482051;0.5445680423482051;0.7063085906456157;0.4605714585241034;0.4605714585241034;0.6712209855256078;0.39520622039320813;0.39520622039320813;0.5988971260927712
0.0;0.7851065493720406;0.7851065493720406;0.9073095371273329;0.8447649606915651;0.8447649606915651;0.9347872502070952;0.8085005408972215;0.8085005408972215;0.9110875891498584;0.8311344196536725;0.8311344196536725;0.9230980468992925;0.8458383436245603;0.8458383436245603;0.9333266106956717;0.8280134600315628;0.8280134600315628;0.9217937330358958;0.8219556850550986;0.8219556850550986;0.9193505776270224;0.6916086096558034;0.6916086096558034;0.8500075301642237;0.6865857289501631;0.6865857289501631;0.8505802759179739
0.0;0.821181502413125;0.8242592171652576;0.9012913080860148;0.869676653965839;0.8710329465772173;0.9301011639202598;0.8427794766346803;0.8412562270775277;0.9149969252436942;0.8702955459403716;0.8685882180822275;0.9311485455963507;0.8822505725564714;0.8806759416267258;0.9378535835391764;0.868161670142823;0.8697997458104779;0.9301143546282425;0.878689671666443;0.8748304196579456;0.933204235794171;0.7771555819219965;0.7865265289812255;0.8765649796980008;0.7565258175177377;0.7716202074500305;0.8757709773667182
0.0;0.7788344606409378;0.7788344606409378;0.8906804902219327;0.8359898065331764;0.8359898065331764;0.9274710872869325;0.7819439777724947;0.7819439777724947;0.9004865007696135;0.80340844744855;0.80340844744855;0.913850235319541;0.8285472980375475;0.8285472980375475;0.9264605579357234;0.8173936713902394;0.8173936713902394;0.9199892054650989;0.8077011739516892;0.8077011739516892;0.9165635338120595;0.6970059004776556;0.6970059004776556;0.8470333490391552;0.7027414178795334;0.7027414178795334;0.8504264838012324
0.3333333333333333;0.7556988072007863;0.7556988072007863;0.8568667060825053;0.8235916365885058;0.8235916365885058;0.9051215137038976;0.8090085248792397;0.8090085248792397;0.874977584163177;0.8494412709273886;0.8494412709273886;0.9001378859491911;0.8489525373819148;0.8489525373819148;0.9080164527024552;0.8373942426347804;0.8373942426347804;0.8944752429693767;0.8505986156829659;0.8505986156829659;0.9032346326318864;0.6760518572912568;0.6760518572912568;0.7884531467915573;0.6773755250071357;0.6773755250071357;0.7944097819945467
0.0;0.7923338863678115;0.778867873757694;0.903050090563844;0.8505874154415062;0.8378081503313435;0.9322230996835777;0.7620640831750348;0.7578174658230427;0.8932328501780575;0.810285858605042;0.8014237319786662;0.9172319375162499;0.8450352062510869;0.8360934659212916;0.932737583378573;0.8141586549814972;0.8006377098928339;0.9173884471368581;0.803652548278569;0.7937837581052171;0.9155529176242844;0.728335960225055;0.6924688523298216;0.8761019227063814;0.7368696488630518;0.7023731273202469;0.8844433055016628
0.0;0.6866937654629955;0.6866937654629955;0.8519864477202471;0.7584477563873474;0.7584477563873474;0.8892825494786541;0.7018869370550569;0.7018869370550569;0.8472462718711493;0.7384759185478066;0.7384759185478066;0.8716828847123792;0.7795160712351616;0.7795160712351616;0.8915857573676903;0.7425898338925085;0.7425898338925085;0.873319325937682;0.7423377000111064;0.7423377000111064;0.8744790768280961;0.5867890330622476;0.5867890330622476;0.7843097377575086;0.5420796265952152;0.5420796265952152;0.7521248860573858
0.3333333333333333;0.6651960998915291;0.6651960998915291;0.8623014452771369;0.7475257718024748;0.7475257718024748;0.9045334680379269;0.7297922039415027;0.7297922039415027;0.8835662388668443;0.7650042554412692;0.7650042554412692;0.9003604813800379;0.7848482295826493;0.7848482295826493;0.9157746010041403;0.7592671170972384;0.7592671170972384;0.9009794354096563;0.7711590337168945;0.7711590337168945;0.9019943590330869;0.6893803066955747;0.6893803066955747;0.8587456472441696;0.6959244483072636;0.6959244483072636;0.8573935666859519
0.3333333333333333;0.8312743160783287;0.8285881131295765;0.9109105674430003;0.8752219734945765;0.8727752842960323;0.9334591657608908;0.8507173152645674;0.8474056261338057;0.9132224160561098;0.876568743335426;0.8741979751848271;0.9297421902638662;0.8924506393386274;0.89077231415711;0.9396064740318989;0.8796076803155456;0.8777224154007094;0.9324791223072438;0.8804330722462891;0.878548667866561;0.9330642076279487;0.765464127470685;0.7621409797080602;0.8652442425150254;0.7498035299648094;0.7452760678292177;0.8485876511174059
1.0;0.822536176083057;0.822536176083057;0.8933341176840305;0.8705812361075349;0.8705812361075349;0.9247515895218984;0.8083187294915108;0.8083187294915108;0.8927995394273027;0.8335346460997791;0.8335346460997791;0.9103064578511836;0.856775595158069;0.856775595158069;0.9242421190777725;0.8347255378952285;0.8347255378952285;0.9107705840313376;0.8371988987359323;0.8371988987359323;0.9110875325683584;0.7813751174865627;0.7813751174865627;0.8642416567526823;0.7988786965981793;0.7988786965981793;0.8656383653380137
0.0;0.746261128613448;0.749536305037026;0.8589254165238405;0.7911149084121802;0.7937744178002131;0.8894386921102555;0.5533278680858104;0.5449174041605866;0.6972442696459394;0.6102661858160439;0.6042820507022665;0.7441280271546079;0.65812072064161;0.6555309826064256;0.7881427007687997;0.6406342304215203;0.6329250959691101;0.7649915906748976;0.6144215325268885;0.6058227538053808;0.7491089159206403;0.6679889100009957;0.63012031831069;0.7928805063472446;0.6662184816413731;0.656743204659845;0.79933989458183
0.0;0.6984798116169332;0.6984798116169332;0.8541331300966624;0.7547880218464676;0.7547880218464676;0.8937587762436775;0.7305669171988342;0.7305669171988342;0.8667304880913367;0.7898807760944465;0.7898807760944465;0.9030105664098982;0.7714552198351227;0.7714552198351227;0.9040001231181423;0.7629475815944776;0.7629475815944776;0.891476579525308;0.7835413820835084;0.7835413820835084;0.899517385836058;0.6188946555397844;0.6188946555397844;0.8018593799345263;0.6196350990686394;0.6196350990686394;0.8015359768373073
0.3333333333333333;0.7571029610130037;0.7112209478115409;0.8841768469303168;0.8189204025653217;0.7872509827292447;0.9169111626448819;0.8293015223484123;0.7938775172413012;0.9128250576242727;0.8488941274314369;0.8253645458696894;0.9273917520988444;0.8674103491819238;0.8479304491179811;0.9428895720992385;0.8508615748485476;0.827053871322059;0.9319308573233868;0.8500148773744693;0.824417711225251;0.9269676725419592;0.7556614808244135;0.6810972902093114;0.8682115030745573;0.7573280160173341;0.7156288090404209;0.89353868374271
0.0;0.7564572877305401;0.7726670510255019;0.9010051190113675;0.8197951404206644;0.832352431198232;0.9304491252091909;0.752246206306637;0.769630972340938;0.9022788585848874;0.7874811473791402;0.806648867571878;0.9171107748008851;0.8133756621270046;0.8295009882598955;0.9284683461804182;0.8100567699130644;0.8234946799038584;0.9234150764570598;0.7987067888588567;0.8175916238929543;0.9224618555267299;0.7060436946988045;0.7144863373219509;0.8655678238419047;0.6855395820520227;0.6951762860209639;0.8563801542117625
0.3333333333333333;0.7907666495486629;0.776931189151253;0.8905081240680021;0.8501745816179711;0.8406612594116203;0.9261871500863509;0.8072745927323985;0.7907561725431643;0.9099984061815691;0.8506442701502551;0.8381994315398856;0.9297702326676192;0.8668964405517694;0.855190041529042;0.9382242693049669;0.8557369948672352;0.8447353496138084;0.931942960970292;0.8527012321092271;0.8411024684309178;0.9305950253062741;0.7594003388296698;0.7469620156120044;0.8618592077692688;0.7319758551068822;0.7209418633735669;0.8601921926907219
0.3333333333333333;0.8514227211849715;0.8514227211849715;0.9160323537896204;0.9004622662207591;0.9004622662207591;0.9459418784556887;0.8577200884578322;0.8577200884578322;0.9213494341535912;0.891399328125604;0.891399328125604;0.9412091207825357;0.9025456367182288;0.9025456367182288;0.9473278954956045;0.8910215210253334;0.8910215210253334;0.9385741120327337;0.8922846197260429;0.8922846197260429;0.9413030723315414;0.7800904454033344;0.7800904454033344;0.8678156492349566;0.7801518205145785;0.7801518205145785;0.8754589790745358
0.3333333333333333;0.7213569488025502;0.7213569488025502;0.8765540681014955;0.7872525910938872;0.7872525910938872;0.9070140073308731;0.6802193891671513;0.6802193891671513;0.8425483622897633;0.7283845891653725;0.7283845891653725;0.8725681750589512;0.7493847004261701;0.7493847004261701;0.8893803751886346;0.7233818839392014;0.7233818839392014;0.8714413337540008;0.7361344820921571;0.7361344820921571;0.8774663215769605;0.5834329085794454;0.5834329085794454;0.8275189523777163;0.5423727022284727;0.5423727022284727;0.7993409092154744
0.6666666666666666;0.8010556208387655;0.8010556208387655;0.9111807740316826;0.8531312284917903;0.8531312284917903;0.9414029794135168;0.8044299141209837;0.8044299141209837;0.9215207808131225;0.8576128439400166;0.8576128439400166;0.942396125460081;0.8658679556427984;0.8658679556427984;0.9481553838119652;0.8605611167524329;0.8605611167524329;0.9429384768293131;0.8578373226131628;0.8578373226131628;0.9423737620273674;0.7421668510258105;0.7421668510258105;0.8653700138975655;0.7505103058658623;0.7505103058658623;0.8777182443378355
0.0;0.7851068790904175;0.7851068790904175;0.8709787909682064;0.8533286629929004;0.8533286629929004;0.9096166344103136;0.7875467515204779;0.7875467515204779;0.8733279366456101;0.8258999177193119;0.8258999177193119;0.8963530823143595;0.8433181691923517;0.8433181691923517;0.9075018490149533;0.8296387950290339;0.8296387950290339;0.8979846397367541;0.8252852234601599;0.8252852234601599;0.8949743117086203;0.6865293004258551;0.6865293004258551;0.8100549543514551;0.7002695517621355;0.7002695517621355;0.8091240792577999
0.0;0.802033264824009;0.802033264824009;0.899370851585841;0.8502630641065465;0.8502630641065465;0.9252911817246856;0.7918144470101284;0.7918144470101284;0.8954241585250138;0.8294276114168511;0.8294276114168511;0.9110461703911339;0.851707400422515;0.851707400422515;0.9255028227546411;0.8373642318838965;0.8373642318838965;0.9147150709055444;0.830317864780885;0.830317864780885;0.9121703509988583;0.7474969770011923;0.7474969770011923;0.8717948299381693;0.7361058791027845;0.7361058791027845;0.8563804059774334
0.0;0.6892316781115102;0.6892316781115102;0.8464714774965748;0.7484152279018075;0.7484152279018075;0.8811994563958124;0.5911902372000969;0.5911902372000969;0.774309113635983;0.6396040592231004;0.6396040592231004;0.811164856589498;0.698597575785126;0.698597575785126;0.8509011380211012;0.6812556586722313;0.6812556586722313;0.8337289420955134;0.631275938277251;0.631275938277251;0.8104372028984841;0.6449317454476492;0.6449317454476492;0.8059924390406024;0.6039450611335249;0.6039450611335249;0.7837886567984677
0.0;0.6379823694442772;0.6379823694442772;0.8081572600119612;0.7213375958717371;0.7213375958717371;0.8624375738543477;0.5685262254279738;0.5685262254279738;0.7828690759220372;0.6368757598898791;0.6368757598898791;0.8201987813725626;0.692645978657126;0.692645978657126;0.8554009389936583;0.6497914812612658;0.6497914812612658;0.8285815111585558;0.6368716435952583;0.6368716435952583;0.824597597487208;0.5563703806247412;0.5563703806247412;0.7431350992301708;0.5562816316444318;0.5562816316444318;0.756514901153008
