Human;BioWordVec_extrinsic StanfordCoreNLPv3_9_1;BioWordVec_extrinsic BioCNLPTokenizer;BioWordVec_extrinsic WhiteSpace;BioWordVec_intrinsic StanfordCoreNLPv3_9_1;BioWordVec_intrinsic BioCNLPTokenizer;BioWordVec_intrinsic WhiteSpace;bioc_skipgram_defaultchar StanfordCoreNLPv3_9_1;bioc_skipgram_defaultchar BioCNLPTokenizer;bioc_skipgram_defaultchar WhiteSpace;bioc_skipgram_Defaultchar200dim_8ene StanfordCoreNLPv3_9_1;bioc_skipgram_Defaultchar200dim_8ene BioCNLPTokenizer;bioc_skipgram_Defaultchar200dim_8ene WhiteSpace;bioc_skipgram_Nonechar200dim StanfordCoreNLPv3_9_1;bioc_skipgram_Nonechar200dim BioCNLPTokenizer;bioc_skipgram_Nonechar200dim WhiteSpace;stanford_skipgram_nonechar200dim StanfordCoreNLPv3_9_1;stanford_skipgram_nonechar200dim BioCNLPTokenizer;stanford_skipgram_nonechar200dim WhiteSpace;stanf_skipgram_defaultchar200dim StanfordCoreNLPv3_9_1;stanf_skipgram_defaultchar200dim BioCNLPTokenizer;stanf_skipgram_defaultchar200dim WhiteSpace;BioNLP2016_PubMed-shuffle-win-2 StanfordCoreNLPv3_9_1;BioNLP2016_PubMed-shuffle-win-2 BioCNLPTokenizer;BioNLP2016_PubMed-shuffle-win-2 WhiteSpace;BioNLP2016_PubMed-shuffle-win-30 StanfordCoreNLPv3_9_1;BioNLP2016_PubMed-shuffle-win-30 BioCNLPTokenizer;BioNLP2016_PubMed-shuffle-win-30 WhiteSpace
2.6666666666666665;0.9342178682536437;0.9387723030691829;0.9387723030691829;0.9489827834632776;0.9606999681900108;0.9606999681900108;0.930307976689262;0.9577890370087164;0.9577890370087164;0.9441545687965368;0.9629333466745846;0.9629333466745846;0.9522970331226245;0.9669193816736371;0.9669193816736371;0.9435177341891647;0.9626649632293023;0.9626649632293023;0.957095937070076;0.9636166050209173;0.9636166050209173;0.9092003594058898;0.9092003594058898;0.9092003594058898;0.9228882528182996;0.9228882528182996;0.9228882528182996
1.3333333333333333;0.9000085261404571;0.9142507404910051;0.9142507404910051;0.9299016128164782;0.9434197674033149;0.9434197674033149;0.9314122590070989;0.9386194659929025;0.9386194659929025;0.9293151612624725;0.9426725417986348;0.9426725417986348;0.9315509744459869;0.9494944158329505;0.9494944158329505;0.9255699072822515;0.9447601655913752;0.9447601655913752;0.9519922658312662;0.9472161623784543;0.9472161623784543;0.8565864129224694;0.8565864129224694;0.8565864129224694;0.8702809713988482;0.8702809713988482;0.8702809713988482
4.0;0.9518503015696144;0.9518503015696144;0.9518503015696144;0.9704049129086684;0.9704049129086684;0.9704049129086684;0.9665807181386881;0.9665807181386881;0.9665807181386881;0.9717433822822267;0.9717433822822267;0.9717433822822267;0.9743526451555696;0.9743526451555696;0.9743526451555696;0.9718882372775195;0.9718882372775195;0.9718882372775195;0.9725323767028794;0.9725323767028794;0.9725323767028794;0.9222538316669052;0.9222538316669052;0.9222538316669052;0.9407327391509107;0.9407327391509107;0.9407327391509107
2.6666666666666665;0.9292370153374864;0.9355139140358658;0.9355139140358658;0.950538122661501;0.9551731253691089;0.9551731253691089;0.940459583177495;0.9435138907705627;0.9435138907705627;0.9532535683153571;0.9550055357760024;0.9550055357760024;0.9565968679847436;0.960283119737728;0.960283119737728;0.9529410146314161;0.9575742663705009;0.9575742663705009;0.9525793880348565;0.9557152969413875;0.9557152969413875;0.8949641176125801;0.8949641176125801;0.8949641176125801;0.9164954437590461;0.9164954437590461;0.9164954437590461
2.6666666666666665;0.9238242582595919;0.9296425677467807;0.9296425677467807;0.9477264438915566;0.9534976992075599;0.9534976992075599;0.9286802568083065;0.9355790231522191;0.9355790231522191;0.9433045408318405;0.9489102679965363;0.9489102679965363;0.948699878851262;0.9568471264953381;0.9568471264953381;0.9413240467809404;0.9521663825413571;0.9521663825413571;0.9422292763854876;0.9474487011062231;0.9474487011062231;0.898937767118894;0.898937767118894;0.898937767118894;0.9162023849231764;0.9162023849231764;0.9162023849231764
1.6666666666666667;0.900345586789813;0.890373095750057;0.890373095750057;0.927296308317965;0.9188267055952724;0.9188267055952724;0.915305451219118;0.8983893547586087;0.8983893547586087;0.9246232657183985;0.9126782050912471;0.9126782050912471;0.934746373764364;0.9274657421877319;0.9274657421877319;0.9246499933160028;0.9138292817988924;0.9138292817988924;0.9310529107953339;0.916538369602582;0.916538369602582;0.8807173325765976;0.8807173325765976;0.8807173325765976;0.8796559548888836;0.8796559548888836;0.8796559548888836
2.3333333333333335;0.9284723307397544;0.9284723307397544;0.9284723307397544;0.9578940962328976;0.9578940962328976;0.9578940962328976;0.9497826696807016;0.9497826696807016;0.9497826696807016;0.9562592239152451;0.9562592239152451;0.9562592239152451;0.96517938654651;0.96517938654651;0.96517938654651;0.9585002289777889;0.9585002289777889;0.9585002289777889;0.9586247411253604;0.9586247411253604;0.9586247411253604;0.8903484162184694;0.8903484162184694;0.8903484162184694;0.9317285999320518;0.9317285999320518;0.9317285999320518
1.0;0.8866462584508433;0.8952253100865657;0.8952253100865657;0.9105509778844845;0.9196032874310659;0.9196032874310659;0.8597019716808161;0.8702919088234707;0.8702919088234707;0.8814460138900805;0.8875234521795237;0.8875234521795237;0.8946379726752488;0.9055182627833369;0.9055182627833369;0.882727260134635;0.8947894547339307;0.8947894547339307;0.8798437160107103;0.88548980880791;0.88548980880791;0.8799043472387044;0.8799043472387044;0.8799043472387044;0.8943095698094188;0.8943095698094188;0.8943095698094188
1.6666666666666667;0.9312827470856859;0.9395228944864125;0.9395228944864125;0.9406649269892623;0.9509898657290896;0.9509898657290896;0.9219812031993303;0.9431859881511778;0.9431859881511778;0.9275458878015114;0.9473194718855998;0.9473194718855998;0.9351830872099038;0.9581975891859652;0.9581975891859652;0.9228938263498121;0.9508114358650593;0.9508114358650593;0.9263319770013012;0.9465682470081719;0.9465682470081719;0.9138442312925366;0.9142671158860142;0.9142671158860142;0.9165098560891201;0.9156212214612154;0.9156212214612154
3.0;0.9311162214203557;0.9422141636830488;0.9422141636830488;0.9475854538280324;0.9596187626611642;0.9596187626611642;0.9314164255178555;0.9456092725336852;0.9456092725336852;0.9406543686602339;0.9534529961957507;0.9534529961957507;0.9509051233370822;0.9625149592013634;0.9625149592013634;0.9412851049516305;0.9545648681272779;0.9545648681272779;0.9486981672110361;0.9567890034789918;0.9567890034789918;0.8743013018901332;0.8743013018901332;0.8743013018901332;0.883108167023697;0.883108167023697;0.883108167023697
1.6666666666666667;0.925304092285884;0.925304092285884;0.925304092285884;0.951210193686064;0.951210193686064;0.951210193686064;0.9353800930581465;0.9353800930581465;0.9353800930581465;0.9396351063384044;0.9396351063384044;0.9396351063384044;0.9495412964185145;0.9495412964185145;0.9495412964185145;0.9415832382488785;0.9415832382488785;0.9415832382488785;0.9399195675572389;0.9399195675572389;0.9399195675572389;0.8703372007405357;0.8703372007405357;0.8703372007405357;0.898321506793203;0.898321506793203;0.898321506793203
1.3333333333333333;0.8975747553613671;0.8979765437494496;0.8979765437494496;0.9220150928048032;0.9236319948283868;0.9236319948283868;0.9099931856682602;0.9096178916359238;0.9096178916359238;0.930046989814139;0.9275073681587691;0.9275073681587691;0.9470498216918676;0.9440748913542304;0.9440748913542304;0.9361552977463872;0.935259287901517;0.935259287901517;0.9297421505108472;0.9266898639764745;0.9266898639764745;0.8698018904813803;0.8698018904813803;0.8698018904813803;0.8691867127411333;0.8691867127411333;0.8691867127411333
1.3333333333333333;0.9410029779597416;0.9358974241235252;0.9358974241235252;0.9581312909296922;0.9537701760386754;0.9537701760386754;0.9434537788768416;0.9363916469751039;0.9363916469751039;0.9516079927610647;0.9460879911919295;0.9460879911919295;0.9586180105956801;0.9546571441767199;0.9546571441767199;0.951504054735922;0.9464345469913955;0.9464345469913955;0.9512767732734704;0.9460605613198048;0.9460605613198048;0.9017040248175847;0.9017040248175847;0.9017040248175847;0.8896438902883612;0.8896438902883612;0.8896438902883612
1.0;0.7707203393536979;0.7653619753797163;0.7653619753797163;0.8329271684213035;0.8298793099603444;0.8298793099603444;0.7902662271937099;0.7865043769149209;0.7865043769149209;0.8002099208099105;0.7934737471574056;0.7934737471574056;0.8167655571419166;0.8120764814940793;0.8120764814940793;0.8008408593656845;0.7984274177269344;0.7984274177269344;0.7959707881572311;0.801994462907726;0.801994462907726;0.5971657091777608;0.5971657091777608;0.5971657091777608;0.631784088198093;0.631784088198093;0.631784088198093
1.6666666666666667;0.7675043972826553;0.7554626346198721;0.7554626346198721;0.8199180499926285;0.8134104793195093;0.8134104793195093;0.7818525192994688;0.7776345876400786;0.7776345876400786;0.7935333967665567;0.7832617406337815;0.7832617406337815;0.8171793235022792;0.8063029546531236;0.8063029546531236;0.7988431106783819;0.7900672569017997;0.7900672569017997;0.7819085192750276;0.7929594103552895;0.7929594103552895;0.6596779657586394;0.6596779657586394;0.6596779657586394;0.6974214753676945;0.6974214753676945;0.6974214753676945
2.3333333333333335;0.9069625255844729;0.8957412394485448;0.8957412394485448;0.9363717737274653;0.9269746035599934;0.9269746035599934;0.9132328102790788;0.9188143180568036;0.9188143180568036;0.9285579200520888;0.9269789884716781;0.9269789884716781;0.9420872577399837;0.9395590482755449;0.9395590482755449;0.935782752240408;0.9316231297555759;0.9316231297555759;0.9275835342007754;0.9305842679082234;0.9305842679082234;0.8379693236458312;0.8379693236458312;0.8379693236458312;0.824566431339208;0.824566431339208;0.824566431339208
3.0;0.9424542730407958;0.9410060909507152;0.9410060909507152;0.9650967975817588;0.9614985065083006;0.9614985065083006;0.9527420005097329;0.9579999187268414;0.9579999187268414;0.9621808649012213;0.9635216344912203;0.9635216344912203;0.9676870124557886;0.968281322619221;0.968281322619221;0.9624256235933522;0.964161283139545;0.964161283139545;0.9599190350073288;0.9646874555918699;0.9646874555918699;0.892243618277378;0.892243618277378;0.892243618277378;0.8815082633649428;0.8815082633649428;0.8815082633649428
2.3333333333333335;0.917814338202851;0.9248916027270202;0.9248916027270202;0.942908240316109;0.9484651633792672;0.9484651633792672;0.9379112041505583;0.9437117148073856;0.9437117148073856;0.9458807507449387;0.9495216334174571;0.9495216334174571;0.9544236376456304;0.9569867675323288;0.9569867675323288;0.9436513692599257;0.9489244559295507;0.9489244559295507;0.944926197859571;0.9518882141477077;0.9518882141477077;0.9028431218741956;0.9028431218741956;0.9028431218741956;0.9023998164391022;0.9023998164391022;0.9023998164391022
3.0;0.8850067312685549;0.9110766904453812;0.9110766904453812;0.908291329772059;0.936684272239264;0.936684272239264;0.887482672701107;0.9182348699849275;0.9182348699849275;0.8951007573153719;0.9265020673110566;0.9265020673110566;0.9050616394442401;0.9374313187987915;0.9374313187987915;0.8869303626636655;0.9249510083726542;0.9249510083726542;0.9262923976075921;0.9295074375957363;0.9295074375957363;0.8440771199576967;0.8440771199576967;0.8440771199576967;0.8747772957085767;0.8747772957085767;0.8747772957085767
1.6666666666666667;0.954881761043401;0.9507683625790732;0.9507683625790732;0.9703013007715876;0.9671637699501666;0.9671637699501666;0.9650595464939701;0.9605483445746659;0.9605483445746659;0.9684111097715858;0.964717231240004;0.964717231240004;0.9735926308999806;0.9711076250877478;0.9711076250877478;0.9692072147829147;0.9660583709200914;0.9660583709200914;0.9672638598870016;0.9637404139704908;0.9637404139704908;0.9089502499700054;0.9089502499700054;0.9089502499700054;0.9184764737206197;0.9184764737206197;0.9184764737206197
3.0;0.9451193924345712;0.9451193924345712;0.9451193924345712;0.9591261161015247;0.9591261161015247;0.9591261161015247;0.9496744701849567;0.9496744701849567;0.9496744701849567;0.9543052462045023;0.9543052462045023;0.9543052462045023;0.9587073398900027;0.9587073398900027;0.9587073398900027;0.9541487993524054;0.9541487993524054;0.9541487993524054;0.9556172630868499;0.9556172630868499;0.9556172630868499;0.9141741164856817;0.9141741164856817;0.9141741164856817;0.9240374452672543;0.9240374452672543;0.9240374452672543
2.6666666666666665;0.9321193244345166;0.9321193244345166;0.9321193244345166;0.9554460559063745;0.9554460559063745;0.9554460559063745;0.9463688973205036;0.9463688973205036;0.9463688973205036;0.9570781140780318;0.9570781140780318;0.9570781140780318;0.9603316506567181;0.9603316506567181;0.9603316506567181;0.955750517863163;0.955750517863163;0.955750517863163;0.9555557178243499;0.9555557178243499;0.9555557178243499;0.8752437526471484;0.8752437526471484;0.8752437526471484;0.8881706899236614;0.8881706899236614;0.8881706899236614
1.6666666666666667;0.9203315760745899;0.9203315760745899;0.9203315760745899;0.9442209989064342;0.9442209989064342;0.9442209989064342;0.9352302823884558;0.9352302823884558;0.9352302823884558;0.9500314381024123;0.9500314381024123;0.9500314381024123;0.9547607290934413;0.9547607290934413;0.9547607290934413;0.9509298764112443;0.9509298764112443;0.9509298764112443;0.9494321914898833;0.9494321914898833;0.9494321914898833;0.8659783696312874;0.8659783696312874;0.8659783696312874;0.8696136077893358;0.8696136077893358;0.8696136077893358
3.0;0.9457920263715417;0.9457920263715417;0.9457920263715417;0.9637633230636823;0.9637633230636823;0.9637633230636823;0.9573010249612381;0.9573010249612381;0.9573010249612381;0.965373895601014;0.965373895601014;0.965373895601014;0.9704614396770809;0.9704614396770809;0.9704614396770809;0.9646316284256086;0.9646316284256086;0.9646316284256086;0.9658429988774336;0.9658429988774336;0.9658429988774336;0.9096403801779102;0.9096403801779102;0.9096403801779102;0.9095122947608557;0.9095122947608557;0.9095122947608557
2.6666666666666665;0.9607420077357165;0.9639871928085307;0.9639871928085307;0.9722824868443841;0.9768240429280411;0.9768240429280411;0.9651205051965108;0.9713052281156795;0.9713052281156795;0.9682115820516924;0.9737090917674308;0.9737090917674308;0.9710936352129064;0.9768316578023822;0.9768316578023822;0.9672057785232437;0.9735937204434352;0.9735937204434352;0.9759752898761924;0.9758000064981446;0.9758000064981446;0.9065964390936774;0.9065964390936774;0.9065964390936774;0.926012559930402;0.926012559930402;0.926012559930402
2.6666666666666665;0.8984097144903193;0.9077943089969895;0.9077943089969895;0.9258689045401242;0.935276008803986;0.935276008803986;0.9028424073960397;0.9072818941632447;0.9072818941632447;0.9174284838210329;0.9262077880240049;0.9262077880240049;0.9160711538189604;0.9322330184215571;0.9322330184215571;0.9029864300663061;0.9225224285779168;0.9225224285779168;0.9307296137459103;0.9274409505342383;0.9274409505342383;0.912251303082671;0.912251303082671;0.912251303082671;0.9280677303119449;0.9280677303119449;0.9280677303119449
2.0;0.8851463703861091;0.8805856840366767;0.8805856840366767;0.896718662297979;0.8882424050045711;0.8882424050045711;0.9066276602871559;0.8933003798074848;0.8933003798074848;0.9081302073856024;0.8999462253212267;0.8999462253212267;0.911588292887867;0.9105973994838508;0.9105973994838508;0.9045337802199688;0.9032162018829595;0.9032162018829595;0.9214529730888985;0.9064470819619349;0.9064470819619349;0.9120222928574919;0.9120222928574919;0.9120222928574919;0.921287003742472;0.921287003742472;0.921287003742472
2.0;0.8954056125702008;0.9025805763195062;0.9025805763195062;0.9350522666296206;0.9415516017384334;0.9415516017384334;0.9083298200933174;0.9097718460645714;0.9097718460645714;0.9259453993408214;0.928912595575324;0.928912595575324;0.9210227329307982;0.9302572338411034;0.9302572338411034;0.904562778701213;0.9183848106072982;0.9183848106072982;0.9273218809824213;0.9322977435774423;0.9322977435774423;0.8389920414759704;0.8389920414759704;0.8389920414759704;0.8439612272268294;0.8439612272268294;0.8439612272268294
2.6666666666666665;0.975597175747737;0.9763461764446397;0.9763461764446397;0.9845693573714134;0.9855332417731723;0.9855332417731723;0.9803383735130812;0.9822112658248292;0.9822112658248292;0.9840213568858345;0.9855927491089624;0.9855927491089624;0.9858133677798123;0.9871386081977996;0.9871386081977996;0.9846165695153277;0.9858117900596545;0.9858117900596545;0.9865987355616431;0.9860510655271111;0.9860510655271111;0.9512153178696406;0.9512153178696406;0.9512153178696406;0.952390739761689;0.952390739761689;0.952390739761689
1.0;0.8558918981222515;0.8481806960948941;0.8481806960948941;0.8530186456864516;0.8462112139344664;0.8462112139344664;0.8538053432557052;0.863458549882181;0.863458549882181;0.8749663206151157;0.8718257947092;0.8718257947092;0.9012814618755688;0.8944912275694035;0.8944912275694035;0.8863068061536329;0.8806565782401404;0.8806565782401404;0.884749381268308;0.8873937918584011;0.8873937918584011;0.9267522089364301;0.9267522089364301;0.9267522089364301;0.9278195135035155;0.9278195135035155;0.9278195135035155
3.0;0.8915083425199098;0.9286291881063272;0.9286291881063272;0.9153659000773569;0.9547230973190971;0.9547230973190971;0.8899092077310095;0.9322401290490809;0.9322401290490809;0.9074620664882862;0.9426187321979859;0.9426187321979859;0.9139767396420495;0.952307131825595;0.952307131825595;0.898096558056075;0.9445215686844967;0.9445215686844967;0.9277076260427013;0.9421964030539485;0.9421964030539485;0.900354175391861;0.900354175391861;0.900354175391861;0.9214407262741533;0.9214407262741533;0.9214407262741533
3.0;0.9317375761511413;0.9317375761511413;0.9317375761511413;0.9527555539064324;0.9527555539064324;0.9527555539064324;0.9300661802150909;0.9300661802150909;0.9300661802150909;0.9437506869731199;0.9437506869731199;0.9437506869731199;0.9530964779704743;0.9530964779704743;0.9530964779704743;0.9444456395172435;0.9444456395172435;0.9444456395172435;0.9445441905877218;0.9445441905877218;0.9445441905877218;0.8858827601342184;0.8858827601342184;0.8858827601342184;0.8818733276966861;0.8818733276966861;0.8818733276966861
1.0;0.9131720072964887;0.9131720072964887;0.9131720072964887;0.9409936001790763;0.9409936001790763;0.9409936001790763;0.9170661304989876;0.9170661304989876;0.9170661304989876;0.9397277308594534;0.9397277308594534;0.9397277308594534;0.948612155876848;0.948612155876848;0.948612155876848;0.9403485749850562;0.9403485749850562;0.9403485749850562;0.9391151391354488;0.9391151391354488;0.9391151391354488;0.8639821133951746;0.8639821133951746;0.8639821133951746;0.8668942602820675;0.8668942602820675;0.8668942602820675
2.0;0.9205950596619313;0.9205950596619313;0.9205950596619313;0.9400662682490756;0.9400662682490756;0.9400662682490756;0.9361902751368434;0.9361902751368434;0.9361902751368434;0.9457504903329024;0.9457504903329024;0.9457504903329024;0.9527025171003488;0.9527025171003488;0.9527025171003488;0.9444845801524605;0.9444845801524605;0.9444845801524605;0.944403478699522;0.944403478699522;0.944403478699522;0.865959666093532;0.865959666093532;0.865959666093532;0.8870273661903225;0.8870273661903225;0.8870273661903225
2.0;0.9551830982429685;0.9551830982429685;0.9551830982429685;0.9693087813206074;0.9693087813206074;0.9693087813206074;0.950270526102817;0.950270526102817;0.950270526102817;0.9630863733736944;0.9630863733736944;0.9630863733736944;0.9676734675597558;0.9676734675597558;0.9676734675597558;0.9639858461267935;0.9639858461267935;0.9639858461267935;0.9615985282098659;0.9615985282098659;0.9615985282098659;0.9347863891602478;0.9347863891602478;0.9347863891602478;0.9417374335599616;0.9417374335599616;0.9417374335599616
0.0;0.7905939855969425;0.7905939855969425;0.7905939855969425;0.8391008079286907;0.8391008079286907;0.8391008079286907;0.7141100183971958;0.7141100183971958;0.7141100183971958;0.7610410327507678;0.7610410327507678;0.7610410327507678;0.7652103772418022;0.7652103772418022;0.7652103772418022;0.7796160652080125;0.7796160652080125;0.7796160652080125;0.771158268130472;0.771158268130472;0.771158268130472;0.6825753049695839;0.6825753049695839;0.6825753049695839;0.6287769878733838;0.6287769878733838;0.6287769878733838
1.3333333333333333;0.891247232758142;0.891247232758142;0.891247232758142;0.9181474267175237;0.9181474267175237;0.9181474267175237;0.875938474771601;0.875938474771601;0.875938474771601;0.8944299242922487;0.8944299242922487;0.8944299242922487;0.9097872397740763;0.9097872397740763;0.9097872397740763;0.9004081168472052;0.9004081168472052;0.9004081168472052;0.8883408424063276;0.8883408424063276;0.8883408424063276;0.8512784773082499;0.8512784773082499;0.8512784773082499;0.8426544296651153;0.8426544296651153;0.8426544296651153
2.3333333333333335;0.9208380988981963;0.9208380988981963;0.9208380988981963;0.9426208442837244;0.9426208442837244;0.9426208442837244;0.9328861976643794;0.9328861976643794;0.9328861976643794;0.9458246066702847;0.9458246066702847;0.9458246066702847;0.9501457017189185;0.9501457017189185;0.9501457017189185;0.9403083201857917;0.9403083201857917;0.9403083201857917;0.9425864975692306;0.9425864975692306;0.9425864975692306;0.8671109613588788;0.8671109613588788;0.8671109613588788;0.8560176304104442;0.8560176304104442;0.8560176304104442
0.3333333333333333;0.8488975210483354;0.8488975210483354;0.8488975210483354;0.8792988811448437;0.8792988811448437;0.8792988811448437;0.8207089683317097;0.8207089683317097;0.8207089683317097;0.8514718515866054;0.8514718515866054;0.8514718515866054;0.8766018422016318;0.8766018422016318;0.8766018422016318;0.8596519947788794;0.8596519947788794;0.8596519947788794;0.8506396098418295;0.8506396098418295;0.8506396098418295;0.7376707009018804;0.7376707009018804;0.7376707009018804;0.7564687652463301;0.7564687652463301;0.7564687652463301
1.0;0.9081810429199054;0.9081810429199054;0.9081810429199054;0.9375897814574958;0.9375897814574958;0.9375897814574958;0.9328955430018707;0.9328955430018707;0.9328955430018707;0.9402362578477177;0.9402362578477177;0.9402362578477177;0.9559372879039589;0.9559372879039589;0.9559372879039589;0.9467635216293171;0.9467635216293171;0.9467635216293171;0.9416574339597825;0.9416574339597825;0.9416574339597825;0.8873503359724735;0.8873503359724735;0.8873503359724735;0.8738539225047515;0.8738539225047515;0.8738539225047515
3.0;0.9610526125632387;0.9610526125632387;0.9610526125632387;0.97511695714917;0.97511695714917;0.97511695714917;0.9728317946156333;0.9728317946156333;0.9728317946156333;0.9767382111254732;0.9767382111254732;0.9767382111254732;0.97920047582138;0.97920047582138;0.97920047582138;0.9763615538565872;0.9763615538565872;0.9763615538565872;0.9766745991657277;0.9766745991657277;0.9766745991657277;0.9229150624185913;0.9229150624185913;0.9229150624185913;0.950166572347108;0.950166572347108;0.950166572347108
2.0;0.909613363227317;0.9248533385978481;0.9248533385978481;0.9294619784047925;0.9437309027117436;0.9437309027117436;0.9248378888487708;0.9380575377866364;0.9380575377866364;0.9266513518767414;0.9434662238841244;0.9434662238841244;0.9153330684097528;0.9464800399228276;0.9464800399228276;0.9037604303508371;0.9376356280646642;0.9376356280646642;0.9284797126496614;0.9416602041010217;0.9416602041010217;0.9038937910560425;0.9018661703313301;0.9018661703313301;0.8989081680171659;0.8950152385668887;0.8950152385668887
1.0;0.9349636101735057;0.927007582545671;0.927007582545671;0.9537492767474407;0.9501784492414582;0.9501784492414582;0.9401105560315605;0.9366027382788071;0.9366027382788071;0.952494539536929;0.947884049228683;0.947884049228683;0.9598246481347289;0.9587794954176766;0.9587794954176766;0.9543070243689178;0.9529738182857214;0.9529738182857214;0.9554522511090807;0.9497353204679673;0.9497353204679673;0.8890517107187159;0.8890517107187159;0.8890517107187159;0.8988341139879915;0.8988341139879915;0.8988341139879915
1.3333333333333333;0.934027925802989;0.936440812689126;0.936440812689126;0.9534482667059117;0.9580114294885486;0.9580114294885486;0.9450727726548469;0.9479731197753658;0.9479731197753658;0.9559889799030075;0.9568603234491683;0.9568603234491683;0.9589915399598634;0.9619135609337911;0.9619135609337911;0.9526170562760485;0.9536283982872998;0.9536283982872998;0.959226964698395;0.9574450623146733;0.9574450623146733;0.9109527894251258;0.9109527894251258;0.9109527894251258;0.8985715055999196;0.8985715055999196;0.8985715055999196
1.6666666666666667;0.9227854897978719;0.916730084999443;0.916730084999443;0.9488069689932057;0.944801546444253;0.944801546444253;0.9329940262943702;0.9289991075424312;0.9289991075424312;0.9464219971401864;0.9460426405743207;0.9460426405743207;0.9539036979196864;0.9530668849432926;0.9530668849432926;0.9452786876076147;0.9463297883715721;0.9463297883715721;0.9512501804078111;0.9457296517171654;0.9457296517171654;0.8716517024923824;0.8716517024923824;0.8716517024923824;0.873051001405163;0.873051001405163;0.873051001405163
0.6666666666666666;0.9427876976506682;0.9312983997854057;0.9312983997854057;0.9621337813536677;0.953330883304595;0.953330883304595;0.957110722120738;0.9441235430954655;0.9441235430954655;0.9664597339425268;0.9580054302803216;0.9580054302803216;0.9690145609097073;0.9626154646234589;0.9626154646234589;0.9655351834609626;0.9573473373713003;0.9573473373713003;0.9653138480779777;0.9551152807944586;0.9551152807944586;0.900377076429326;0.900377076429326;0.900377076429326;0.9131845846711472;0.9131845846711472;0.9131845846711472
1.3333333333333333;0.9756435861726439;0.9740442882992218;0.9740442882992218;0.9820867671825025;0.9806231721415146;0.9806231721415146;0.9671237544531746;0.962599767100561;0.962599767100561;0.9737288955432765;0.9710094087256388;0.9710094087256388;0.9760648974438375;0.9743565976265459;0.9743565976265459;0.9731899115891883;0.9708665312927167;0.9708665312927167;0.9749072248414598;0.9715210168563445;0.9715210168563445;0.9725871935680825;0.9725871935680825;0.9725871935680825;0.9691325701176965;0.9691325701176965;0.9691325701176965
2.0;0.9831908526480649;0.9832559132978291;0.9832559132978291;0.9880150698951741;0.9888066741831836;0.9888066741831836;0.9834060558938199;0.9835609275694827;0.9835609275694827;0.9849084677551134;0.9857242154316214;0.9857242154316214;0.9871950607269135;0.9888361008590454;0.9888361008590454;0.9853630049980759;0.9867002032571084;0.9867002032571084;0.9886414856206117;0.9867537902041236;0.9867537902041236;0.9708771863664499;0.9708771863664499;0.9708771863664499;0.9726574187003921;0.9726574187003921;0.9726574187003921
2.0;0.9529904852691942;0.9575926527948004;0.9575926527948004;0.9698941405948962;0.9741381908741664;0.9741381908741664;0.9639107195579868;0.9712036627521734;0.9712036627521734;0.9675877870852544;0.9731497036594586;0.9731497036594586;0.9717488715218975;0.9766284080664678;0.9766284080664678;0.9671155873239665;0.9740676318191999;0.9740676318191999;0.9708235460588903;0.9738599694118355;0.9738599694118355;0.9299343180366735;0.9299343180366735;0.9299343180366735;0.936393161401619;0.936393161401619;0.936393161401619
0.6666666666666666;0.9051989594514178;0.9237580317969442;0.9237580317969442;0.9365730083322729;0.9540051353072805;0.9540051353072805;0.9279542428778201;0.9497869106716925;0.9497869106716925;0.9348896578532668;0.9569211055351989;0.9569211055351989;0.9294121647738475;0.9624276025844614;0.9624276025844614;0.9186884981901445;0.9558375454409587;0.9558375454409587;0.9383964400168382;0.9560302505415507;0.9560302505415507;0.8795558802357231;0.8767994542163687;0.8767994542163687;0.8905228796539253;0.8873323069252267;0.8873323069252267
3.0;0.9777578453914776;0.9765488007702645;0.9765488007702645;0.9838990102653946;0.9858274149418361;0.9858274149418361;0.9795519222095095;0.9816905697636207;0.9816905697636207;0.9790826708311031;0.9845449342825802;0.9845449342825802;0.9770718959206451;0.9864771492266934;0.9864771492266934;0.977555080349331;0.9855182997155162;0.9855182997155162;0.9843090036616263;0.9848924056249613;0.9848924056249613;0.9622278902437368;0.9612733597110554;0.9612733597110554;0.9686932685085866;0.9670655731899849;0.9670655731899849
3.0;0.9405369576432683;0.9471725437440299;0.9471725437440299;0.9623679061370145;0.9704198753368088;0.9704198753368088;0.9560294693332135;0.9654781146495167;0.9654781146495167;0.9628449788555419;0.9709017488820654;0.9709017488820654;0.968434040164405;0.9772286561222085;0.9772286561222085;0.9630994859015602;0.9728817768377618;0.9728817768377618;0.9700299320389698;0.9715326253551495;0.9715326253551495;0.9109328605803165;0.9109328605803165;0.9109328605803165;0.9384138039366189;0.9384138039366189;0.9384138039366189
1.3333333333333333;0.964305101838383;0.9613618810243904;0.9613618810243904;0.9765648233684708;0.974816128354158;0.974816128354158;0.9712094391787315;0.9676760859747392;0.9676760859747392;0.9772195035213357;0.975027468617322;0.975027468617322;0.9788961619764304;0.9771327756183809;0.9771327756183809;0.9764995472220007;0.9738465680911219;0.9738465680911219;0.9775210773649226;0.9745988718316196;0.9745988718316196;0.9333021016353202;0.9333021016353202;0.9333021016353202;0.9529742352285829;0.9529742352285829;0.9529742352285829
2.0;0.9637331128240155;0.9590747783181942;0.9590747783181942;0.975326804458782;0.9724377050626579;0.9724377050626579;0.9677319038315164;0.9679475175443684;0.9679475175443684;0.9755844705677037;0.9746457058259875;0.9746457058259875;0.9757889119854146;0.9771255216101626;0.9771255216101626;0.9737155156358482;0.972425089626608;0.972425089626608;0.9788193150001783;0.9738048323954303;0.9738048323954303;0.9340671922539666;0.9329179176720631;0.9329179176720631;0.9448877724111251;0.94140001889898;0.94140001889898
2.0;0.9368355886831046;0.9373490385149168;0.9373490385149168;0.9553681852995907;0.9597324320347425;0.9597324320347425;0.9531439428017896;0.9546741807336183;0.9546741807336183;0.9557818618255838;0.9582762694455785;0.9582762694455785;0.9581441162888403;0.9629246567821012;0.9629246567821012;0.9455821838213802;0.9539661253115819;0.9539661253115819;0.9541991669352589;0.9585378609010324;0.9585378609010324;0.9128890535173436;0.9128890535173436;0.9128890535173436;0.9246818453208345;0.9246818453208345;0.9246818453208345
1.0;0.8965160654166265;0.9070024721311937;0.9070024721311937;0.9294699206331793;0.9409473603045331;0.9409473603045331;0.9069806666793131;0.9243278679859656;0.9243278679859656;0.9171915723722944;0.9326103601256112;0.9326103601256112;0.9259555678744935;0.9432979855891309;0.9432979855891309;0.9102700873969953;0.9317799147996183;0.9317799147996183;0.9205774493794476;0.9310603957625585;0.9310603957625585;0.8767758525135081;0.8767758525135081;0.8767758525135081;0.8938027123670176;0.8938027123670176;0.8938027123670176
1.6666666666666667;0.9498563349961893;0.9561427079996404;0.9561427079996404;0.9696198730158756;0.9755396038261729;0.9755396038261729;0.9581256143650118;0.9653823466216337;0.9653823466216337;0.9660375111023328;0.9715037544628434;0.9715037544628434;0.9704933635429657;0.9775294474865829;0.9775294474865829;0.9649205149229197;0.9728245264814999;0.9728245264814999;0.9685192165350468;0.9723077303796915;0.9723077303796915;0.9394107502393159;0.9394107502393159;0.9394107502393159;0.9480916034666647;0.9480916034666647;0.9480916034666647
2.0;0.9610419052187692;0.954051584354643;0.954051584354643;0.9751697291389206;0.9708851754626185;0.9708851754626185;0.961750695921588;0.9500500154045025;0.9500500154045025;0.9694595545372899;0.9613310350479461;0.9613310350479461;0.9741546078148303;0.9681043066224437;0.9681043066224437;0.9711610159856271;0.9643925730885498;0.9643925730885498;0.9694299919864093;0.961438604614747;0.961438604614747;0.9277531036646747;0.9277531036646747;0.9277531036646747;0.940080160455229;0.940080160455229;0.940080160455229
0.3333333333333333;0.9072916505885248;0.8980826363002732;0.8980826363002732;0.9339787148671331;0.926218499579752;0.926218499579752;0.9173316856760446;0.9061699517783901;0.9061699517783901;0.9316558207763244;0.9231220504345224;0.9231220504345224;0.9335780568880212;0.9259082309537782;0.9259082309537782;0.9252558468593949;0.9160669502924891;0.9160669502924891;0.9315469738843725;0.9228293328273565;0.9228293328273565;0.87353762467036;0.87353762467036;0.87353762467036;0.8706034866802839;0.8706034866802839;0.8706034866802839
2.3333333333333335;0.9518632849389531;0.946071772082417;0.946071772082417;0.9667341709527744;0.9619128478605657;0.9619128478605657;0.9550859579291777;0.948637397209367;0.948637397209367;0.9614492888838269;0.9558591625250227;0.9558591625250227;0.9666070602996186;0.961513842407641;0.961513842407641;0.9624927580261231;0.9564629336698475;0.9564629336698475;0.9631528611878807;0.9580314016807236;0.9580314016807236;0.9222924517014732;0.9222924517014732;0.9222924517014732;0.93206526106058;0.93206526106058;0.93206526106058
2.0;0.8265503459695027;0.8265503459695027;0.8265503459695027;0.8766452207744405;0.8766452207744405;0.8766452207744405;0.8142043172338499;0.8142043172338499;0.8142043172338499;0.8467410215340185;0.8467410215340185;0.8467410215340185;0.8824554436164179;0.8824554436164179;0.8824554436164179;0.8666891686359625;0.8666891686359625;0.8666891686359625;0.8492553359723627;0.8492553359723627;0.8492553359723627;0.746044139440734;0.746044139440734;0.746044139440734;0.7726334466057851;0.7726334466057851;0.7726334466057851
1.3333333333333333;0.9367088638951401;0.9367088638951401;0.9367088638951401;0.95894864081213;0.95894864081213;0.95894864081213;0.9528020968741654;0.9528020968741654;0.9528020968741654;0.9565413587871288;0.9565413587871288;0.9565413587871288;0.9639553145089328;0.9639553145089328;0.9639553145089328;0.9582541929785566;0.9582541929785566;0.9582541929785566;0.9579723729798221;0.9579723729798221;0.9579723729798221;0.9144046826207641;0.9144046826207641;0.9144046826207641;0.9193336389509611;0.9193336389509611;0.9193336389509611
2.6666666666666665;0.9988507254459787;0.9984405644326106;0.9984405644326106;0.9988653673508835;0.9983919057561446;0.9983919057561446;0.9996710588530452;0.9995116026910121;0.9995116026910121;0.999701898095091;0.9995675647252064;0.9995675647252064;0.9997229402818006;0.9996250327045287;0.9996250327045287;0.9996590270135878;0.9995204498468052;0.9995204498468052;0.9996977106979756;0.9995804093020749;0.9995804093020749;0.9992716034018386;0.9992716034018386;0.9992716034018386;0.9965647012747504;0.9965647012747504;0.9965647012747504
1.0;0.9068397244822365;0.9068397244822365;0.9068397244822365;0.9376305675439554;0.9376305675439554;0.9376305675439554;0.9154052949198646;0.9154052949198646;0.9154052949198646;0.9344896872378762;0.9344896872378762;0.9344896872378762;0.9439613725630307;0.9439613725630307;0.9439613725630307;0.9352638409820981;0.9352638409820981;0.9352638409820981;0.9351947634916112;0.9351947634916112;0.9351947634916112;0.9055097106262868;0.9055097106262868;0.9055097106262868;0.916845372721031;0.916845372721031;0.916845372721031
0.3333333333333333;0.9305949995307724;0.9192186691622842;0.9192186691622842;0.9578003380325686;0.9494161795552968;0.9494161795552968;0.9362043423760634;0.9239853587094863;0.9239853587094863;0.9470746093115084;0.9370658727983407;0.9370658727983407;0.9567262971910501;0.9495788992539683;0.9495788992539683;0.9506512622787783;0.9419330665591705;0.9419330665591705;0.9472724228178686;0.936931616596028;0.936931616596028;0.8789551322905088;0.8789551322905088;0.8789551322905088;0.8629257769383569;0.8629257769383569;0.8629257769383569
1.3333333333333333;0.9389200347712334;0.9389200347712334;0.9389200347712334;0.9626582553797635;0.9626582553797635;0.9626582553797635;0.9527110570574083;0.9527110570574083;0.9527110570574083;0.9629764030800871;0.9629764030800871;0.9629764030800871;0.9678225620290408;0.9678225620290408;0.9678225620290408;0.962762184762491;0.962762184762491;0.962762184762491;0.9621492228639436;0.9621492228639436;0.9621492228639436;0.8901755932704207;0.8901755932704207;0.8901755932704207;0.9201908321027126;0.9201908321027126;0.9201908321027126
1.3333333333333333;0.9309458993422598;0.9597440635164931;0.9597440635164931;0.9456876650422092;0.9742643144463664;0.9742643144463664;0.9331737070436176;0.9742819604240649;0.9742819604240649;0.9445222535946115;0.9788817162369896;0.9788817162369896;0.9529081635246862;0.9818873036691038;0.9818873036691038;0.9438610010467001;0.9778660999048147;0.9778660999048147;0.9684797330694505;0.9795945021176043;0.9795945021176043;0.937231816337034;0.937231816337034;0.937231816337034;0.9390012603238723;0.9390012603238723;0.9390012603238723
2.3333333333333335;0.9120173125945403;0.9145621033214794;0.9145621033214794;0.9459295702630955;0.9479668288782024;0.9479668288782024;0.9414666529432018;0.9452544581970989;0.9452544581970989;0.9494821516785983;0.9537034756159298;0.9537034756159298;0.9593558339870685;0.9587016068080498;0.9587016068080498;0.95153801283122;0.9507730151584081;0.9507730151584081;0.9579577182385789;0.9535819411245868;0.9535819411245868;0.8902428643541902;0.8902428643541902;0.8902428643541902;0.8906512254866387;0.8906512254866387;0.8906512254866387
3.0;0.9617061856043433;0.9617061856043433;0.9617061856043433;0.9808069794862492;0.9808069794862492;0.9808069794862492;0.9717415206797871;0.9717415206797871;0.9717415206797871;0.976751789310083;0.976751789310083;0.976751789310083;0.980677144224721;0.980677144224721;0.980677144224721;0.9787961552022273;0.9787961552022273;0.9787961552022273;0.9777294904320232;0.9777294904320232;0.9777294904320232;0.9342899787405816;0.9342899787405816;0.9342899787405816;0.9529007042216746;0.9529007042216746;0.9529007042216746
3.0;0.9509673691282441;0.9632837714087432;0.9632837714087432;0.9670918684029041;0.9765261887700044;0.9765261887700044;0.9612772758776743;0.9741726045772084;0.9741726045772084;0.9655510375877878;0.9772082613473649;0.9772082613473649;0.9677335581529306;0.980024994854891;0.980024994854891;0.9615780456593417;0.9768000014659837;0.9768000014659837;0.9721351386342826;0.9783276422868802;0.9783276422868802;0.9349241042709072;0.9349241042709072;0.9349241042709072;0.9426112073240496;0.9426112073240496;0.9426112073240496
3.0;0.9742863057616362;0.9725732528754915;0.9725732528754915;0.9860294514139365;0.9851599508140519;0.9851599508140519;0.9821928342237918;0.9805446382788293;0.9805446382788293;0.9855303332109243;0.9841940625760573;0.9841940625760573;0.9865846764740775;0.9859563646896062;0.9859563646896062;0.9850672070025899;0.9838993864707781;0.9838993864707781;0.9865388904199012;0.9852888624475998;0.9852888624475998;0.9491914846030735;0.9491914846030735;0.9491914846030735;0.9703575909529666;0.9703575909529666;0.9703575909529666
1.3333333333333333;0.9380590620273644;0.9268080113858322;0.9268080113858322;0.9570327610972487;0.9494795420136347;0.9494795420136347;0.934625869616661;0.9210459161358361;0.9210459161358361;0.9451650900085443;0.9309854368414487;0.9309854368414487;0.9559427128794343;0.945593478652757;0.945593478652757;0.9533330352051554;0.9400288687670584;0.9400288687670584;0.9430693662601928;0.9339820632759386;0.9339820632759386;0.8945420833169496;0.8945420833169496;0.8945420833169496;0.8877429116774732;0.8877429116774732;0.8877429116774732
3.0;0.9305920634958279;0.9305920634958279;0.9305920634958279;0.9511724501401374;0.9511724501401374;0.9511724501401374;0.9256703017271336;0.9256703017271336;0.9256703017271336;0.9335928851555148;0.9335928851555148;0.9335928851555148;0.9432895516080132;0.9432895516080132;0.9432895516080132;0.9395389019735748;0.9395389019735748;0.9395389019735748;0.9366485973015063;0.9366485973015063;0.9366485973015063;0.8556931910899465;0.8556931910899465;0.8556931910899465;0.8408048165152601;0.8408048165152601;0.8408048165152601
1.3333333333333333;0.91930167878455;0.9082300361140436;0.9082300361140436;0.944247468316665;0.9358075569067429;0.9358075569067429;0.9068637571163226;0.8923834539489668;0.8923834539489668;0.924284791782883;0.9125970336521635;0.9125970336521635;0.9320758945323669;0.9231602898624581;0.9231602898624581;0.9228968929376175;0.9118663672489387;0.9118663672489387;0.9199825921210715;0.9089366057974255;0.9089366057974255;0.8852251138922235;0.8852251138922235;0.8852251138922235;0.8979703930958554;0.8979703930958554;0.8979703930958554
4.0;0.9497902457100577;0.9497902457100577;0.9497902457100577;0.9667110994344382;0.9667110994344382;0.9667110994344382;0.9549414432931876;0.9549414432931876;0.9549414432931876;0.961867537795019;0.961867537795019;0.961867537795019;0.9685665869708334;0.9685665869708334;0.9685665869708334;0.962616726860803;0.962616726860803;0.962616726860803;0.9617336284824528;0.9617336284824528;0.9617336284824528;0.9212988843243274;0.9212988843243274;0.9212988843243274;0.9313127570771873;0.9313127570771873;0.9313127570771873
2.6666666666666665;0.9464019157721354;0.955739306849563;0.955739306849563;0.9632709605539169;0.9707922129586956;0.9707922129586956;0.9527923456611506;0.9624145238625651;0.9624145238625651;0.9565709127575452;0.9676415683049937;0.9676415683049937;0.9600327564348492;0.9717261932211919;0.9717261932211919;0.9564604406260908;0.9696718120672394;0.9696718120672394;0.9685635753303015;0.9701330444406194;0.9701330444406194;0.941897812696194;0.941897812696194;0.941897812696194;0.9462880771756252;0.9462880771756252;0.9462880771756252
0.3333333333333333;0.8537929454257497;0.8537929454257497;0.8537929454257497;0.8938230013755457;0.8938230013755457;0.8938230013755457;0.847880401853204;0.847880401853204;0.847880401853204;0.876292658795591;0.876292658795591;0.876292658795591;0.8871380848733382;0.8871380848733382;0.8871380848733382;0.872454849650239;0.872454849650239;0.872454849650239;0.8784774356121292;0.8784774356121292;0.8784774356121292;0.7988428701307528;0.7988428701307528;0.7988428701307528;0.8096247097129908;0.8096247097129908;0.8096247097129908
0.0;0.8692104123101413;0.8838025459794459;0.8838025459794459;0.8964791901546215;0.9095820352231395;0.9095820352231395;0.8523570096312718;0.8536182881942322;0.8536182881942322;0.8627339879028381;0.8758806666670597;0.8758806666670597;0.8717021489003551;0.8893265780027798;0.8893265780027798;0.8709267827607056;0.8815149624466129;0.8815149624466129;0.8878410734035703;0.8729324607361887;0.8729324607361887;0.8579646666079538;0.8579646666079538;0.8579646666079538;0.866862574722439;0.866862574722439;0.866862574722439
0.0;0.8783490726219951;0.8676327656096309;0.8676327656096309;0.9158331115357512;0.9094945866846178;0.9094945866846178;0.8998676696830817;0.8866514286024425;0.8866514286024425;0.9164533775869877;0.9090534599461084;0.9090534599461084;0.9256214900682448;0.925057669918361;0.925057669918361;0.9159707913056806;0.9138337314736608;0.9138337314736608;0.9157416793854929;0.910532275529674;0.910532275529674;0.8514094350852127;0.8514094350852127;0.8514094350852127;0.8371958527222456;0.8371958527222456;0.8371958527222456
0.0;0.8667085594957253;0.8667085594957253;0.8667085594957253;0.9102451691854895;0.9102451691854895;0.9102451691854895;0.8809660938886055;0.8809660938886055;0.8809660938886055;0.9063370853964359;0.9063370853964359;0.9063370853964359;0.9169863595565492;0.9169863595565492;0.9169863595565492;0.8990021974266851;0.8990021974266851;0.8990021974266851;0.9056138545317264;0.9056138545317264;0.9056138545317264;0.8019211668190758;0.8019211668190758;0.8019211668190758;0.8013074892195439;0.8013074892195439;0.8013074892195439
0.6666666666666666;0.8854760255613784;0.8569821019006217;0.8569821019006217;0.930137327042885;0.910393323509394;0.910393323509394;0.8926989991113268;0.859859976565154;0.859859976565154;0.912373970078904;0.8848468484012224;0.8848468484012224;0.9259492782633507;0.9094956955570472;0.9094956955570472;0.9156713074680033;0.8936998802431559;0.8936998802431559;0.9096054096488425;0.8781926675054027;0.8781926675054027;0.7798278069221444;0.7798278069221444;0.7798278069221444;0.8013136771134243;0.8013136771134243;0.8013136771134243
0.3333333333333333;0.9155585308593845;0.9210077549659961;0.9210077549659961;0.9470840095219578;0.9519468647487412;0.9519468647487412;0.9188828994168734;0.9208702440612812;0.9208702440612812;0.9295927382444663;0.935087003290675;0.935087003290675;0.925471787060625;0.9360485698954273;0.9360485698954273;0.9195332426956357;0.9293650197797928;0.9293650197797928;0.9372675552029541;0.9346551953074188;0.9346551953074188;0.8942112539548146;0.8942112539548146;0.8942112539548146;0.9033745942665742;0.9033745942665742;0.9033745942665742
0.6666666666666666;0.8910582709702436;0.8806493989106655;0.8806493989106655;0.9267080774709043;0.9186356551392388;0.9186356551392388;0.9215531121188205;0.9068440924720609;0.9068440924720609;0.9328338512595437;0.9264745868601445;0.9264745868601445;0.941479495260337;0.9378127267416551;0.9378127267416551;0.9356921935419565;0.9290585594894772;0.9290585594894772;0.9423595341172979;0.9279738287058648;0.9279738287058648;0.8442211645713489;0.8442211645713489;0.8442211645713489;0.8492283997613803;0.8492283997613803;0.8492283997613803
0.3333333333333333;0.9084903609136372;0.9084903609136372;0.9084903609136372;0.9349380597568373;0.9349380597568373;0.9349380597568373;0.9199431602351942;0.9199431602351942;0.9199431602351942;0.9329696441424493;0.9329696441424493;0.9329696441424493;0.9418960253320352;0.9418960253320352;0.9418960253320352;0.933180558412171;0.933180558412171;0.933180558412171;0.9359163750378102;0.9359163750378102;0.9359163750378102;0.8773317281591703;0.8773317281591703;0.8773317281591703;0.8886819057865428;0.8886819057865428;0.8886819057865428
0.3333333333333333;0.9449899161554283;0.9449899161554283;0.9449899161554283;0.9625850341961891;0.9625850341961891;0.9625850341961891;0.9529390441183823;0.9529390441183823;0.9529390441183823;0.9598570353342281;0.9598570353342281;0.9598570353342281;0.9647119543673479;0.9647119543673479;0.9647119543673479;0.9593306686005084;0.9593306686005084;0.9593306686005084;0.9590434835812096;0.9590434835812096;0.9590434835812096;0.9171848559826582;0.9171848559826582;0.9171848559826582;0.925700325838781;0.925700325838781;0.925700325838781
0.0;0.9165190256679415;0.9165190256679415;0.9165190256679415;0.9383551792482072;0.9383551792482072;0.9383551792482072;0.9026064352656855;0.9026064352656855;0.9026064352656855;0.9206409736638239;0.9206409736638239;0.9206409736638239;0.9357465626227383;0.9357465626227383;0.9357465626227383;0.9246901901388456;0.9246901901388456;0.9246901901388456;0.9202264410439692;0.9202264410439692;0.9202264410439692;0.884346388948646;0.884346388948646;0.884346388948646;0.8602724110089531;0.8602724110089531;0.8602724110089531
0.0;0.9182214920654215;0.9212862373974845;0.9212862373974845;0.9466950412890859;0.9494702385440313;0.9494702385440313;0.9326437141957696;0.9343469714205674;0.9343469714205674;0.9416243564889661;0.9465346335134892;0.9465346335134892;0.9465077209319713;0.9534861779819569;0.9534861779819569;0.9389797840784901;0.944680429407865;0.944680429407865;0.9489805028342864;0.9480932439196673;0.9480932439196673;0.8869791214351445;0.8869791214351445;0.8869791214351445;0.8764214926943341;0.8764214926943341;0.8764214926943341
0.0;0.7685328486771439;0.7647272410715152;0.7647272410715152;0.8145229648990333;0.8230874774276442;0.8230874774276442;0.76232556758692;0.758843777896586;0.758843777896586;0.797087952929651;0.8045281284939829;0.8045281284939829;0.7873696888867817;0.8198298893043786;0.8198298893043786;0.767286505491789;0.8001871537553716;0.8001871537553716;0.8161375301000864;0.8063834739121434;0.8063834739121434;0.6912908294792817;0.6912908294792817;0.6912908294792817;0.6781219683147888;0.6781219683147888;0.6781219683147888
1.0;0.8616671150806074;0.8560550323622771;0.8560550323622771;0.8999000582123503;0.8936121795451926;0.8936121795451926;0.8965369475385139;0.8952138182331921;0.8952138182331921;0.9080046848695407;0.9072808432898265;0.9072808432898265;0.9247316153939468;0.9226644232982455;0.9226644232982455;0.9168147048556206;0.9147427545936292;0.9147427545936292;0.9070249294012438;0.9071007166042127;0.9071007166042127;0.8813226635278507;0.8813226635278507;0.8813226635278507;0.8828910302671477;0.8828910302671477;0.8828910302671477
0.0;0.836063380807371;0.8189421039940316;0.8189421039940316;0.8736186514212514;0.8618116128639404;0.8618116128639404;0.8169033158992685;0.7787037867839465;0.7787037867839465;0.8454117386939475;0.8200225282831949;0.8200225282831949;0.8599748544932406;0.8500955996972678;0.8500955996972678;0.8413808338455292;0.829259862178539;0.829259862178539;0.842808168839701;0.820830682710532;0.820830682710532;0.7944504585017147;0.7944504585017147;0.7944504585017147;0.7713549719906871;0.7713549719906871;0.7713549719906871
0.0;0.7975064801505377;0.8096732402643704;0.8096732402643704;0.8483520893287632;0.8657481773090723;0.8657481773090723;0.8022434318383908;0.8028023058910675;0.8028023058910675;0.8273356192966647;0.8392195814390405;0.8392195814390405;0.8254538378081859;0.8540735713666614;0.8540735713666614;0.8049376187554473;0.8330017406564821;0.8330017406564821;0.8380068841028673;0.8379742128461334;0.8379742128461334;0.7543061330738787;0.7471828105468424;0.7471828105468424;0.7501493907123581;0.7392216291383654;0.7392216291383654
0.0;0.8825228495963925;0.8688503453825184;0.8688503453825184;0.9108422211084137;0.8985164924462594;0.8985164924462594;0.9001561803482893;0.8836693261103051;0.8836693261103051;0.9177289730965443;0.9052277839492306;0.9052277839492306;0.9247940048998948;0.9155106343136701;0.9155106343136701;0.9141855778264976;0.902632985907437;0.902632985907437;0.9196338770682982;0.9085753075540489;0.9085753075540489;0.9029621428585852;0.9029621428585852;0.9029621428585852;0.8866254689617822;0.8866254689617822;0.8866254689617822
0.6666666666666666;0.9133003179265878;0.8994239385900988;0.8994239385900988;0.9413384522032344;0.9302525365520115;0.9302525365520115;0.8933108976128231;0.8697994271362388;0.8697994271362388;0.9173001773121265;0.9007486011448548;0.9007486011448548;0.9269780715857788;0.9156789708237074;0.9156789708237074;0.9180478566917133;0.9034145362117595;0.9034145362117595;0.9186764873429057;0.9035670163009473;0.9035670163009473;0.9003504025589734;0.9003504025589734;0.9003504025589734;0.9074558510066836;0.9074558510066836;0.9074558510066836
0.0;0.9024884898693989;0.9127650922221663;0.9127650922221663;0.9348541832816577;0.9442375721317807;0.9442375721317807;0.9003637038892902;0.9120917433940486;0.9120917433940486;0.9215209318275416;0.9340781522432209;0.9340781522432209;0.9307677070494811;0.9418501654073029;0.9418501654073029;0.9153795974495438;0.9309499869795106;0.9309499869795106;0.9284207326735013;0.9337079999429578;0.9337079999429578;0.8503490779926695;0.8503490779926695;0.8503490779926695;0.8539566760187004;0.8539566760187004;0.8539566760187004
0.0;0.9207351372380421;0.9239204643568284;0.9239204643568284;0.9457218304935816;0.9484804728752121;0.9484804728752121;0.9343684850370542;0.9382048768226174;0.9382048768226174;0.9453628417814907;0.9478998736218065;0.9478998736218065;0.9496336835176651;0.9527267513055384;0.9527267513055384;0.939476722016361;0.9437214975229167;0.9437214975229167;0.9459652269575393;0.9477184855544694;0.9477184855544694;0.8839850042536194;0.8839850042536194;0.8839850042536194;0.8970064070213797;0.8970064070213797;0.8970064070213797
0.6666666666666666;0.8323591443421535;0.8323591443421535;0.8323591443421535;0.8856683759412771;0.8856683759412771;0.8856683759412771;0.8372701050397026;0.8372701050397026;0.8372701050397026;0.8572565604056868;0.8572565604056868;0.8572565604056868;0.8841833017633293;0.8841833017633293;0.8841833017633293;0.8688903298651437;0.8688903298651437;0.8688903298651437;0.8626868782096019;0.8626868782096019;0.8626868782096019;0.7543187050340617;0.7543187050340617;0.7543187050340617;0.762533735388643;0.762533735388643;0.762533735388643
0.0;0.8766158069217151;0.8766158069217151;0.8766158069217151;0.9186584321159234;0.9186584321159234;0.9186584321159234;0.8859542111434795;0.8859542111434795;0.8859542111434795;0.9121395861743696;0.9121395861743696;0.9121395861743696;0.9234182887071685;0.9234182887071685;0.9234182887071685;0.9146241117500514;0.9146241117500514;0.9146241117500514;0.914706181247357;0.914706181247357;0.914706181247357;0.7887940310281997;0.7887940310281997;0.7887940310281997;0.7930414005941605;0.7930414005941605;0.7930414005941605
0.0;0.8221428491903431;0.8194011536635277;0.8194011536635277;0.8689988553496326;0.8665213508324449;0.8665213508324449;0.8161424272176033;0.8036435438454782;0.8036435438454782;0.8479627635913449;0.8387338920369014;0.8387338920369014;0.8638088728185693;0.8598897297483203;0.8598897297483203;0.847094024963006;0.846007384143815;0.846007384143815;0.8397446220994254;0.8391579167355543;0.8391579167355543;0.7904080840152704;0.7904080840152704;0.7904080840152704;0.7825367551800131;0.7825367551800131;0.7825367551800131
0.6666666666666666;0.8925259873121499;0.8925259873121499;0.8925259873121499;0.9227057192390096;0.9227057192390096;0.9227057192390096;0.9034579936847464;0.9034579936847464;0.9034579936847464;0.9206085761785038;0.9206085761785038;0.9206085761785038;0.9313406474717831;0.9313406474717831;0.9313406474717831;0.9186918149008576;0.9186918149008576;0.9186918149008576;0.9207307582740141;0.9207307582740141;0.9207307582740141;0.8771579187922054;0.8771579187922054;0.8771579187922054;0.8723400365125668;0.8723400365125668;0.8723400365125668
0.3333333333333333;0.8719320104147246;0.8719320104147246;0.8719320104147246;0.9025299351031932;0.9025299351031932;0.9025299351031932;0.8596653879375015;0.8596653879375015;0.8596653879375015;0.8810498484374927;0.8810498484374927;0.8810498484374927;0.8966216405948153;0.8966216405948153;0.8966216405948153;0.8837179744340652;0.8837179744340652;0.8837179744340652;0.8774581748481136;0.8774581748481136;0.8774581748481136;0.8327792050263927;0.8327792050263927;0.8327792050263927;0.8254619889016576;0.8254619889016576;0.8254619889016576
0.0;0.7743898713399696;0.7685322943014444;0.7685322943014444;0.8283066336234822;0.8249455777927203;0.8249455777927203;0.7638082433264627;0.7669891832705502;0.7669891832705502;0.8184997741319867;0.8195314171314045;0.8195314171314045;0.8515264733446392;0.8525473823948838;0.8525473823948838;0.8275541860899721;0.8270208552728439;0.8270208552728439;0.8239543142709872;0.8195601046510574;0.8195601046510574;0.6843783012562716;0.6843783012562716;0.6843783012562716;0.6827497765219908;0.6827497765219908;0.6827497765219908
0.3333333333333333;0.8471434038535715;0.8469581753312186;0.8469581753312186;0.8783369680309254;0.8770991619979296;0.8770991619979296;0.7947019500152219;0.7794842460081459;0.7794842460081459;0.8385242351808739;0.8268364628993569;0.8268364628993569;0.8610569653467434;0.8561292831328052;0.8561292831328052;0.8396835719784478;0.8380829275723426;0.8380829275723426;0.8283302209511256;0.8227191015269116;0.8227191015269116;0.8078420080894567;0.8078420080894567;0.8078420080894567;0.7906704369851874;0.7906704369851874;0.7906704369851874
0.3333333333333333;0.885380599813549;0.8866365916270553;0.8866365916270553;0.9180551940118526;0.9201716291672752;0.9201716291672752;0.8728665712324578;0.863247996735876;0.863247996735876;0.8877813710217699;0.8851420968369879;0.8851420968369879;0.9012361925481605;0.9052372829287646;0.9052372829287646;0.8806274052748556;0.8875998837289206;0.8875998837289206;0.8891233500061656;0.8883196866549702;0.8883196866549702;0.8576636499346586;0.8576636499346586;0.8576636499346586;0.837257986581797;0.837257986581797;0.837257986581797
0.0;0.831631569614207;0.8221738317731626;0.8221738317731626;0.8667668776953834;0.858082669680787;0.858082669680787;0.8055246103112967;0.7859499991142795;0.7859499991142795;0.8401915232420141;0.8262508520861214;0.8262508520861214;0.8686596231584798;0.8602170967466558;0.8602170967466558;0.8436947436741324;0.8358048382839768;0.8358048382839768;0.8509401815383125;0.8300002657807951;0.8300002657807951;0.7386866958603975;0.7288777978853628;0.7288777978853628;0.7198320298478338;0.70893667061047;0.70893667061047
1.0;0.9399357456285121;0.941484898393405;0.941484898393405;0.9552916970860801;0.9566715537742424;0.9566715537742424;0.9469440251468944;0.9462594109827738;0.9462594109827738;0.9539766587218748;0.9543352067172837;0.9543352067172837;0.9601834082013277;0.9609802832762453;0.9609802832762453;0.9523179495854939;0.9539840972155612;0.9539840972155612;0.954955196638343;0.9557522174083085;0.9557522174083085;0.9293393382111155;0.9293393382111155;0.9293393382111155;0.9230769641147559;0.9230769641147559;0.9230769641147559
0.0;0.8686824652062378;0.8682713211269422;0.8682713211269422;0.8995705500816333;0.9021813341536303;0.9021813341536303;0.8670362028781662;0.8704208380489991;0.8704208380489991;0.8901765461926524;0.8923910968964255;0.8923910968964255;0.9012978099001707;0.9056535698978612;0.9056535698978612;0.8840167048727762;0.8896281588610855;0.8896281588610855;0.8924056891381194;0.8925826462975155;0.8925826462975155;0.819392716730136;0.819392716730136;0.819392716730136;0.8007023952078003;0.8007023952078003;0.8007023952078003
0.3333333333333333;0.8509410993780434;0.8509410993780434;0.8509410993780434;0.8956057608775878;0.8956057608775878;0.8956057608775878;0.8723504488170951;0.8723504488170951;0.8723504488170951;0.8855529733270603;0.8855529733270603;0.8855529733270603;0.9091418152485573;0.9091418152485573;0.9091418152485573;0.8934485589672446;0.8934485589672446;0.8934485589672446;0.8863261602229929;0.8863261602229929;0.8863261602229929;0.8516083136473837;0.8516083136473837;0.8516083136473837;0.8676361944393405;0.8676361944393405;0.8676361944393405
0.6666666666666666;0.829719915283954;0.829719915283954;0.829719915283954;0.8736517394904654;0.8736517394904654;0.8736517394904654;0.8287926298502571;0.8287926298502571;0.8287926298502571;0.8626186336915684;0.8626186336915684;0.8626186336915684;0.8793232089924291;0.8793232089924291;0.8793232089924291;0.8631179955772286;0.8631179955772286;0.8631179955772286;0.8662396917264541;0.8662396917264541;0.8662396917264541;0.7380284579259683;0.7380284579259683;0.7380284579259683;0.726065771768897;0.726065771768897;0.726065771768897
0.0;0.8307883589920422;0.8247220158372528;0.8247220158372528;0.8703328798447934;0.8694022211089136;0.8694022211089136;0.79351908289341;0.782875316264169;0.782875316264169;0.8367729194649038;0.8298067171878208;0.8298067171878208;0.8533639927294115;0.8539948836863754;0.8539948836863754;0.8322457554071984;0.8326107275623058;0.8326107275623058;0.8426230148352166;0.8307754383717056;0.8307754383717056;0.7714372248665463;0.7714372248665463;0.7714372248665463;0.7653445535803822;0.7653445535803822;0.7653445535803822
0.0;0.8677040869072516;0.8723904049481924;0.8723904049481924;0.8944904617532186;0.898885935426174;0.898885935426174;0.8589806263894484;0.8569694877359135;0.8569694877359135;0.8935699444275896;0.8938186140039969;0.8938186140039969;0.9095734524968996;0.9110922745894506;0.9110922745894506;0.8993493053783169;0.8979724999672052;0.8979724999672052;0.8963299611004139;0.8940910058289401;0.8940910058289401;0.8326375980594374;0.8326375980594374;0.8326375980594374;0.8267990636454927;0.8267990636454927;0.8267990636454927
0.3333333333333333;0.7406324502043209;0.7393919459792043;0.7393919459792043;0.8026417787747341;0.8000430464335152;0.8000430464335152;0.7169254129490235;0.7267673482637499;0.7267673482637499;0.7583468994951645;0.765765612213905;0.765765612213905;0.800237421882659;0.8040306262198101;0.8040306262198101;0.7833582468312952;0.785660588414621;0.785660588414621;0.7705263814106202;0.770136959062699;0.770136959062699;0.6135405542977034;0.6135405542977034;0.6135405542977034;0.5914504166589162;0.5914504166589162;0.5914504166589162
0.0;0.8750752701948336;0.8816135154963526;0.8816135154963526;0.9024331349204884;0.9093855970070343;0.9093855970070343;0.8372137442496379;0.8416804922960079;0.8416804922960079;0.8683726132026373;0.8740205659923422;0.8740205659923422;0.8865135048558902;0.8977322044637375;0.8977322044637375;0.8687315972105168;0.8823083948006697;0.8823083948006697;0.880547444224799;0.8783645513521818;0.8783645513521818;0.801501497578357;0.801501497578357;0.801501497578357;0.7776283405230591;0.7776283405230591;0.7776283405230591
1.0;0.8872671901756254;0.8959542541057592;0.8959542541057592;0.9181030723192803;0.9239397590717404;0.9239397590717404;0.8860178436097504;0.889290140118462;0.889290140118462;0.9047230892718195;0.9114549004314476;0.9114549004314476;0.9172019275993425;0.9279126870591605;0.9279126870591605;0.8991283500010983;0.9123020218748357;0.9123020218748357;0.9087561489941651;0.9065211318669423;0.9065211318669423;0.8518137274496408;0.8518137274496408;0.8518137274496408;0.8589117156775803;0.8589117156775803;0.8589117156775803
0.0;0.8839742940878546;0.8586743981710248;0.8586743981710248;0.9208326802048346;0.9006765647910199;0.9006765647910199;0.8810988364599641;0.8427220624490579;0.8427220624490579;0.8977893257646088;0.8695516581620197;0.8695516581620197;0.899768989787141;0.8780248261951206;0.8780248261951206;0.8964568651396099;0.8711865367768394;0.8711865367768394;0.8985514947301654;0.8715084346840967;0.8715084346840967;0.804841386703997;0.804841386703997;0.804841386703997;0.7896114559563475;0.7896114559563475;0.7896114559563475
0.0;0.8096971566482545;0.8087875267211965;0.8087875267211965;0.8705437065571929;0.8710806242029747;0.8710806242029747;0.8151023493464054;0.8204859536860423;0.8204859536860423;0.8529829267132184;0.8560636398300367;0.8560636398300367;0.8859901582281082;0.8950916156841189;0.8950916156841189;0.8734886207484223;0.878053870381364;0.878053870381364;0.8549748715868266;0.8538885568907186;0.8538885568907186;0.6995505444074784;0.6995505444074784;0.6995505444074784;0.720267140260759;0.720267140260759;0.720267140260759
0.3333333333333333;0.8778695574745324;0.8697009465772282;0.8697009465772282;0.9067862606933219;0.8989469122693423;0.8989469122693423;0.8843218701401886;0.8718472816828986;0.8718472816828986;0.9135250318827083;0.9055858438655311;0.9055858438655311;0.9175719747026795;0.9122521919790345;0.9122521919790345;0.9076827194819969;0.9010826781930914;0.9010826781930914;0.9118945350277473;0.9018581348041216;0.9018581348041216;0.8461747142715063;0.8461747142715063;0.8461747142715063;0.8408226152979379;0.8408226152979379;0.8408226152979379
0.0;0.7876823803858649;0.7768285583402101;0.7768285583402101;0.8503597995749417;0.8405301653085088;0.8405301653085088;0.6973526888253758;0.6762391346711153;0.6762391346711153;0.774707321203442;0.7603609721898695;0.7603609721898695;0.7928849218743037;0.7805949526017688;0.7805949526017688;0.7822342681911426;0.7670925389192605;0.7670925389192605;0.7746945752094471;0.755818729676651;0.755818729676651;0.6739640534000352;0.6739640534000352;0.6739640534000352;0.6726095749902921;0.6726095749902921;0.6726095749902921
0.3333333333333333;0.7478947784287946;0.73335986768313;0.73335986768313;0.8029828126213514;0.7922385890727022;0.7922385890727022;0.757988479095569;0.7370785560298329;0.7370785560298329;0.790723829196034;0.7759746552228538;0.7759746552228538;0.7712732488416866;0.7783287266301853;0.7783287266301853;0.7449096396565309;0.7572458940359944;0.7572458940359944;0.7682975772142022;0.7671892547190527;0.7671892547190527;0.6483850406171964;0.6483850406171964;0.6483850406171964;0.6311723889598884;0.6311723889598884;0.6311723889598884
0.0;0.816127627195951;0.808352766143652;0.808352766143652;0.8698156797514649;0.864119049369337;0.864119049369337;0.8203997853537507;0.800553816384589;0.800553816384589;0.8502922627581382;0.8378483124375078;0.8378483124375078;0.867613466079373;0.8624786715695554;0.8624786715695554;0.8525034793740156;0.8484216918911581;0.8484216918911581;0.854374971363549;0.8407457874745498;0.8407457874745498;0.7718633431222007;0.7718633431222007;0.7718633431222007;0.7569261896112025;0.7569261896112025;0.7569261896112025
0.0;0.8193910604010513;0.8298080236822734;0.8298080236822734;0.8589646933976788;0.8714098153634507;0.8714098153634507;0.807313819016164;0.7881752609470457;0.7881752609470457;0.8284825768791871;0.8208827628540741;0.8208827628540741;0.8487156229194636;0.8524158047573988;0.8524158047573988;0.8328438543667059;0.8385985914491212;0.8385985914491212;0.8356416426929743;0.8296941690623977;0.8296941690623977;0.7890680670246967;0.7890680670246967;0.7890680670246967;0.7730471988722278;0.7730471988722278;0.7730471988722278
0.3333333333333333;0.8715312396792269;0.8677232213695257;0.8677232213695257;0.9004427893187342;0.90496005167982;0.90496005167982;0.8717762684562501;0.8660666317759217;0.8660666317759217;0.8876260961505231;0.8839472463711754;0.8839472463711754;0.8937354112256899;0.8957275467040653;0.8957275467040653;0.8801944388452265;0.8824557741057993;0.8824557741057993;0.8967603592403528;0.8845257472130467;0.8845257472130467;0.8321741047221137;0.8321741047221137;0.8321741047221137;0.8386230689330033;0.8386230689330033;0.8386230689330033
1.0;0.8210528541752636;0.8341133450835988;0.8341133450835988;0.8688635908573429;0.8813676345836293;0.8813676345836293;0.8348009126037012;0.8641257987954867;0.8641257987954867;0.871984482211075;0.8972895488675525;0.8972895488675525;0.887938985945537;0.9167835953479809;0.9167835953479809;0.874899694792669;0.9065101593173629;0.9065101593173629;0.8977322127741191;0.8981727289681909;0.8981727289681909;0.8031626436395687;0.8031626436395687;0.8031626436395687;0.7892213421407485;0.7892213421407485;0.7892213421407485
0.0;0.8490905763770283;0.8490905763770283;0.8490905763770283;0.8891913824193413;0.8891913824193413;0.8891913824193413;0.8229634919992614;0.8229634919992614;0.8229634919992614;0.8578929776270864;0.8578929776270864;0.8578929776270864;0.8814148392045504;0.8814148392045504;0.8814148392045504;0.8708332321334135;0.8708332321334135;0.8708332321334135;0.8608261413731348;0.8608261413731348;0.8608261413731348;0.7827780506123139;0.7827780506123139;0.7827780506123139;0.7579353030785768;0.7579353030785768;0.7579353030785768
0.3333333333333333;0.926807465894351;0.9209907139690058;0.9209907139690058;0.9472170384414021;0.9424706031689176;0.9424706031689176;0.9232976701751588;0.913872834056057;0.913872834056057;0.9344446582781578;0.9273589256973597;0.9273589256973597;0.9444815721680772;0.9399326263895798;0.9399326263895798;0.9386395108230059;0.9332027335479628;0.9332027335479628;0.9367735949476238;0.9303334295252832;0.9303334295252832;0.8879382674564079;0.8879382674564079;0.8879382674564079;0.8699716361605748;0.8699716361605748;0.8699716361605748
0.6666666666666666;0.9139887409912332;0.9211670913640082;0.9211670913640082;0.932886026174649;0.9431123607802466;0.9431123607802466;0.918643288069965;0.9265976452197084;0.9265976452197084;0.9305433372291226;0.9385420386132369;0.9385420386132369;0.9351786378145607;0.9460823823809886;0.9460823823809886;0.9257300404346985;0.9380082203892843;0.9380082203892843;0.933868545560716;0.9369234042786894;0.9369234042786894;0.8820596662332284;0.8820596662332284;0.8820596662332284;0.8802236938999322;0.8802236938999322;0.8802236938999322
0.0;0.8786499107277168;0.8616813396723205;0.8616813396723205;0.9121901765855117;0.9016335558775276;0.9016335558775276;0.893458139126225;0.8647615317055923;0.8647615317055923;0.9072406306270182;0.8873546093285022;0.8873546093285022;0.9057426654937953;0.8963700045291226;0.8963700045291226;0.8978683563648883;0.8848111814150321;0.8848111814150321;0.9023870551985181;0.8830650570637322;0.8830650570637322;0.770197660590665;0.770197660590665;0.770197660590665;0.7686097177668388;0.7686097177668388;0.7686097177668388
0.6666666666666666;0.9009146240943344;0.8912794599199547;0.8912794599199547;0.9253170136403541;0.9170216800400658;0.9170216800400658;0.9195004627977896;0.9083473229484623;0.9083473229484623;0.930322267651577;0.9222861613765575;0.9222861613765575;0.9322311641040718;0.9254073108028069;0.9254073108028069;0.9237632618460725;0.9150070183885971;0.9150070183885971;0.933204530482756;0.9242728124071263;0.9242728124071263;0.8375668064428419;0.8375668064428419;0.8375668064428419;0.8438071360568311;0.8438071360568311;0.8438071360568311
1.0;0.9476210743458966;0.9501507364683882;0.9501507364683882;0.9676468454727328;0.9708459975284001;0.9708459975284001;0.9440376018954305;0.954812908236369;0.954812908236369;0.9558237031160237;0.9653574547943718;0.9653574547943718;0.9601307694423025;0.969879910608904;0.969879910608904;0.9546036897804102;0.9644186574779411;0.9644186574779411;0.9673910338479369;0.9677170140415712;0.9677170140415712;0.9157799167042158;0.9157799167042158;0.9157799167042158;0.9245080989874651;0.9245080989874651;0.9245080989874651
0.0;0.9278477020684043;0.9215289222046386;0.9215289222046386;0.9557333737134482;0.95063986594097;0.95063986594097;0.9316454033545551;0.9188136459441262;0.9188136459441262;0.9431424126771255;0.937777117436454;0.937777117436454;0.9475528889935887;0.9470162075286014;0.9470162075286014;0.9405371886839032;0.9389112455885615;0.9389112455885615;0.9501240032914059;0.9395987551872034;0.9395987551872034;0.8787315439326185;0.8787315439326185;0.8787315439326185;0.8774897477609488;0.8774897477609488;0.8774897477609488
0.0;0.8486361854554869;0.8559639163871506;0.8559639163871506;0.8827649192891698;0.8907986228264657;0.8907986228264657;0.8454472929625849;0.8480938228529241;0.8480938228529241;0.8649806398010388;0.8720532964027686;0.8720532964027686;0.8801919849098462;0.8838740277401076;0.8838740277401076;0.8612714509817273;0.8665770930889467;0.8665770930889467;0.8757366353694077;0.8740889157227827;0.8740889157227827;0.8408608859456815;0.8408608859456815;0.8408608859456815;0.8253924406284856;0.8253924406284856;0.8253924406284856
0.0;0.8425718407120766;0.8506910903761785;0.8506910903761785;0.889816958454756;0.8968568516759984;0.8968568516759984;0.8482008341976527;0.8606383703342209;0.8606383703342209;0.8670487926017788;0.8836218225174499;0.8836218225174499;0.8859073843468495;0.9091494108103201;0.9091494108103201;0.8750049747031393;0.8925525087625675;0.8925525087625675;0.9006314867932519;0.888197526443364;0.888197526443364;0.7878401527972776;0.7878401527972776;0.7878401527972776;0.8044235714713558;0.8044235714713558;0.8044235714713558
0.0;0.786006960090356;0.786006960090356;0.786006960090356;0.8349787039529012;0.8349787039529012;0.8349787039529012;0.7533919918083387;0.7533919918083387;0.7533919918083387;0.798553277077498;0.798553277077498;0.798553277077498;0.8386520772841346;0.8386520772841346;0.8386520772841346;0.8196790024325461;0.8196790024325461;0.8196790024325461;0.7991143555976536;0.7991143555976536;0.7991143555976536;0.7395648632479861;0.7395648632479861;0.7395648632479861;0.686305486611174;0.686305486611174;0.686305486611174
0.6666666666666666;0.8207173539576752;0.8207173539576752;0.8207173539576752;0.8714367507551045;0.8714367507551045;0.8714367507551045;0.8476823211933004;0.8476823211933004;0.8476823211933004;0.8638808633858859;0.8638808633858859;0.8638808633858859;0.8883528074851869;0.8883528074851869;0.8883528074851869;0.8679430196651172;0.8679430196651172;0.8679430196651172;0.8643799701703999;0.8643799701703999;0.8643799701703999;0.7372430467851668;0.7372430467851668;0.7372430467851668;0.7551824161033697;0.7551824161033697;0.7551824161033697
0.3333333333333333;0.8535365723892148;0.8580304110296029;0.8580304110296029;0.8808118469197238;0.8864008640244828;0.8864008640244828;0.7722715973984536;0.783596573338203;0.783596573338203;0.8111465717523352;0.8192404450447699;0.8192404450447699;0.8488568360656374;0.8572022430198634;0.8572022430198634;0.8301817357347485;0.8403515171646562;0.8403515171646562;0.8240447109602542;0.8193450750691171;0.8193450750691171;0.8509409028770899;0.8509409028770899;0.8509409028770899;0.8413521253059192;0.8413521253059192;0.8413521253059192
1.0;0.9089477049421805;0.9089477049421805;0.9089477049421805;0.9342776676648534;0.9342776676648534;0.9342776676648534;0.9182723392032416;0.9182723392032416;0.9182723392032416;0.9368233807532671;0.9368233807532671;0.9368233807532671;0.9472470994038802;0.9472470994038802;0.9472470994038802;0.9372758350128731;0.9372758350128731;0.9372758350128731;0.9339376249905267;0.9339376249905267;0.9339376249905267;0.8443580144813391;0.8443580144813391;0.8443580144813391;0.8271115610551989;0.8271115610551989;0.8271115610551989
0.6666666666666666;0.900002859756078;0.9091117696226888;0.9091117696226888;0.9300406675973405;0.9401362218470553;0.9401362218470553;0.9174552907609936;0.9303200025109218;0.9303200025109218;0.9318408699802913;0.9411031441703789;0.9411031441703789;0.9465968127179191;0.9548862727988384;0.9548862727988384;0.9354377775783433;0.946746217130116;0.946746217130116;0.9390943631980773;0.9432322626899968;0.9432322626899968;0.8567289466131486;0.8567289466131486;0.8567289466131486;0.8823346363905662;0.8823346363905662;0.8823346363905662
0.3333333333333333;0.8274638667593375;0.8256342577754324;0.8256342577754324;0.8604179325788474;0.8625788500999105;0.8625788500999105;0.8416612952942567;0.8399375553575157;0.8399375553575157;0.8564973321963392;0.8592089250721143;0.8592089250721143;0.8639025296031575;0.8699693869624545;0.8699693869624545;0.846614273950318;0.8544328367067843;0.8544328367067843;0.8510294721477345;0.858166661802133;0.858166661802133;0.7034815935422977;0.7034815935422977;0.7034815935422977;0.7757209459176448;0.7757209459176448;0.7757209459176448
0.3333333333333333;0.910726149704234;0.9105942089616328;0.9105942089616328;0.9387173210814751;0.9396834784685126;0.9396834784685126;0.9200598811053181;0.9193198231472189;0.9193198231472189;0.9275992633649585;0.9302185160223831;0.9302185160223831;0.9342484787919929;0.9392346277558055;0.9392346277558055;0.9281085886397451;0.9332938354481727;0.9332938354481727;0.9322019658624973;0.9339345473125858;0.9339345473125858;0.8564988827797283;0.8564988827797283;0.8564988827797283;0.8715974942796471;0.8715974942796471;0.8715974942796471
0.0;0.8673668011727038;0.8781322557407016;0.8781322557407016;0.8912537392544648;0.9034970796813956;0.9034970796813956;0.8643161654860447;0.8847757380727435;0.8847757380727435;0.8894526136891479;0.9059996633713571;0.9059996633713571;0.8900130830529926;0.912609290231028;0.912609290231028;0.8666939460041944;0.8975224000622852;0.8975224000622852;0.8902268853332772;0.8960247405609278;0.8960247405609278;0.8168201793365633;0.8168201793365633;0.8168201793365633;0.8069283898026725;0.8069283898026725;0.8069283898026725
0.3333333333333333;0.8374271031046331;0.8332851288209696;0.8332851288209696;0.8696916799637111;0.8691192506326009;0.8691192506326009;0.8626065043196063;0.8499952221649067;0.8499952221649067;0.8843223007957567;0.8735613373901786;0.8735613373901786;0.8980187650630232;0.8920618348779985;0.8920618348779985;0.8733077493400029;0.86571496798046;0.86571496798046;0.8948951109510058;0.8746546296274482;0.8746546296274482;0.8249978169354375;0.8227204905453417;0.8227204905453417;0.7811026112192658;0.7888901375742742;0.7888901375742742
0.0;0.7610141537213228;0.7610141537213228;0.7610141537213228;0.8539887244508072;0.8539887244508072;0.8539887244508072;0.7880645157816847;0.7880645157816847;0.7880645157816847;0.8286595622004695;0.8286595622004695;0.8286595622004695;0.8615185951194324;0.8615185951194324;0.8615185951194324;0.8324713337239499;0.8324713337239499;0.8324713337239499;0.8257580371391333;0.8257580371391333;0.8257580371391333;0.6643286003056066;0.6643286003056066;0.6643286003056066;0.7102388466927386;0.7102388466927386;0.7102388466927386
0.0;0.7725188979386755;0.7725188979386755;0.7725188979386755;0.8300178863861921;0.8300178863861921;0.8300178863861921;0.7030762453780335;0.7030762453780335;0.7030762453780335;0.7423268120504288;0.7423268120504288;0.7423268120504288;0.7900404369191977;0.7900404369191977;0.7900404369191977;0.7730517952133292;0.7730517952133292;0.7730517952133292;0.7418303080719111;0.7418303080719111;0.7418303080719111;0.726507611223531;0.726507611223531;0.726507611223531;0.7259914317757583;0.7259914317757583;0.7259914317757583
0.0;0.897875129004742;0.897875129004742;0.897875129004742;0.9280139674919777;0.9280139674919777;0.9280139674919777;0.9057006536399237;0.9057006536399237;0.9057006536399237;0.9244617007456829;0.9244617007456829;0.9244617007456829;0.9460508597497649;0.9460508597497649;0.9460508597497649;0.9375036906203156;0.9375036906203156;0.9375036906203156;0.9285920601167338;0.9285920601167338;0.9285920601167338;0.8354632445813547;0.8354632445813547;0.8354632445813547;0.8559593053280239;0.8559593053280239;0.8559593053280239
0.3333333333333333;0.8611779267593098;0.8611779267593098;0.8611779267593098;0.8931884795485756;0.8931884795485756;0.8931884795485756;0.8568942119548598;0.8568942119548598;0.8568942119548598;0.8812167491222046;0.8812167491222046;0.8812167491222046;0.908105845504627;0.908105845504627;0.908105845504627;0.8907697188803747;0.8907697188803747;0.8907697188803747;0.8775103116862657;0.8775103116862657;0.8775103116862657;0.8025723982830553;0.8025723982830553;0.8025723982830553;0.7646281805975059;0.7646281805975059;0.7646281805975059
0.3333333333333333;0.9019009089359422;0.8871562987386624;0.8871562987386624;0.9197161205371661;0.9091681183655359;0.9091681183655359;0.9071029351912595;0.8945188718957668;0.8945188718957668;0.9224687459644978;0.912999735683532;0.912999735683532;0.926275574183798;0.9217973458169002;0.9217973458169002;0.9186568993559874;0.9124592464236234;0.9124592464236234;0.9223733202928969;0.9146063573081255;0.9146063573081255;0.8313005072555796;0.8313005072555796;0.8313005072555796;0.8353217303192538;0.8353217303192538;0.8353217303192538
0.6666666666666666;0.8875763968509636;0.9033375404302652;0.9033375404302652;0.9017535438102411;0.9164636658739272;0.9164636658739272;0.9071919076348461;0.9295604271470506;0.9295604271470506;0.9178049643127028;0.9346054156444836;0.9346054156444836;0.918942022756057;0.9414678024736909;0.9414678024736909;0.9042278621969464;0.9307332420288172;0.9307332420288172;0.9251871618631329;0.9303455932161288;0.9303455932161288;0.8475676719652824;0.8475676719652824;0.8475676719652824;0.8549290074772432;0.8549290074772432;0.8549290074772432
0.3333333333333333;0.8258722797012356;0.8275566109401313;0.8275566109401313;0.8678604376548823;0.8725045233918544;0.8725045233918544;0.7845306472218938;0.7898930811870999;0.7898930811870999;0.8212166511415195;0.8167462113878877;0.8167462113878877;0.8459813451063032;0.8396956383836018;0.8396956383836018;0.8356045726462872;0.827118609544926;0.827118609544926;0.8344481810675245;0.8232564867705002;0.8232564867705002;0.8228888121183942;0.8228888121183942;0.8228888121183942;0.8149672756319368;0.8149672756319368;0.8149672756319368
0.0;0.9055703329914381;0.9055703329914381;0.9055703329914381;0.9298743396528855;0.9298743396528855;0.9298743396528855;0.9068397046477347;0.9068397046477347;0.9068397046477347;0.9207494937502082;0.9207494937502082;0.9207494937502082;0.9384783518650968;0.9384783518650968;0.9384783518650968;0.9314208214820621;0.9314208214820621;0.9314208214820621;0.9241127967600989;0.9241127967600989;0.9241127967600989;0.8657066833972088;0.8657066833972088;0.8657066833972088;0.8606759297254817;0.8606759297254817;0.8606759297254817
0.3333333333333333;0.8118115760613206;0.8019379479009134;0.8019379479009134;0.8662115691029105;0.8580260580083908;0.8580260580083908;0.8033453127916234;0.7833358152442363;0.7833358152442363;0.8358844838202059;0.825300761204959;0.825300761204959;0.8531624982950373;0.8515232713405801;0.8515232713405801;0.8402890184945904;0.8364134444411402;0.8364134444411402;0.8250661614815806;0.8221916293553966;0.8221916293553966;0.7115609323235699;0.7115609323235699;0.7115609323235699;0.7167277764347889;0.7167277764347889;0.7167277764347889
0.0;0.7290010288820107;0.7290010288820107;0.7290010288820107;0.7869042327364466;0.7869042327364466;0.7869042327364466;0.6295584664427664;0.6295584664427664;0.6295584664427664;0.6995055114415555;0.6995055114415555;0.6995055114415555;0.7637862861910575;0.7637862861910575;0.7637862861910575;0.736667852817142;0.736667852817142;0.736667852817142;0.7063085906456157;0.7063085906456157;0.7063085906456157;0.6712209855256078;0.6712209855256078;0.6712209855256078;0.5988971260927712;0.5988971260927712;0.5988971260927712
0.0;0.9165020972540356;0.9073095371273329;0.9073095371273329;0.9426876255954005;0.9347872502070952;0.9347872502070952;0.9238424545215644;0.9110875891498584;0.9110875891498584;0.9334543364024279;0.9230980468992925;0.9230980468992925;0.9413471474494098;0.9333266106956717;0.9333266106956717;0.9320733078928295;0.9217937330358958;0.9217937330358958;0.9301872143593324;0.9193505776270224;0.9193505776270224;0.8500075301642237;0.8500075301642237;0.8500075301642237;0.8505802759179739;0.8505802759179739;0.8505802759179739
0.0;0.9012913080860148;0.9012913080860148;0.9012913080860148;0.9301011639202598;0.9301011639202598;0.9301011639202598;0.9149969252436942;0.9149969252436942;0.9149969252436942;0.9311485455963507;0.9311485455963507;0.9311485455963507;0.9378535835391764;0.9378535835391764;0.9378535835391764;0.9301143546282425;0.9301143546282425;0.9301143546282425;0.933204235794171;0.933204235794171;0.933204235794171;0.8765649796980008;0.8765649796980008;0.8765649796980008;0.8757709773667182;0.8757709773667182;0.8757709773667182
0.0;0.8736587663660306;0.8906804902219327;0.8906804902219327;0.9021475957019683;0.9274710872869325;0.9274710872869325;0.8863580392736219;0.9004865007696135;0.9004865007696135;0.8932313880183016;0.913850235319541;0.913850235319541;0.8969658168084462;0.9264605579357234;0.9264605579357234;0.8900102371825132;0.9199892054650989;0.9199892054650989;0.9152702678233857;0.9165635338120595;0.9165635338120595;0.8470333490391552;0.8470333490391552;0.8470333490391552;0.8504264838012324;0.8504264838012324;0.8504264838012324
0.3333333333333333;0.8743279279895877;0.8568667060825053;0.8568667060825053;0.919013204081746;0.9051215137038976;0.9051215137038976;0.8977284801954629;0.874977584163177;0.874977584163177;0.9164360972826344;0.9001378859491911;0.9001378859491911;0.9200137307143396;0.9080164527024552;0.9080164527024552;0.909701986309507;0.8944752429693767;0.8944752429693767;0.9191120791668717;0.9032346326318864;0.9032346326318864;0.7884531467915573;0.7884531467915573;0.7884531467915573;0.7944097819945467;0.7944097819945467;0.7944097819945467
0.0;0.8965938383478042;0.903050090563844;0.903050090563844;0.9258713172698959;0.9322230996835777;0.9322230996835777;0.8944858831558932;0.8932328501780575;0.8932328501780575;0.9191284298723816;0.9172319375162499;0.9172319375162499;0.9316952111199366;0.932737583378573;0.932737583378573;0.9159566460374757;0.9173884471368581;0.9173884471368581;0.920840039778881;0.9155529176242844;0.9155529176242844;0.8772975249137966;0.8761019227063814;0.8761019227063814;0.8868761523874511;0.8844433055016628;0.8844433055016628
0.0;0.8478955306813377;0.8519864477202471;0.8519864477202471;0.8846931258769178;0.8892825494786541;0.8892825494786541;0.833402040285633;0.8472462718711493;0.8472462718711493;0.8614518397056807;0.8716828847123792;0.8716828847123792;0.8821118814923171;0.8915857573676903;0.8915857573676903;0.8603511495923679;0.873319325937682;0.873319325937682;0.8800605832546955;0.8744790768280961;0.8744790768280961;0.7843097377575086;0.7843097377575086;0.7843097377575086;0.7521248860573858;0.7521248860573858;0.7521248860573858
0.3333333333333333;0.8623014452771369;0.8623014452771369;0.8623014452771369;0.9045334680379269;0.9045334680379269;0.9045334680379269;0.8835662388668443;0.8835662388668443;0.8835662388668443;0.9003604813800379;0.9003604813800379;0.9003604813800379;0.9157746010041403;0.9157746010041403;0.9157746010041403;0.9009794354096563;0.9009794354096563;0.9009794354096563;0.9019943590330869;0.9019943590330869;0.9019943590330869;0.8587456472441696;0.8587456472441696;0.8587456472441696;0.8573935666859519;0.8573935666859519;0.8573935666859519
0.3333333333333333;0.9069014495639407;0.9109105674430003;0.9109105674430003;0.9271005880807648;0.9334591657608908;0.9334591657608908;0.9133263596334836;0.9132224160561098;0.9132224160561098;0.928255469869355;0.9297421902638662;0.9297421902638662;0.9357865345241352;0.9396064740318989;0.9396064740318989;0.9275548772581591;0.9324791223072438;0.9324791223072438;0.9332554196269083;0.9330642076279487;0.9330642076279487;0.8652442425150254;0.8652442425150254;0.8652442425150254;0.8485876511174059;0.8485876511174059;0.8485876511174059
1.0;0.8933341176840305;0.8933341176840305;0.8933341176840305;0.9247515895218984;0.9247515895218984;0.9247515895218984;0.8927995394273027;0.8927995394273027;0.8927995394273027;0.9103064578511836;0.9103064578511836;0.9103064578511836;0.9242421190777725;0.9242421190777725;0.9242421190777725;0.9107705840313376;0.9107705840313376;0.9107705840313376;0.9110875325683584;0.9110875325683584;0.9110875325683584;0.8642416567526823;0.8642416567526823;0.8642416567526823;0.8656383653380137;0.8656383653380137;0.8656383653380137
0.0;0.8724035749807486;0.8589254165238405;0.8589254165238405;0.9007483039161377;0.8894386921102555;0.8894386921102555;0.7544075356936496;0.6972442696459394;0.6972442696459394;0.7873699174444954;0.7441280271546079;0.7441280271546079;0.8177551977476235;0.7881427007687997;0.7881427007687997;0.7987643956473099;0.7649915906748976;0.7649915906748976;0.788214414661273;0.7491089159206403;0.7491089159206403;0.7928805063472446;0.7928805063472446;0.7928805063472446;0.79933989458183;0.79933989458183;0.79933989458183
0.0;0.8541331300966624;0.8541331300966624;0.8541331300966624;0.8937587762436775;0.8937587762436775;0.8937587762436775;0.8667304880913367;0.8667304880913367;0.8667304880913367;0.9030105664098982;0.9030105664098982;0.9030105664098982;0.9040001231181423;0.9040001231181423;0.9040001231181423;0.891476579525308;0.891476579525308;0.891476579525308;0.899517385836058;0.899517385836058;0.899517385836058;0.8018593799345263;0.8018593799345263;0.8018593799345263;0.8015359768373073;0.8015359768373073;0.8015359768373073
0.3333333333333333;0.8861587401059909;0.8841768469303168;0.8841768469303168;0.9138774475726106;0.9169111626448819;0.9169111626448819;0.8956341283052774;0.9128250576242727;0.9128250576242727;0.9178878772654956;0.9273917520988444;0.9273917520988444;0.9270805850630566;0.9428895720992385;0.9428895720992385;0.912667386364016;0.9319308573233868;0.9319308573233868;0.9248533520964956;0.9269676725419592;0.9269676725419592;0.8682115030745573;0.8682115030745573;0.8682115030745573;0.89353868374271;0.89353868374271;0.89353868374271
0.0;0.8957875194964766;0.9010051190113675;0.9010051190113675;0.9270022042084738;0.9304491252091909;0.9304491252091909;0.8960441964179403;0.9022788585848874;0.9022788585848874;0.91245734563746;0.9171107748008851;0.9171107748008851;0.926603535119399;0.9284683461804182;0.9284683461804182;0.9209775903798391;0.9234150764570598;0.9234150764570598;0.9260111712308551;0.9224618555267299;0.9224618555267299;0.8655678238419047;0.8655678238419047;0.8655678238419047;0.8563801542117625;0.8563801542117625;0.8563801542117625
0.3333333333333333;0.9022397397963846;0.8905081240680021;0.8905081240680021;0.934201235532356;0.9261871500863509;0.9261871500863509;0.9207616305457736;0.9099984061815691;0.9099984061815691;0.9375289600895129;0.9297702326676192;0.9297702326676192;0.9439567974421879;0.9382242693049669;0.9382242693049669;0.9376927059245275;0.931942960970292;0.931942960970292;0.9389512417432136;0.9305950253062741;0.9305950253062741;0.8618592077692688;0.8618592077692688;0.8618592077692688;0.8601921926907219;0.8601921926907219;0.8601921926907219
0.3333333333333333;0.9211562819749312;0.9160323537896204;0.9160323537896204;0.948344293904585;0.9459418784556887;0.9459418784556887;0.923090928319962;0.9213494341535912;0.9213494341535912;0.9396602291860379;0.9412091207825357;0.9412091207825357;0.9500982961392169;0.9473278954956045;0.9473278954956045;0.9407650939902147;0.9385741120327337;0.9385741120327337;0.9419104693728383;0.9413030723315414;0.9413030723315414;0.8756497547955353;0.8678156492349566;0.8678156492349566;0.8841338860000486;0.8754589790745358;0.8754589790745358
0.3333333333333333;0.8765540681014955;0.8765540681014955;0.8765540681014955;0.9070140073308731;0.9070140073308731;0.9070140073308731;0.8425483622897633;0.8425483622897633;0.8425483622897633;0.8725681750589512;0.8725681750589512;0.8725681750589512;0.8893803751886346;0.8893803751886346;0.8893803751886346;0.8714413337540008;0.8714413337540008;0.8714413337540008;0.8774663215769605;0.8774663215769605;0.8774663215769605;0.8275189523777163;0.8275189523777163;0.8275189523777163;0.7993409092154744;0.7993409092154744;0.7993409092154744
0.6666666666666666;0.9184510952510307;0.9111807740316826;0.9111807740316826;0.9460157007534088;0.9414029794135168;0.9414029794135168;0.9309389323800605;0.9215207808131225;0.9215207808131225;0.9480731682598634;0.942396125460081;0.942396125460081;0.9509820004500327;0.9481553838119652;0.9481553838119652;0.9470530697048333;0.9429384768293131;0.9429384768293131;0.9491816182571413;0.9423737620273674;0.9423737620273674;0.8653700138975655;0.8653700138975655;0.8653700138975655;0.8777182443378355;0.8777182443378355;0.8777182443378355
0.0;0.8702608240173172;0.8709787909682064;0.8709787909682064;0.9107096490249377;0.9096166344103136;0.9096166344103136;0.8701912106883753;0.8733279366456101;0.8733279366456101;0.8942429225943256;0.8963530823143595;0.8963530823143595;0.9079232283551115;0.9075018490149533;0.9075018490149533;0.8983715859788627;0.8979846397367541;0.8979846397367541;0.8972253914183976;0.8949743117086203;0.8949743117086203;0.8100549543514551;0.8100549543514551;0.8100549543514551;0.8091240792577999;0.8091240792577999;0.8091240792577999
0.0;0.8872661654265112;0.899370851585841;0.899370851585841;0.9093302170101285;0.9252911817246856;0.9252911817246856;0.8913231616552406;0.8954241585250138;0.8954241585250138;0.9065878937422283;0.9110461703911339;0.9110461703911339;0.9135338277356084;0.9255028227546411;0.9255028227546411;0.8956483109780035;0.9147150709055444;0.9147150709055444;0.9067523077547909;0.9121703509988583;0.9121703509988583;0.8717948299381693;0.8717948299381693;0.8717948299381693;0.8563804059774334;0.8563804059774334;0.8563804059774334
0.0;0.8451622731068389;0.8464714774965748;0.8464714774965748;0.8770866624862087;0.8811994563958124;0.8811994563958124;0.7792633250506157;0.774309113635983;0.774309113635983;0.8119449428529555;0.811164856589498;0.811164856589498;0.8489239895456611;0.8509011380211012;0.8509011380211012;0.8300765572736354;0.8337289420955134;0.8337289420955134;0.8151639567762958;0.8104372028984841;0.8104372028984841;0.8059924390406024;0.8059924390406024;0.8059924390406024;0.7837886567984677;0.7837886567984677;0.7837886567984677
0.0;0.8081572600119612;0.8081572600119612;0.8081572600119612;0.8624375738543477;0.8624375738543477;0.8624375738543477;0.7828690759220372;0.7828690759220372;0.7828690759220372;0.8201987813725626;0.8201987813725626;0.8201987813725626;0.8554009389936583;0.8554009389936583;0.8554009389936583;0.8285815111585558;0.8285815111585558;0.8285815111585558;0.824597597487208;0.824597597487208;0.824597597487208;0.7431350992301708;0.7431350992301708;0.7431350992301708;0.756514901153008;0.756514901153008;0.756514901153008
