Human;WBSM Lin Biosses2017;WBSM Lin nltk2018;WBSM Lin None;WBSM Cai Biosses2017;WBSM Cai nltk2018;WBSM Cai None;WBSM Resnik Biosses2017;WBSM Resnik nltk2018;WBSM Resnik None;WBSM WuPalmerFast Biosses2017;WBSM WuPalmerFast nltk2018;WBSM WuPalmerFast None;WBSM JiangConrath Biosses2017;WBSM JiangConrath nltk2018;WBSM JiangConrath None;WBSM CosineNormJiangConrath Biosses2017;WBSM CosineNormJiangConrath nltk2018;WBSM CosineNormJiangConrath None
2.6666666666666665;0.24019223070763074;0.2964997266644405;0.3903600291794133;0.24019223070763074;0.2964997266644405;0.3903600291794133;0.24019223070763074;0.2964997266644405;0.3903600291794133;0.7505553499465134;0.7637626158259734;0.7559289460184545;0.7505553499465134;0.7637626158259734;0.7559289460184545;0.24019223070763074;0.2964997266644405;0.3903600291794133
1.3333333333333333;0.10482848367219183;0.0944911182523068;0.13245323570650439;0.10482848367219183;0.0944911182523068;0.13245323570650439;0.10482848367219183;0.0944911182523068;0.13245323570650439;0.5460047926576328;0.5077571171398105;0.5181991426446977;0.5384615384615385;0.5;0.512989176042577;0.10482848367219183;0.0944911182523068;0.13245323570650439
4.0;0.3481553119113957;0.33333333333333337;0.3077935056255462;0.3481553119113957;0.33333333333333337;0.3077935056255462;0.3481553119113957;0.33333333333333337;0.3077935056255462;0.7445393874971484;0.7242068243779014;0.6881445113564779;0.7399400733959438;0.7190924955066749;0.6849495194215732;0.3481553119113957;0.33333333333333337;0.3077935056255462
2.6666666666666665;0.223606797749979;0.223606797749979;0.28603877677367767;0.223606797749979;0.223606797749979;0.28603877677367767;0.223606797749979;0.223606797749979;0.28603877677367767;0.7442877094063838;0.7442877094063838;0.7181645746567549;0.7409585736349483;0.7409585736349483;0.7147416898918633;0.223606797749979;0.223606797749979;0.28603877677367767
2.6666666666666665;0.24343224778007383;0.23693955110363693;0.2558408596267325;0.24343224778007383;0.23693955110363693;0.2558408596267325;0.24343224778007383;0.23693955110363693;0.2558408596267325;0.6556100681071858;0.6423640548375729;0.6600983619844495;0.6556100681071858;0.6423640548375729;0.6600983619844495;0.24343224778007383;0.23693955110363693;0.2558408596267325
1.6666666666666667;0.09090909090909091;0.09534625892455924;0.24343224778007383;0.09090909090909091;0.09534625892455924;0.24343224778007383;0.09090909090909091;0.09534625892455924;0.24343224778007383;0.7302967433402215;0.7130240959073808;0.7112867591590193;0.7302967433402215;0.7130240959073808;0.7112867591590193;0.09090909090909091;0.09534625892455924;0.24343224778007383
2.3333333333333335;0.35355339059327373;0.35355339059327373;0.4036036763977875;0.35355339059327373;0.35355339059327373;0.4036036763977875;0.35355339059327373;0.35355339059327373;0.4036036763977875;0.5999999999999999;0.5999999999999999;0.5892556509887896;0.5999999999999999;0.5999999999999999;0.5892556509887896;0.35355339059327373;0.35355339059327373;0.4036036763977875
1.0;0.0;0.0;0.17149858514250885;0.0;0.0;0.17149858514250885;0.0;0.0;0.17149858514250885;0.5923488777590923;0.5923488777590923;0.5813776741499453;0.5923488777590923;0.5923488777590923;0.5813776741499453;0.0;0.0;0.17149858514250885
1.6666666666666667;0.4303314829119352;0.4303314829119352;0.4626519455729923;0.4303314829119352;0.4303314829119352;0.4626519455729923;0.4303314829119352;0.4303314829119352;0.4626519455729923;0.8140915784106942;0.8140915784106942;0.7648661601319408;0.8140915784106942;0.8140915784106942;0.7648661601319408;0.4303314829119352;0.4303314829119352;0.4626519455729923
3.0;0.31622776601683794;0.31622776601683794;0.3450327796711771;0.31622776601683794;0.31622776601683794;0.3450327796711771;0.31622776601683794;0.31622776601683794;0.3450327796711771;0.7715167498104596;0.7715167498104596;0.7029594915666377;0.7715167498104596;0.7715167498104596;0.7029594915666377;0.31622776601683794;0.31622776601683794;0.3450327796711771
1.6666666666666667;0.21081851067789195;0.21081851067789195;0.2760262237369417;0.21081851067789195;0.21081851067789195;0.2760262237369417;0.21081851067789195;0.21081851067789195;0.2760262237369417;0.6923076923076924;0.6923076923076924;0.6851601597031488;0.6923076923076924;0.6923076923076924;0.6851601597031488;0.21081851067789195;0.21081851067789195;0.2760262237369417
1.3333333333333333;0.08451542547285165;0.08451542547285165;0.2253744679276044;0.08451542547285165;0.08451542547285165;0.2253744679276044;0.08451542547285165;0.08451542547285165;0.2253744679276044;0.6085806194501846;0.6085806194501846;0.5813776741499453;0.6085806194501846;0.6085806194501846;0.5813776741499453;0.08451542547285165;0.08451542547285165;0.2253744679276044
1.3333333333333333;0.05892556509887897;0.05892556509887897;0.214422506967559;0.05892556509887897;0.05892556509887897;0.214422506967559;0.05892556509887897;0.05892556509887897;0.214422506967559;0.6308469817939233;0.6308469817939233;0.632126727471794;0.6271815075053181;0.6271815075053181;0.6301961180038697;0.05892556509887897;0.05892556509887897;0.214422506967559
1.0;0.22360679774997896;0.22360679774997896;0.16609095970747995;0.22360679774997896;0.22360679774997896;0.16609095970747995;0.22360679774997896;0.22360679774997896;0.16609095970747995;0.695815339134684;0.695815339134684;0.5474387739175928;0.6933752452815365;0.6933752452815365;0.5459208336840117;0.22360679774997896;0.22360679774997896;0.16609095970747995
1.6666666666666667;0.26967994498529685;0.26967994498529685;0.22360679774997896;0.26967994498529685;0.26967994498529685;0.22360679774997896;0.26967994498529685;0.26967994498529685;0.22360679774997896;0.5330017908890261;0.5330017908890261;0.5;0.5330017908890261;0.5330017908890261;0.5;0.26967994498529685;0.26967994498529685;0.22360679774997896
2.3333333333333335;0.17407765595569785;0.17407765595569785;0.30316953129541624;0.17407765595569785;0.17407765595569785;0.30316953129541624;0.17407765595569785;0.17407765595569785;0.30316953129541624;0.5520524474738834;0.5520524474738834;0.6007514091861106;0.5520524474738834;0.5520524474738834;0.6007514091861106;0.17407765595569785;0.17407765595569785;0.30316953129541624
3.0;0.4803844614152615;0.4803844614152615;0.3796283011826483;0.4803844614152615;0.4803844614152615;0.3796283011826483;0.4803844614152615;0.4803844614152615;0.3796283011826483;0.7349684152591671;0.7349684152591671;0.6370220572706062;0.7349684152591671;0.7349684152591671;0.6370220572706062;0.4803844614152615;0.4803844614152615;0.3796283011826483
2.3333333333333335;0.08770580193070293;0.08770580193070293;0.16770509831248423;0.08770580193070293;0.08770580193070293;0.16770509831248423;0.08770580193070293;0.08770580193070293;0.16770509831248423;0.6669729688499156;0.6669729688499156;0.6255432421712243;0.6669729688499156;0.6669729688499156;0.6255432421712243;0.08770580193070293;0.08770580193070293;0.16770509831248423
3.0;0.25;0.25;0.24209101306752098;0.25;0.25;0.24209101306752098;0.25;0.25;0.24209101306752098;0.7456011350793257;0.7456011350793257;0.7769677791040542;0.7456011350793257;0.7456011350793257;0.7769677791040542;0.25;0.25;0.24209101306752098
1.6666666666666667;0.24253562503633297;0.24253562503633297;0.26943012562182533;0.24253562503633297;0.24253562503633297;0.26943012562182533;0.24253562503633297;0.24253562503633297;0.26943012562182533;0.7112867591590193;0.7112867591590193;0.6567895774291854;0.7112867591590193;0.7112867591590193;0.6567895774291854;0.24253562503633297;0.24253562503633297;0.26943012562182533
3.0;0.2651650429449553;0.2651650429449553;0.41702882811414954;0.2651650429449553;0.2651650429449553;0.41702882811414954;0.2651650429449553;0.2651650429449553;0.41702882811414954;0.6622661785325219;0.6622661785325219;0.6847367880174607;0.6622661785325219;0.6622661785325219;0.6847367880174607;0.2651650429449553;0.2651650429449553;0.41702882811414954
2.6666666666666665;0.08703882797784893;0.08703882797784893;0.15430334996209194;0.08703882797784893;0.08703882797784893;0.15430334996209194;0.08703882797784893;0.08703882797784893;0.15430334996209194;0.629940788348712;0.629940788348712;0.5039526306789697;0.629940788348712;0.629940788348712;0.5039526306789697;0.08703882797784893;0.08703882797784893;0.15430334996209194
1.6666666666666667;0.0;0.0;0.1143323900950059;0.0;0.0;0.1143323900950059;0.0;0.0;0.1143323900950059;0.5547001962252291;0.5547001962252291;0.4662524041201569;0.5547001962252291;0.5547001962252291;0.4662524041201569;0.0;0.0;0.1143323900950059
3.0;0.3296902366978935;0.337099931231621;0.3279680246763151;0.3296902366978935;0.337099931231621;0.3279680246763151;0.3296902366978935;0.337099931231621;0.3279680246763151;0.5383819020581655;0.5128225940683707;0.5855400437691199;0.5383819020581655;0.5128225940683707;0.5855400437691199;0.3296902366978935;0.337099931231621;0.3279680246763151
2.6666666666666665;0.48536267169707553;0.48536267169707553;0.47836487323493987;0.48536267169707553;0.48536267169707553;0.47836487323493987;0.48536267169707553;0.48536267169707553;0.47836487323493987;0.7431605356175384;0.7431605356175384;0.6672461249826392;0.7431605356175384;0.7431605356175384;0.6672461249826392;0.48536267169707553;0.48536267169707553;0.47836487323493987
2.6666666666666665;0.45454545454545453;0.45454545454545453;0.44095855184409843;0.45454545454545453;0.45454545454545453;0.44095855184409843;0.45454545454545453;0.45454545454545453;0.44095855184409843;0.6923076923076924;0.6923076923076924;0.6507913734559685;0.6923076923076924;0.6923076923076924;0.6507913734559685;0.45454545454545453;0.45454545454545453;0.44095855184409843
2.0;0.2809757434745082;0.2809757434745082;0.40201512610368484;0.2809757434745082;0.2809757434745082;0.40201512610368484;0.2809757434745082;0.2809757434745082;0.40201512610368484;0.6929348671835833;0.6929348671835833;0.6374552583116766;0.6929348671835833;0.6929348671835833;0.6374552583116766;0.2809757434745082;0.2809757434745082;0.40201512610368484
2.0;0.08451542547285165;0.08451542547285165;0.1734944795898721;0.08451542547285165;0.08451542547285165;0.1734944795898721;0.08451542547285165;0.08451542547285165;0.1734944795898721;0.7222222222222223;0.7222222222222223;0.6564879518897745;0.7222222222222223;0.7222222222222223;0.6564879518897745;0.08451542547285165;0.08451542547285165;0.1734944795898721
2.6666666666666665;0.5345224838248488;0.5345224838248488;0.593855686848672;0.5345224838248488;0.5345224838248488;0.593855686848672;0.5345224838248488;0.5345224838248488;0.593855686848672;0.8111071056538127;0.8111071056538127;0.8040302522073696;0.8111071056538127;0.8111071056538127;0.8040302522073696;0.5345224838248488;0.5345224838248488;0.593855686848672
1.0;0.21764287503300347;0.21764287503300347;0.3734080224074693;0.21764287503300347;0.21764287503300347;0.3734080224074693;0.21764287503300347;0.21764287503300347;0.3734080224074693;0.5161854012087639;0.5161854012087639;0.6425396041156863;0.5161854012087639;0.5161854012087639;0.6425396041156863;0.21764287503300347;0.21764287503300347;0.3734080224074693
3.0;0.21483446221182986;0.21483446221182986;0.1690308509457033;0.21483446221182986;0.21483446221182986;0.1690308509457033;0.21483446221182986;0.21483446221182986;0.1690308509457033;0.7200822998230957;0.7200822998230957;0.6888747637021416;0.7200822998230957;0.7200822998230957;0.6888747637021416;0.21483446221182986;0.21483446221182986;0.1690308509457033
3.0;0.27668578554642986;0.27668578554642986;0.23112508176051216;0.27668578554642986;0.27668578554642986;0.23112508176051216;0.27668578554642986;0.27668578554642986;0.23112508176051216;0.563436169819011;0.563436169819011;0.5306686305052324;0.563436169819011;0.563436169819011;0.5306686305052324;0.27668578554642986;0.27668578554642986;0.23112508176051216
1.0;0.0;0.0;0.23782574707724707;0.0;0.0;0.23782574707724707;0.0;0.0;0.23782574707724707;0.5636018619766345;0.5636018619766345;0.6207522318391883;0.5636018619766345;0.5636018619766345;0.6207522318391883;0.0;0.0;0.23782574707724707
2.0;0.049629166698546515;0.049813548138671795;0.17039954414774927;0.049629166698546515;0.049813548138671795;0.17039954414774927;0.049629166698546515;0.049813548138671795;0.17039954414774927;0.5081678060484395;0.5006389778965061;0.5646597025732799;0.5081678060484395;0.5006389778965061;0.5646597025732799;0.049629166698546515;0.049813548138671795;0.17039954414774927
2.0;0.31622776601683794;0.2858309752375147;0.4085297439895141;0.31622776601683794;0.2858309752375147;0.4085297439895141;0.31622776601683794;0.2858309752375147;0.4085297439895141;0.8376105968386143;0.8249579113843054;0.806801581908253;0.8376105968386143;0.8249579113843054;0.806801581908253;0.31622776601683794;0.2858309752375147;0.4085297439895141
0.0;0.08703882797784893;0.08006407690254358;0.06537204504606135;0.08703882797784893;0.08006407690254358;0.06537204504606135;0.08703882797784893;0.08006407690254358;0.06537204504606135;0.625;0.6288281455225324;0.5740378478819278;0.625;0.6288281455225324;0.5740378478819278;0.08703882797784893;0.08006407690254358;0.06537204504606135
1.3333333333333333;0.06299407883487121;0.06537204504606135;0.14433756729740646;0.06299407883487121;0.06537204504606135;0.14433756729740646;0.06299407883487121;0.06537204504606135;0.14433756729740646;0.6236095644623236;0.606128125356204;0.608697642933518;0.6236095644623236;0.606128125356204;0.608697642933518;0.06299407883487121;0.06537204504606135;0.14433756729740646
2.3333333333333335;0.1315903389919538;0.1315903389919538;0.22271770159368698;0.1315903389919538;0.1315903389919538;0.22271770159368698;0.1315903389919538;0.1315903389919538;0.22271770159368698;0.7783598308803176;0.7783598308803176;0.7217761317151776;0.7769677791040542;0.7769677791040542;0.7201579347479219;0.1315903389919538;0.1315903389919538;0.22271770159368698
0.3333333333333333;0.16724840200141816;0.16724840200141816;0.12573892269238632;0.16724840200141816;0.16724840200141816;0.12573892269238632;0.16724840200141816;0.16724840200141816;0.12573892269238632;0.8432740427115678;0.8432740427115678;0.756978119245116;0.8432740427115678;0.8432740427115678;0.756978119245116;0.16724840200141816;0.16724840200141816;0.12573892269238632
1.0;0.18394180184548972;0.18394180184548972;0.29957234475763905;0.18394180184548972;0.18394180184548972;0.29957234475763905;0.18394180184548972;0.18394180184548972;0.29957234475763905;0.7526178090063816;0.7526178090063816;0.7111590022187595;0.7526178090063816;0.7526178090063816;0.7111590022187595;0.18394180184548972;0.18394180184548972;0.29957234475763905
3.0;0.3333333333333333;0.3333333333333333;0.40406101782088427;0.3333333333333333;0.3333333333333333;0.40406101782088427;0.3333333333333333;0.3333333333333333;0.40406101782088427;0.7108186533109108;0.7108186533109108;0.7201931413999583;0.7108186533109108;0.7108186533109108;0.7201931413999583;0.3333333333333333;0.3333333333333333;0.40406101782088427
2.0;0.21693045781865616;0.22256595362986284;0.26648544566940835;0.21693045781865616;0.22256595362986284;0.26648544566940835;0.21693045781865616;0.22256595362986284;0.26648544566940835;0.7783117824941562;0.769800358919501;0.7431505414602935;0.7783117824941562;0.769800358919501;0.7431505414602935;0.21693045781865616;0.22256595362986284;0.26648544566940835
1.0;0.24333213169614376;0.24333213169614376;0.2680281337094487;0.24333213169614376;0.24333213169614376;0.2680281337094487;0.24333213169614376;0.24333213169614376;0.2680281337094487;0.558156305651438;0.558156305651438;0.5445100807792042;0.558156305651438;0.558156305651438;0.5445100807792042;0.24333213169614376;0.24333213169614376;0.2680281337094487
1.3333333333333333;0.06482037235521644;0.06482037235521644;0.21320071635561041;0.06482037235521644;0.06482037235521644;0.21320071635561041;0.06482037235521644;0.06482037235521644;0.21320071635561041;0.7315635209502898;0.7315635209502898;0.7145752309013801;0.7315635209502898;0.7315635209502898;0.7145752309013801;0.06482037235521644;0.06482037235521644;0.21320071635561041
1.6666666666666667;0.05892556509887897;0.06537204504606135;0.16357216402190616;0.05892556509887897;0.06537204504606135;0.16357216402190616;0.05892556509887897;0.06537204504606135;0.16357216402190616;0.6805446536716204;0.6370220572706062;0.6573757351339165;0.6805446536716204;0.6370220572706062;0.6573757351339165;0.05892556509887897;0.06537204504606135;0.16357216402190616
0.6666666666666666;0.07273929674533079;0.07273929674533079;0.15152288168283162;0.07273929674533079;0.07273929674533079;0.15152288168283162;0.07273929674533079;0.07273929674533079;0.15152288168283162;0.7160022045539367;0.7160022045539367;0.70610876274229;0.7126966450997985;0.7126966450997985;0.7035264706814485;0.07273929674533079;0.07273929674533079;0.15152288168283162
1.3333333333333333;0.45643546458763845;0.45643546458763845;0.4779521193992432;0.45643546458763845;0.45643546458763845;0.4779521193992432;0.45643546458763845;0.45643546458763845;0.4779521193992432;0.7051561380739452;0.7051561380739452;0.7042952122737638;0.7051561380739452;0.7051561380739452;0.7042952122737638;0.45643546458763845;0.45643546458763845;0.4779521193992432
2.0;0.2921186973360886;0.29814239699997197;0.32954102182865386;0.2921186973360886;0.29814239699997197;0.32954102182865386;0.2921186973360886;0.29814239699997197;0.32954102182865386;0.7156264473321344;0.7267220926874316;0.7035623639735143;0.7156264473321344;0.7267220926874316;0.7035623639735143;0.2921186973360886;0.29814239699997197;0.32954102182865386
2.0;0.2567762955065478;0.2567762955065478;0.3006688971514774;0.2567762955065478;0.2567762955065478;0.3006688971514774;0.2567762955065478;0.2567762955065478;0.3006688971514774;0.7803902927439635;0.7803902927439635;0.7581297814690037;0.7803902927439635;0.7803902927439635;0.7581297814690037;0.2567762955065478;0.2567762955065478;0.3006688971514774
0.6666666666666666;0.0;0.0;0.15430334996209194;0.0;0.0;0.15430334996209194;0.0;0.0;0.15430334996209194;0.5407380704358752;0.5407380704358752;0.5604485383178051;0.5407380704358752;0.5407380704358752;0.5604485383178051;0.0;0.0;0.15430334996209194
3.0;0.4526019054848144;0.4526019054848144;0.46709936649691375;0.4526019054848144;0.4526019054848144;0.46709936649691375;0.4526019054848144;0.4526019054848144;0.46709936649691375;0.7856599889242887;0.7856599889242887;0.7264829345013957;0.784070202132019;0.784070202132019;0.7248824356090754;0.4526019054848144;0.4526019054848144;0.46709936649691375
3.0;0.2834733547569204;0.2834733547569204;0.3077287274483318;0.2834733547569204;0.2834733547569204;0.3077287274483318;0.2834733547569204;0.2834733547569204;0.3077287274483318;0.8488746876271654;0.8488746876271654;0.7675225788801975;0.8488746876271654;0.8488746876271654;0.7675225788801975;0.2834733547569204;0.2834733547569204;0.3077287274483318
1.3333333333333333;0.17496355305594133;0.17496355305594133;0.25979436665882194;0.17496355305594133;0.17496355305594133;0.25979436665882194;0.17496355305594133;0.17496355305594133;0.25979436665882194;0.7252406676228422;0.7252406676228422;0.7068454221751479;0.7252406676228422;0.7252406676228422;0.7068454221751479;0.17496355305594133;0.17496355305594133;0.25979436665882194
2.0;0.33678765702728175;0.33678765702728175;0.4036036763977875;0.33678765702728175;0.33678765702728175;0.4036036763977875;0.33678765702728175;0.33678765702728175;0.4036036763977875;0.7749169490439817;0.7749169490439817;0.7548398491282626;0.7749169490439817;0.7749169490439817;0.7548398491282626;0.33678765702728175;0.33678765702728175;0.4036036763977875
2.0;0.21483446221182986;0.21483446221182986;0.2667325346846322;0.21483446221182986;0.21483446221182986;0.2667325346846322;0.21483446221182986;0.21483446221182986;0.2667325346846322;0.7499999999999999;0.7499999999999999;0.7423218080230882;0.7499999999999999;0.7499999999999999;0.7423218080230882;0.21483446221182986;0.21483446221182986;0.2667325346846322
1.0;0.1091089451179962;0.1091089451179962;0.06917144638660747;0.1091089451179962;0.1091089451179962;0.06917144638660747;0.1091089451179962;0.1091089451179962;0.06917144638660747;0.5640760748177662;0.5640760748177662;0.5212860351426869;0.5640760748177662;0.5640760748177662;0.5212860351426869;0.1091089451179962;0.1091089451179962;0.06917144638660747
1.6666666666666667;0.0524863881081478;0.053300179088902604;0.14969623771302396;0.0524863881081478;0.053300179088902604;0.14969623771302396;0.0524863881081478;0.053300179088902604;0.14969623771302396;0.7262730392025628;0.7180491222126322;0.6976315752707978;0.7262730392025628;0.7180491222126322;0.6976315752707978;0.0524863881081478;0.053300179088902604;0.14969623771302396
2.0;0.1739130434782609;0.17782168978975482;0.23539595453459985;0.1739130434782609;0.17782168978975482;0.23539595453459985;0.1739130434782609;0.17782168978975482;0.23539595453459985;0.8019510911572545;0.7961791208668177;0.7506834775278317;0.8013093298449995;0.7954951288348658;0.7501628134177435;0.1739130434782609;0.17782168978975482;0.23539595453459985
0.3333333333333333;0.0;0.0;0.13093073414159545;0.0;0.0;0.13093073414159545;0.0;0.0;0.13093073414159545;0.6420578831241025;0.6420578831241025;0.6575355056394069;0.6420578831241025;0.6420578831241025;0.6575355056394069;0.0;0.0;0.13093073414159545
2.3333333333333335;0.1967223688411584;0.1967223688411584;0.2857142857142857;0.1967223688411584;0.1967223688411584;0.2857142857142857;0.1967223688411584;0.1967223688411584;0.2857142857142857;0.7037315505489967;0.7037315505489967;0.710010722691882;0.7037315505489967;0.7037315505489967;0.710010722691882;0.1967223688411584;0.1967223688411584;0.2857142857142857
2.0;0.15075567228888181;0.15075567228888181;0.21693045781865616;0.15075567228888181;0.15075567228888181;0.21693045781865616;0.15075567228888181;0.15075567228888181;0.21693045781865616;0.686406472983644;0.686406472983644;0.6917144638660746;0.686406472983644;0.686406472983644;0.6917144638660746;0.15075567228888181;0.15075567228888181;0.21693045781865616
1.3333333333333333;0.18257418583505539;0.18786728732554484;0.2653343152526162;0.18257418583505539;0.18786728732554484;0.2653343152526162;0.18257418583505539;0.18786728732554484;0.2653343152526162;0.5714285714285714;0.5499999999999999;0.5627748595326503;0.5714285714285714;0.5499999999999999;0.5627748595326503;0.18257418583505539;0.18786728732554484;0.2653343152526162
2.6666666666666665;0.681005224606999;0.681005224606999;0.7458698539828915;0.681005224606999;0.681005224606999;0.7458698539828915;0.681005224606999;0.681005224606999;0.7458698539828915;0.681005224606999;0.681005224606999;0.7458698539828915;0.681005224606999;0.681005224606999;0.7458698539828915;0.681005224606999;0.681005224606999;0.7458698539828915
1.0;0.12499999999999997;0.12499999999999997;0.07412493166611013;0.12499999999999997;0.12499999999999997;0.07412493166611013;0.12499999999999997;0.12499999999999997;0.07412493166611013;0.5720775535473553;0.5720775535473553;0.5144957554275266;0.5720775535473553;0.5720775535473553;0.5144957554275266;0.12499999999999997;0.12499999999999997;0.07412493166611013
0.3333333333333333;0.06900655593423542;0.06900655593423542;0.140028008402801;0.06900655593423542;0.06900655593423542;0.140028008402801;0.06900655593423542;0.06900655593423542;0.140028008402801;0.6423640548375729;0.6423640548375729;0.6123724356957945;0.6423640548375729;0.6423640548375729;0.6123724356957945;0.06900655593423542;0.06900655593423542;0.140028008402801
1.3333333333333333;0.39223227027636803;0.39223227027636803;0.3721042037676254;0.39223227027636803;0.39223227027636803;0.3721042037676254;0.39223227027636803;0.39223227027636803;0.3721042037676254;0.7412493166611013;0.7412493166611013;0.6831300510639733;0.7412493166611013;0.7412493166611013;0.6831300510639733;0.39223227027636803;0.39223227027636803;0.3721042037676254
1.3333333333333333;0.19802950859533489;0.19802950859533489;0.2530855341217655;0.19802950859533489;0.19802950859533489;0.2530855341217655;0.19802950859533489;0.19802950859533489;0.2530855341217655;0.5907908398283785;0.5907908398283785;0.6025568946215831;0.5907908398283785;0.5907908398283785;0.6025568946215831;0.19802950859533489;0.19802950859533489;0.2530855341217655
2.3333333333333335;0.14907119849998599;0.14907119849998599;0.1543033499620919;0.14907119849998599;0.14907119849998599;0.1543033499620919;0.14907119849998599;0.14907119849998599;0.1543033499620919;0.6880624620561868;0.6880624620561868;0.6465790872963897;0.6880624620561868;0.6880624620561868;0.6465790872963897;0.14907119849998599;0.14907119849998599;0.1543033499620919
3.0;0.4216370213557839;0.4216370213557839;0.4151682458530185;0.4216370213557839;0.4216370213557839;0.4151682458530185;0.4216370213557839;0.4216370213557839;0.4151682458530185;0.7756717518813397;0.7756717518813397;0.747017880833996;0.7756717518813397;0.7756717518813397;0.747017880833996;0.4216370213557839;0.4216370213557839;0.4151682458530185
3.0;0.17248787237282068;0.1694347484174715;0.21442250696755896;0.17248787237282068;0.1694347484174715;0.21442250696755896;0.17248787237282068;0.1694347484174715;0.21442250696755896;0.6928304448026528;0.6928587096149992;0.6670170091506027;0.6928304448026528;0.6928587096149992;0.6670170091506027;0.17248787237282068;0.1694347484174715;0.21442250696755896
3.0;0.35631341210920314;0.35631341210920314;0.32954102182865386;0.35631341210920314;0.35631341210920314;0.32954102182865386;0.35631341210920314;0.35631341210920314;0.32954102182865386;0.7077760731311632;0.7077760731311632;0.6740723421552236;0.7077760731311632;0.7077760731311632;0.6740723421552236;0.35631341210920314;0.35631341210920314;0.32954102182865386
1.3333333333333333;0.2752988806446741;0.2752988806446741;0.3287979746107146;0.2752988806446741;0.2752988806446741;0.3287979746107146;0.2752988806446741;0.2752988806446741;0.3287979746107146;0.7144345083117601;0.7144345083117601;0.6880237084407945;0.7144345083117601;0.7144345083117601;0.6880237084407945;0.2752988806446741;0.2752988806446741;0.3287979746107146
3.0;0.19611613513818407;0.19611613513818407;0.3135447206678483;0.19611613513818407;0.19611613513818407;0.3135447206678483;0.19611613513818407;0.19611613513818407;0.3135447206678483;0.6978631577988531;0.6978631577988531;0.6678944147908079;0.6978631577988531;0.6978631577988531;0.6678944147908079;0.19611613513818407;0.19611613513818407;0.3135447206678483
1.3333333333333333;0.0;0.0;0.08770580193070293;0.0;0.0;0.08770580193070293;0.0;0.0;0.08770580193070293;0.5367450401216932;0.5367450401216932;0.6032506032509048;0.5367450401216932;0.5367450401216932;0.6032506032509048;0.0;0.0;0.08770580193070293
4.0;0.2760262237369417;0.2760262237369417;0.2618614682831909;0.2760262237369417;0.2760262237369417;0.2618614682831909;0.2760262237369417;0.2760262237369417;0.2618614682831909;0.6507913734559685;0.6507913734559685;0.5717933519134906;0.6507913734559685;0.6507913734559685;0.5717933519134906;0.2760262237369417;0.2760262237369417;0.2618614682831909
2.6666666666666665;0.2970442628930023;0.2970442628930023;0.43082021842766455;0.2970442628930023;0.2970442628930023;0.43082021842766455;0.2970442628930023;0.2970442628930023;0.43082021842766455;0.7284927963857741;0.7284927963857741;0.7542472332656508;0.7284927963857741;0.7284927963857741;0.7542472332656508;0.2970442628930023;0.2970442628930023;0.43082021842766455
0.3333333333333333;0.0;0.0;0.09304842103984709;0.0;0.0;0.09304842103984709;0.0;0.0;0.09304842103984709;0.5716619504750294;0.5716619504750294;0.5098499285104608;0.5716619504750294;0.5716619504750294;0.5098499285104608;0.0;0.0;0.09304842103984709
0.0;0.0;0.0;0.06085806194501844;0.0;0.0;0.06085806194501844;0.0;0.0;0.06085806194501844;0.5275043787166296;0.5275043787166296;0.4637388957601683;0.5275043787166296;0.5275043787166296;0.4637388957601683;0.0;0.0;0.06085806194501844
0.0;0.0;0.0;0.041594516540385144;0.0;0.0;0.041594516540385144;0.0;0.0;0.041594516540385144;0.5460189062319482;0.5460189062319482;0.5378528742004771;0.5460189062319482;0.5460189062319482;0.5378528742004771;0.0;0.0;0.041594516540385144
0.0;0.0;0.0;0.1734944795898721;0.0;0.0;0.1734944795898721;0.0;0.0;0.1734944795898721;0.6744532734334623;0.6744532734334623;0.694022093788567;0.6744532734334623;0.6744532734334623;0.694022093788567;0.0;0.0;0.1734944795898721
0.6666666666666666;0.18257418583505536;0.18257418583505536;0.18394180184548972;0.18257418583505536;0.18257418583505536;0.18394180184548972;0.18257418583505536;0.18257418583505536;0.18394180184548972;0.6301260378126045;0.6301260378126045;0.6390096504226938;0.6301260378126045;0.6301260378126045;0.6390096504226938;0.18257418583505536;0.18257418583505536;0.18394180184548972
0.3333333333333333;0.03327791628198609;0.03253000243161777;0.17342199390482402;0.03327791628198609;0.03253000243161777;0.17342199390482402;0.03327791628198609;0.03253000243161777;0.17342199390482402;0.5180843970660209;0.5244044240850758;0.5474286073884874;0.5180843970660209;0.5244044240850758;0.5474286073884874;0.03327791628198609;0.03253000243161777;0.17342199390482402
0.6666666666666666;0.07669649888473704;0.07669649888473704;0.1709408646894569;0.07669649888473704;0.07669649888473704;0.1709408646894569;0.07669649888473704;0.07669649888473704;0.1709408646894569;0.7372097807744858;0.7372097807744858;0.7395739969534468;0.7372097807744858;0.7372097807744858;0.7395739969534468;0.07669649888473704;0.07669649888473704;0.1709408646894569
0.3333333333333333;0.0;0.0;0.20228869496966947;0.0;0.0;0.20228869496966947;0.0;0.0;0.20228869496966947;0.6324555320336759;0.6120563724821229;0.6937819061732103;0.6324555320336759;0.6120563724821229;0.6937819061732103;0.0;0.0;0.20228869496966947
0.3333333333333333;0.0;0.0;0.11952286093343936;0.0;0.0;0.11952286093343936;0.0;0.0;0.11952286093343936;0.586555725441001;0.5559369874958259;0.6265969327670922;0.586555725441001;0.5559369874958259;0.6265969327670922;0.0;0.0;0.11952286093343936
0.0;0.11180339887498948;0.11180339887498948;0.23570226039551587;0.11180339887498948;0.11180339887498948;0.23570226039551587;0.11180339887498948;0.11180339887498948;0.23570226039551587;0.45454545454545453;0.45454545454545453;0.5380275868489702;0.45454545454545453;0.45454545454545453;0.5380275868489702;0.11180339887498948;0.11180339887498948;0.23570226039551587
0.0;0.0;0.0;0.16151457061744964;0.0;0.0;0.16151457061744964;0.0;0.0;0.16151457061744964;0.7050239879106326;0.6880329612324521;0.6617241025372945;0.7050239879106326;0.6880329612324521;0.6617241025372945;0.0;0.0;0.16151457061744964
0.0;0.0;0.0;0.1333333333333333;0.0;0.0;0.1333333333333333;0.0;0.0;0.1333333333333333;0.6681531047810609;0.6681531047810609;0.6993786061802354;0.6681531047810609;0.6681531047810609;0.6993786061802354;0.0;0.0;0.1333333333333333
1.0;0.0;0.0;0.1636634176769943;0.0;0.0;0.1636634176769943;0.0;0.0;0.1636634176769943;0.6537204504606136;0.6537204504606136;0.5838403593598094;0.6537204504606136;0.6537204504606136;0.5838403593598094;0.0;0.0;0.1636634176769943
0.0;0.04950737714883372;0.04756514941544941;0.07106690545187015;0.04950737714883372;0.04756514941544941;0.07106690545187015;0.04950737714883372;0.04756514941544941;0.07106690545187015;0.7377253439645218;0.735767207381959;0.7207353602116796;0.7377253439645218;0.735767207381959;0.7207353602116796;0.04950737714883372;0.04756514941544941;0.07106690545187015
0.0;0.0;0.0;0.0;0.0;0.0;0.0;0.0;0.0;0.0;0.6537204504606136;0.6537204504606136;0.6;0.6537204504606136;0.6537204504606136;0.6;0.0;0.0;0.0
0.0;0.0;0.0;0.11180339887498948;0.0;0.0;0.11180339887498948;0.0;0.0;0.11180339887498948;0.5547001962252291;0.5547001962252291;0.5563486402641868;0.5547001962252291;0.5547001962252291;0.5563486402641868;0.0;0.0;0.11180339887498948
0.6666666666666666;0.06804138174397717;0.06666666666666667;0.18333969940564224;0.06804138174397717;0.06666666666666667;0.18333969940564224;0.06804138174397717;0.06666666666666667;0.18333969940564224;0.7010681840159741;0.6888747637021416;0.6556100681071858;0.7010681840159741;0.6888747637021416;0.6556100681071858;0.06804138174397717;0.06666666666666667;0.18333969940564224
0.0;0.08606629658238703;0.0778498944161523;0.14552137502179976;0.08606629658238703;0.0778498944161523;0.14552137502179976;0.08606629658238703;0.0778498944161523;0.14552137502179976;0.8273403039920306;0.8132202844993978;0.7666518779999278;0.8273403039920306;0.8132202844993978;0.7666518779999278;0.08606629658238703;0.0778498944161523;0.14552137502179976
0.0;0.06154574548966636;0.05976143046671968;0.17213259316477408;0.06154574548966636;0.05976143046671968;0.17213259316477408;0.06154574548966636;0.05976143046671968;0.17213259316477408;0.736559055065783;0.7343152812279662;0.7018306334609805;0.7347080497499309;0.7326750130471963;0.7004379105839639;0.06154574548966636;0.05976143046671968;0.17213259316477408
0.6666666666666666;0.0;0.0;0.05270462766947299;0.0;0.0;0.05270462766947299;0.0;0.0;0.05270462766947299;0.5163977794943222;0.5163977794943222;0.5773502691896257;0.5163977794943222;0.5163977794943222;0.5773502691896257;0.0;0.0;0.05270462766947299
0.0;0.0;0.0;0.0;0.0;0.0;0.0;0.0;0.0;0.0;0.43852900965351466;0.43852900965351466;0.49147318718299055;0.43852900965351466;0.43852900965351466;0.49147318718299055;0.0;0.0;0.0
0.0;0.0;0.0;0.036369648372665396;0.0;0.0;0.036369648372665396;0.0;0.0;0.036369648372665396;0.6071428571428571;0.5925925925925926;0.5974529834860508;0.6071428571428571;0.5925925925925926;0.5974529834860508;0.0;0.0;0.036369648372665396
0.6666666666666666;0.0;0.0;0.14269544824634825;0.0;0.0;0.14269544824634825;0.0;0.0;0.14269544824634825;0.5103103630798288;0.5103103630798288;0.5773502691896258;0.5103103630798288;0.5103103630798288;0.5773502691896258;0.0;0.0;0.14269544824634825
0.3333333333333333;0.0;0.0;0.07974522228289001;0.0;0.0;0.07974522228289001;0.0;0.0;0.07974522228289001;0.5252257314388903;0.5252257314388903;0.5444148423081901;0.5252257314388903;0.5252257314388903;0.5444148423081901;0.0;0.0;0.07974522228289001
0.0;0.0;0.0;0.0;0.0;0.0;0.0;0.0;0.0;0.0;0.5050762722761054;0.5050762722761054;0.48304589153964794;0.5050762722761054;0.5050762722761054;0.48304589153964794;0.0;0.0;0.0
0.3333333333333333;0.04055535528269063;0.04055535528269063;0.15130688316720062;0.04055535528269063;0.04055535528269063;0.15130688316720062;0.04055535528269063;0.04055535528269063;0.15130688316720062;0.6500060075531624;0.6500060075531624;0.6606060492152316;0.6486486486486488;0.6486486486486488;0.6595744680851063;0.04055535528269063;0.04055535528269063;0.15130688316720062
0.3333333333333333;0.0;0.0;0.11785113019775792;0.0;0.0;0.11785113019775792;0.0;0.0;0.11785113019775792;0.7006227308283302;0.6804138174397716;0.7102848052045775;0.7006227308283302;0.6804138174397716;0.7102848052045775;0.0;0.0;0.11785113019775792
0.0;0.0;0.0;0.04688072309384954;0.0;0.0;0.04688072309384954;0.0;0.0;0.04688072309384954;0.6708203932499369;0.6708203932499369;0.6459422414661737;0.6708203932499369;0.6708203932499369;0.6459422414661737;0.0;0.0;0.04688072309384954
1.0;0.04279604925109129;0.04279604925109129;0.2272843225242474;0.04279604925109129;0.04279604925109129;0.2272843225242474;0.04279604925109129;0.04279604925109129;0.2272843225242474;0.46291004988627577;0.46291004988627577;0.5806937759307067;0.46291004988627577;0.46291004988627577;0.5790685773616372;0.04279604925109129;0.04279604925109129;0.2272843225242474
0.0;0.0;0.0;0.09284766908852593;0.0;0.0;0.09284766908852593;0.0;0.0;0.09284766908852593;0.6668313367115806;0.6527912098338668;0.636929755298482;0.6668313367115806;0.6527912098338668;0.636929755298482;0.0;0.0;0.09284766908852593
0.3333333333333333;0.0;0.0;0.1679677532867563;0.0;0.0;0.1679677532867563;0.0;0.0;0.1679677532867563;0.5443310539518174;0.5118906968889915;0.5622535302317492;0.5443310539518174;0.5118906968889915;0.5622535302317492;0.0;0.0;0.1679677532867563
0.6666666666666666;0.0;0.0;0.04794633014853841;0.0;0.0;0.04794633014853841;0.0;0.0;0.04794633014853841;0.5773502691896257;0.5518254055364691;0.5462309935991352;0.5773502691896257;0.5518254055364691;0.5462309935991352;0.0;0.0;0.04794633014853841
0.0;0.0;0.0;0.14269544824634825;0.0;0.0;0.14269544824634825;0.0;0.0;0.14269544824634825;0.6471502289294341;0.6471502289294341;0.6266795614405122;0.6471502289294341;0.6471502289294341;0.6266795614405122;0.0;0.0;0.14269544824634825
0.0;0.0;0.0;0.044455422447438706;0.0;0.0;0.044455422447438706;0.0;0.0;0.044455422447438706;0.760608730574164;0.7506518906054691;0.686643649130512;0.760608730574164;0.7506518906054691;0.686643649130512;0.0;0.0;0.044455422447438706
0.3333333333333333;0.0;0.0;0.0;0.0;0.0;0.0;0.0;0.0;0.0;0.4183300132670378;0.4183300132670378;0.412514323662695;0.4183300132670378;0.4183300132670378;0.412514323662695;0.0;0.0;0.0
0.0;0.0;0.0;0.10050378152592121;0.0;0.0;0.10050378152592121;0.0;0.0;0.10050378152592121;0.6068660849090084;0.6068660849090084;0.6232502388407516;0.6068660849090084;0.6068660849090084;0.6232502388407516;0.0;0.0;0.10050378152592121
1.0;0.0;0.0;0.045454545454545456;0.0;0.0;0.045454545454545456;0.0;0.0;0.045454545454545456;0.5499999999999999;0.5499999999999999;0.5666666666666667;0.5499999999999999;0.5499999999999999;0.5666666666666667;0.0;0.0;0.045454545454545456
0.0;0.0;0.0;0.04089304100547654;0.0;0.0;0.04089304100547654;0.0;0.0;0.04089304100547654;0.6923076923076924;0.6923076923076924;0.6296001877353568;0.6923076923076924;0.6923076923076924;0.6296001877353568;0.0;0.0;0.04089304100547654
0.0;0.09128709291752768;0.09128709291752768;0.0629940788348712;0.09128709291752768;0.09128709291752768;0.0629940788348712;0.09128709291752768;0.09128709291752768;0.0629940788348712;0.7239227659930269;0.7239227659930269;0.6708203932499369;0.7239227659930269;0.7239227659930269;0.6708203932499369;0.09128709291752768;0.09128709291752768;0.0629940788348712
0.3333333333333333;0.0;0.0;0.08247860988423225;0.0;0.0;0.08247860988423225;0.0;0.0;0.08247860988423225;0.6389151433378877;0.6389151433378877;0.618718433538229;0.6389151433378877;0.6389151433378877;0.618718433538229;0.0;0.0;0.08247860988423225
0.0;0.0;0.0;0.0;0.0;0.0;0.0;0.0;0.0;0.0;0.6886171275731506;0.6886171275731506;0.6097013950210626;0.6886171275731506;0.6886171275731506;0.6097013950210626;0.0;0.0;0.0
0.3333333333333333;0.0;0.0;0.06502560887623551;0.0;0.0;0.06502560887623551;0.0;0.0;0.06502560887623551;0.6702010408944071;0.6615701550312039;0.649722122736315;0.6702010408944071;0.6615701550312039;0.649722122736315;0.0;0.0;0.06502560887623551
0.0;0.0;0.0;0.044455422447438706;0.0;0.0;0.044455422447438706;0.0;0.0;0.044455422447438706;0.8101627221513196;0.8101627221513196;0.7061878636037996;0.8101627221513196;0.8101627221513196;0.7061878636037996;0.0;0.0;0.044455422447438706
0.0;0.0;0.0;0.13987572123604708;0.0;0.0;0.13987572123604708;0.0;0.0;0.13987572123604708;0.8017837257372733;0.7926290870042667;0.7705971579367543;0.8017837257372733;0.7926290870042667;0.7693218186208295;0.0;0.0;0.13987572123604708
0.3333333333333333;0.06741998624632421;0.06741998624632421;0.09284766908852593;0.06741998624632421;0.06741998624632421;0.09284766908852593;0.06741998624632421;0.06741998624632421;0.09284766908852593;0.6983194442145025;0.6983194442145025;0.638726581032719;0.6963106238227914;0.6963106238227914;0.636929755298482;0.06741998624632421;0.06741998624632421;0.09284766908852593
1.0;0.1111111111111111;0.1111111111111111;0.09090909090909091;0.1111111111111111;0.1111111111111111;0.09090909090909091;0.1111111111111111;0.1111111111111111;0.09090909090909091;0.5833333333333334;0.5833333333333334;0.6;0.5833333333333334;0.5833333333333334;0.6;0.1111111111111111;0.1111111111111111;0.09090909090909091
0.0;0.0;0.0;0.06299407883487121;0.0;0.0;0.06299407883487121;0.0;0.0;0.06299407883487121;0.6149186938124421;0.6149186938124421;0.59336610396393;0.6149186938124421;0.6149186938124421;0.59336610396393;0.0;0.0;0.06299407883487121
0.3333333333333333;0.0;0.0;0.11322770341445958;0.0;0.0;0.11322770341445958;0.0;0.0;0.11322770341445958;0.6785714285714285;0.6785714285714285;0.6702119129718895;0.6785714285714285;0.6785714285714285;0.6667259338283313;0.0;0.0;0.11322770341445958
0.6666666666666666;0.0;0.0;0.12909944487358055;0.0;0.0;0.12909944487358055;0.0;0.0;0.12909944487358055;0.6592305554076379;0.6592305554076379;0.6712180866978945;0.6574112430462837;0.6574112430462837;0.6677703836348308;0.0;0.0;0.12909944487358055
0.0;0.0;0.0;0.0;0.0;0.0;0.0;0.0;0.0;0.0;0.6847623832623257;0.6846531968814576;0.586555725441001;0.6847623832623257;0.6846531968814576;0.586555725441001;0.0;0.0;0.0
0.6666666666666666;0.0;0.0;0.20515248496555455;0.0;0.0;0.20515248496555455;0.0;0.0;0.20515248496555455;0.6414422350455228;0.6414422350455228;0.6473528793258518;0.64;0.64;0.6462303276414968;0.0;0.0;0.20515248496555455
1.0;0.07106690545187015;0.07106690545187015;0.2581988897471611;0.07106690545187015;0.07106690545187015;0.2581988897471611;0.07106690545187015;0.07106690545187015;0.2581988897471611;0.6674238124719145;0.6674238124719145;0.655825835783953;0.6674238124719145;0.6674238124719145;0.655825835783953;0.07106690545187015;0.07106690545187015;0.2581988897471611
0.0;0.0;0.0;0.22256595362986284;0.0;0.0;0.22256595362986284;0.0;0.0;0.22256595362986284;0.6481812160876687;0.6481812160876687;0.6951816970931012;0.6481812160876687;0.6481812160876687;0.6951816970931012;0.0;0.0;0.22256595362986284
0.0;0.0;0.0;0.12060453783110546;0.0;0.0;0.12060453783110546;0.0;0.0;0.12060453783110546;0.6515837655350015;0.6515837655350015;0.5916079783099615;0.6515837655350015;0.6515837655350015;0.5916079783099615;0.0;0.0;0.12060453783110546
0.0;0.0;0.0;0.07071067811865474;0.0;0.0;0.07071067811865474;0.0;0.0;0.07071067811865474;0.521749194749951;0.48349377841522817;0.5527707983925666;0.521749194749951;0.48349377841522817;0.5527707983925666;0.0;0.0;0.07071067811865474
0.0;0.0;0.0;0.0545544725589981;0.0;0.0;0.0545544725589981;0.0;0.0;0.0545544725589981;0.6149186938124421;0.6149186938124421;0.5516772843673704;0.6149186938124421;0.6149186938124421;0.5516772843673704;0.0;0.0;0.0545544725589981
0.6666666666666666;0.0;0.0;0.0;0.0;0.0;0.0;0.0;0.0;0.0;0.8807048459279794;0.8461538461538463;0.7660323462854266;0.8807048459279794;0.8461538461538463;0.7660323462854266;0.0;0.0;0.0
0.3333333333333333;0.0;0.0;0.15512630699850574;0.0;0.0;0.15512630699850574;0.0;0.0;0.15512630699850574;0.4383570037596046;0.4383570037596046;0.56;0.4383570037596046;0.4383570037596046;0.56;0.0;0.0;0.15512630699850574
1.0;0.0;0.0;0.05716619504750295;0.0;0.0;0.05716619504750295;0.0;0.0;0.05716619504750295;0.7222222222222223;0.7222222222222223;0.6405126152203486;0.7222222222222223;0.7222222222222223;0.6405126152203486;0.0;0.0;0.05716619504750295
0.6666666666666666;0.0;0.0;0.06019292654288461;0.0;0.0;0.06019292654288461;0.0;0.0;0.06019292654288461;0.7142857142857143;0.710046946804693;0.6420578831241025;0.7142857142857143;0.710046946804693;0.6420578831241025;0.0;0.0;0.06019292654288461
0.3333333333333333;0.0;0.0;0.0;0.0;0.0;0.0;0.0;0.0;0.0;0.6445033866354896;0.6445033866354896;0.5518254055364691;0.6445033866354896;0.6445033866354896;0.5518254055364691;0.0;0.0;0.0
0.3333333333333333;0.0;0.0;0.04550157551932901;0.0;0.0;0.04550157551932901;0.0;0.0;0.04550157551932901;0.6370220572706062;0.6197506830096349;0.6132223631495076;0.6370220572706062;0.6197506830096349;0.6132223631495076;0.0;0.0;0.04550157551932901
0.0;0.0;0.0;0.11396057645963795;0.0;0.0;0.11396057645963795;0.0;0.0;0.11396057645963795;0.5457051563317492;0.5457051563317492;0.5838403593598094;0.5457051563317492;0.5457051563317492;0.5838403593598094;0.0;0.0;0.11396057645963795
0.3333333333333333;0.0;0.0;0.18898223650461363;0.0;0.0;0.18898223650461363;0.0;0.0;0.18898223650461363;0.6;0.6;0.6390096504226938;0.6;0.6;0.6390096504226938;0.0;0.0;0.18898223650461363
0.0;0.0;0.0;0.0;0.0;0.0;0.0;0.0;0.0;0.0;0.6963106238227914;0.6963106238227914;0.6240377207533828;0.6963106238227914;0.6963106238227914;0.6240377207533828;0.0;0.0;0.0
0.0;0.0;0.0;0.0;0.0;0.0;0.0;0.0;0.0;0.0;0.8040302522073697;0.8040302522073697;0.7108186533109108;0.8040302522073697;0.8040302522073697;0.7108186533109108;0.0;0.0;0.0
0.0;0.0;0.0;0.2022599587389726;0.0;0.0;0.2022599587389726;0.0;0.0;0.2022599587389726;0.4743416490252569;0.4743416490252569;0.5613413993878117;0.4743416490252569;0.4743416490252569;0.5613413993878117;0.0;0.0;0.2022599587389726
0.3333333333333333;0.0;0.0;0.07216878364870323;0.0;0.0;0.07216878364870323;0.0;0.0;0.07216878364870323;0.7142857142857143;0.7142857142857143;0.6172133998483678;0.7142857142857143;0.7142857142857143;0.6172133998483678;0.0;0.0;0.07216878364870323
0.3333333333333333;0.0;0.0;0.09805806756909202;0.0;0.0;0.09805806756909202;0.0;0.0;0.09805806756909202;0.4456688116249245;0.43817804600413285;0.508328567775349;0.4456688116249245;0.43817804600413285;0.508328567775349;0.0;0.0;0.09805806756909202
0.6666666666666666;0.0;0.0;0.08728715609439695;0.0;0.0;0.08728715609439695;0.0;0.0;0.08728715609439695;0.6255432421712243;0.6255432421712243;0.6468431588153823;0.6255432421712243;0.6255432421712243;0.6468431588153823;0.0;0.0;0.08728715609439695
0.3333333333333333;0.0;0.0;0.11547005383792514;0.0;0.0;0.11547005383792514;0.0;0.0;0.11547005383792514;0.5185629788417315;0.5185629788417315;0.570087712549569;0.5185629788417315;0.5185629788417315;0.570087712549569;0.0;0.0;0.11547005383792514
0.0;0.0;0.0;0.09072184232530289;0.0;0.0;0.09072184232530289;0.0;0.0;0.09072184232530289;0.6507913734559685;0.6507913734559685;0.5679301390639018;0.6507913734559685;0.6507913734559685;0.5679301390639018;0.0;0.0;0.09072184232530289
0.3333333333333333;0.0;0.0;0.11396057645963795;0.0;0.0;0.11396057645963795;0.0;0.0;0.11396057645963795;0.3768891807222045;0.4082482904638631;0.4622501635210243;0.3768891807222045;0.4082482904638631;0.4622501635210243;0.0;0.0;0.11396057645963795
0.0;0.0;0.0;0.0944911182523068;0.0;0.0;0.0944911182523068;0.0;0.0;0.0944911182523068;0.5590169943749475;0.5590169943749475;0.5547001962252291;0.5590169943749475;0.5590169943749475;0.5547001962252291;0.0;0.0;0.0944911182523068
0.0;0.0;0.0;0.12510864843424485;0.0;0.0;0.12510864843424485;0.0;0.0;0.12510864843424485;0.6092717958449424;0.6092717958449424;0.6154574548966636;0.6092717958449424;0.6092717958449424;0.6154574548966636;0.0;0.0;0.12510864843424485
0.0;0.0;0.0;0.09428090415820635;0.0;0.0;0.09428090415820635;0.0;0.0;0.09428090415820635;0.5499999999999999;0.48666426339228763;0.5635759629410776;0.5499999999999999;0.48666426339228763;0.5635759629410776;0.0;0.0;0.09428090415820635
0.0;0.0;0.0;0.05913123959890826;0.0;0.0;0.05913123959890826;0.0;0.0;0.05913123959890826;0.6859943405700354;0.6859943405700354;0.64;0.6859943405700354;0.6859943405700354;0.64;0.0;0.0;0.05913123959890826
0.3333333333333333;0.0;0.0;0.05716619504750295;0.0;0.0;0.05716619504750295;0.0;0.0;0.05716619504750295;0.49009802940980346;0.49009802940980346;0.41962716370814124;0.49009802940980346;0.49009802940980346;0.41962716370814124;0.0;0.0;0.05716619504750295
0.0;0.0;0.0;0.12909944487358055;0.0;0.0;0.12909944487358055;0.0;0.0;0.12909944487358055;0.6396021490668312;0.6236095644623236;0.6669729688499156;0.6396021490668312;0.6236095644623236;0.6669729688499156;0.0;0.0;0.12909944487358055
0.0;0.0;0.0;0.1636634176769943;0.0;0.0;0.1636634176769943;0.0;0.0;0.1636634176769943;0.6669729688499156;0.6669729688499156;0.6123724356957946;0.6669729688499156;0.6669729688499156;0.6123724356957946;0.0;0.0;0.1636634176769943
0.3333333333333333;0.0;0.0;0.2004459314343183;0.0;0.0;0.2004459314343183;0.0;0.0;0.2004459314343183;0.5384615384615385;0.5384615384615385;0.5407380704358752;0.5384615384615385;0.5384615384615385;0.5407380704358752;0.0;0.0;0.2004459314343183
0.3333333333333333;0.0;0.0;0.1342312110428049;0.0;0.0;0.1342312110428049;0.0;0.0;0.1342312110428049;0.5003702332976756;0.4803844614152615;0.5580809183750252;0.5003702332976756;0.4803844614152615;0.5580809183750252;0.0;0.0;0.1342312110428049
1.0;0.0;0.0;0.0;0.0;0.0;0.0;0.0;0.0;0.0;0.6454972243679028;0.6454972243679028;0.5006261743217588;0.6454972243679028;0.6454972243679028;0.5006261743217588;0.0;0.0;0.0
0.0;0.0;0.0;0.08944271909999159;0.0;0.0;0.08944271909999159;0.0;0.0;0.08944271909999159;0.6978631577988531;0.6818181818181818;0.6972899219794573;0.6978631577988531;0.6818181818181818;0.6972899219794573;0.0;0.0;0.08944271909999159
0.0;0.0;0.0;0.05270462766947299;0.0;0.0;0.05270462766947299;0.0;0.0;0.05270462766947299;0.7155417527999327;0.7155417527999327;0.6864064729836442;0.7155417527999327;0.7155417527999327;0.6864064729836442;0.0;0.0;0.05270462766947299
0.3333333333333333;0.0;0.0;0.13987572123604708;0.0;0.0;0.13987572123604708;0.0;0.0;0.13987572123604708;0.6351073488299558;0.6358507844578739;0.5728918992315464;0.6351073488299558;0.6358507844578739;0.5728918992315464;0.0;0.0;0.13987572123604708
0.0;0.0;0.0;0.1767766952966369;0.0;0.0;0.1767766952966369;0.0;0.0;0.1767766952966369;0.710046946804693;0.6875;0.7108057085060271;0.710046946804693;0.6875;0.7108057085060271;0.0;0.0;0.1767766952966369
0.3333333333333333;0.0;0.0;0.0;0.0;0.0;0.0;0.0;0.0;0.0;0.5999999999999999;0.5789473684210525;0.520997454872055;0.5999999999999999;0.5789473684210525;0.5175491695067657;0.0;0.0;0.0
0.3333333333333333;0.0;0.0;0.08574929257125441;0.0;0.0;0.08574929257125441;0.0;0.0;0.08574929257125441;0.7069490915102838;0.7069490915102838;0.6639173079224207;0.704469953676347;0.704469953676347;0.6614769048245084;0.0;0.0;0.08574929257125441
0.3333333333333333;0.0;0.0;0.22470176588194152;0.0;0.0;0.22470176588194152;0.0;0.0;0.22470176588194152;0.5459486832355505;0.5459486832355505;0.5923488777590924;0.5459486832355505;0.5459486832355505;0.5923488777590924;0.0;0.0;0.22470176588194152
0.6666666666666666;0.0;0.0;0.12909944487358055;0.0;0.0;0.12909944487358055;0.0;0.0;0.12909944487358055;0.6451612903225807;0.6451612903225807;0.6353380872022658;0.6451612903225807;0.6451612903225807;0.6353380872022658;0.0;0.0;0.12909944487358055
0.0;0.0;0.0;0.04376881095324086;0.0;0.0;0.04376881095324086;0.0;0.0;0.04376881095324086;0.7394135026463629;0.7394135026463629;0.6713445400103972;0.7385489458759964;0.7385489458759964;0.6701240287602748;0.0;0.0;0.04376881095324086
0.0;0.0;0.0;0.08520286456846099;0.0;0.0;0.08520286456846099;0.0;0.0;0.08520286456846099;0.7195319043442014;0.7195319043442014;0.6893838011261045;0.7181324987175317;0.7181324987175317;0.6882472016116852;0.0;0.0;0.08520286456846099
0.0;0.0;0.0;0.14433756729740643;0.0;0.0;0.14433756729740643;0.0;0.0;0.14433756729740643;0.6128258770283412;0.6128258770283412;0.6555622813752365;0.6128258770283412;0.6128258770283412;0.6555622813752365;0.0;0.0;0.14433756729740643
0.0;0.0;0.0;0.11322770341445959;0.0;0.0;0.11322770341445959;0.0;0.0;0.11322770341445959;0.5572782125753529;0.5572782125753529;0.5768599504012304;0.5572782125753529;0.5572782125753529;0.5768599504012304;0.0;0.0;0.11322770341445959
