Human;Jaccard;Qgram;BlockDistance;OverlapCoefficient;Levenshtein
3.5;0.8;0.847457627118644;0.8888888955116272;1.0;0.73
2.5;0.4166666666666667;0.6759776536312849;0.6499999761581421;0.7692307692307693;0.6267942583732058
3.45;0.35714285714285715;0.6470588235294117;0.5263158082962036;0.5555555555555556;0.4534883720930233
4.0;0.7678571428571429;0.8751311647429171;0.8785046935081482;1.0;0.7771535580524345
3.0;0.11764705882352941;0.34375;0.1904761791229248;0.25;0.36752136752136755
2.0;0.2916666666666667;0.5527272727272727;0.4375;0.4666666666666667;0.5971223021582734
2.5;0.37254901960784315;0.6058823529411765;0.5454545021057129;0.6785714285714286;0.5320197044334976
3.0;0.21428571428571427;0.5054945054945055;0.3999999761581421;0.42857142857142855;0.5288461538461539
0.0;0.0;0.14102564102564108;0.0;0.0;0.275
2.5;0.35714285714285715;0.5780346820809248;0.5263158082962036;0.5555555555555556;0.6741573033707865
3.0;0.8;0.9101123595505618;0.8999999761581421;0.8888888888888888;0.9101123595505618
0.5;0.05555555555555555;0.18478260869565222;0.10000002384185791;0.16666666666666666;0.30508474576271183
3.0;0.2826086956521739;0.4945848375451264;0.4375;0.5652173913043478;0.39473684210526316
4.1;0.7692307692307693;0.8720379146919431;0.8695652484893799;0.9090909090909091;0.787037037037037
3.5;0.6363636363636364;0.711864406779661;0.7368420958518982;0.875;0.55
4.0;0.7727272727272727;0.8997555012224939;0.8936170339584351;0.9444444444444444;0.8518518518518519
2.5;0.3448275862068966;0.5026178010471204;0.45454543828964233;0.625;0.49590163934426235
4.0;0.8076923076923077;0.8482871125611746;0.8358209133148193;0.9130434782608695;0.7425149700598803
4.0;0.52;0.728813559322034;0.692307710647583;0.7222222222222222;0.5737051792828685
4.1;0.5833333333333334;0.7314285714285714;0.7368420958518982;0.7777777777777778;0.6333333333333333
4.0;0.5454545454545454;0.7027027027027026;0.6666666269302368;0.75;0.6634615384615384
3.0;0.5357142857142857;0.7299813780260708;0.6779661178588867;0.8333333333333334;0.6170886075949367
4.0;0.6923076923076923;0.8434782608695652;0.8461538553237915;0.9;0.8278688524590164
3.0;0.5833333333333334;0.7745664739884393;0.7368420958518982;0.7777777777777778;0.8202247191011236
4.5;0.7547169811320755;0.8776371308016877;0.8461538553237915;0.9090909090909091;0.8143712574850299
3.5;0.5454545454545454;0.7167630057803468;0.6315789222717285;0.75;0.752808988764045
3.5;0.125;0.3023255813953488;0.21052628755569458;0.2857142857142857;0.39622641509433965
3.0;0.68;0.7967479674796748;0.7777777910232544;0.9444444444444444;0.7047970479704797
3.5;0.8695652173913043;0.88268156424581;0.8813559412956238;1.0;0.7885906040268457
4.0;0.9464285714285714;0.9638783269961977;0.9661017060279846;0.9814814814814815;0.5507518796992481
4.0;0.8333333333333334;0.9545454545454546;0.931034505367279;0.9090909090909091;0.9312977099236641
4.0;0.6666666666666666;0.8991596638655462;0.800000011920929;0.8333333333333334;0.9159663865546218
3.0;0.21052631578947367;0.4672897196261683;0.3478260636329651;0.36363636363636365;0.5304347826086957
2.5;0.5;0.7875354107648725;0.699999988079071;0.7333333333333333;0.746031746031746
2.5;0.10526315789473684;0.24338624338624337;0.1904761791229248;0.25;0.2743362831858407
3.0;0.6363636363636364;0.7872340425531915;0.761904776096344;0.7777777777777778;0.5578947368421052
0.0;0.0;0.2658959537572254;0.0;0.0;0.3707865168539326
4.25;0.5625;0.7719298245614035;0.7200000286102295;0.8181818181818182;0.6799999999999999
3.0;0.36363636363636365;0.5848375451263538;0.5454545021057129;0.6666666666666666;0.5786163522012578
3.0;0.5625;0.644927536231884;0.6428571343421936;0.9;0.5027624309392265
4.0;0.375;0.6547085201793722;0.5600000023841858;0.5454545454545454;0.6810344827586207
0.0;0.0;0.16504854368932043;0.0;0.0;0.2946428571428571
3.5;0.5;0.6484375;0.6428571343421936;0.9;0.537037037037037
1.0;0.1875;0.4022346368715084;0.30000001192092896;0.3333333333333333;0.4
0.0;0.05555555555555555;0.24137931034482762;0.10000002384185791;0.1111111111111111;0.33333333333333337
1.5;0.25;0.5027322404371585;0.3999999761581421;0.4;0.6
3.6;0.4;0.6528497409326425;0.5714285373687744;0.6;0.4949494949494949
3.0;0.3333333333333333;0.46153846153846156;0.3999999761581421;0.5714285714285714;0.5773195876288659
3.0;0.5652173913043478;0.7302452316076294;0.6666666269302368;0.8666666666666667;0.5837104072398189
5.0;0.7777777777777778;0.8904109589041096;0.875;0.875;0.9154929577464789
3.5;0.38461538461538464;0.5485714285714286;0.5263158082962036;0.5555555555555556;0.3555555555555555
0.0;0.047619047619047616;0.3033175355450237;0.09090906381607056;0.1111111111111111;0.3779527559055118
4.0;0.6428571428571429;0.776;0.75;0.8181818181818182;0.8174603174603174
4.5;0.75;0.8029197080291971;0.800000011920929;0.8571428571428571;0.7887323943661972
3.0;0.34782608695652173;0.5519125683060109;0.5;0.7272727272727273;0.44308943089430897
3.5;0.7037037037037037;0.8106060606060606;0.7931034564971924;0.8636363636363636;0.7083333333333333
4.0;0.65;0.8248587570621468;0.8205128312110901;0.8666666666666667;0.7736842105263158
3.0;0.75;0.8360655737704918;0.8571428656578064;1.0;0.7391304347826086
3.0;0.4074074074074074;0.6827956989247312;0.604651153087616;0.6111111111111112;0.7061855670103092
3.5;0.6666666666666666;0.8553459119496856;0.800000011920929;0.8571428571428571;0.8536585365853658
2.5;0.037037037037037035;0.2790697674418605;0.06896549463272095;0.07692307692307693;0.3829787234042553
3.5;0.625;0.7647058823529411;0.7692307829856873;1.0;0.625
3.5;0.06666666666666667;0.30188679245283023;0.125;0.14285714285714285;0.4065934065934066
3.0;0.5263157894736842;0.7096774193548387;0.7096774578094482;0.7692307692307693;0.4933333333333333
4.5;0.5555555555555556;0.7575757575757576;0.7142857313156128;0.7142857142857143;0.578125
2.5;0.21739130434782608;0.5296442687747036;0.3571428656578064;0.4166666666666667;0.36111111111111116
3.5;0.2857142857142857;0.5266903914590748;0.48275864124298096;0.6666666666666666;0.45744680851063835
3.0;0.7;0.8084210526315789;0.8214285373687744;1.0;0.6761565836298933
2.5;0.35714285714285715;0.6649484536082475;0.5777777433395386;0.5882352941176471;0.5694444444444444
4.0;0.4375;0.6862745098039216;0.6086956262588501;0.7;0.5963302752293578
3.5;0.75;0.8687782805429864;0.8799999952316284;0.9;0.7610619469026548
3.5;0.25;0.5306122448979591;0.3999999761581421;0.5;0.4727272727272728
3.0;0.525;0.7165775401069518;0.65625;0.7241379310344828;0.3445945945945946
2.5;0.6086956521739131;0.8062015503875969;0.7727272510528564;0.8235294117647058;0.7632850241545894
4.0;0.5384615384615384;0.75;0.699999988079071;0.7777777777777778;0.7070707070707071
3.5;0.16666666666666666;0.5205479452054795;0.2666666507720947;0.3333333333333333;0.4375
2.5;0.3333333333333333;0.5419354838709678;0.47058820724487305;0.5714285714285714;0.55
2.5;0.45454545454545453;0.736231884057971;0.6842105388641357;0.7142857142857143;0.7052631578947368
5.0;0.8;0.8902439024390244;0.8888888955116272;0.8888888888888888;0.9125
4.25;0.5555555555555556;0.6762589928057554;0.6666666269302368;0.8333333333333334;0.5925925925925926
2.5;0.3333333333333333;0.5714285714285714;0.45454543828964233;0.5;0.5833333333333333
2.95;0.5833333333333334;0.8323699421965318;0.7368420958518982;0.7777777777777778;0.8539325842696629
3.0;0.65625;0.8274428274428274;0.7924528121948242;0.9545454545454546;0.7014388489208634
3.45;0.6363636363636364;0.8902439024390244;0.7777777910232544;0.7777777777777778;0.9375
2.5;0.34615384615384615;0.6916890080428955;0.585365891456604;0.5294117647058824;0.6378378378378378
0.5;0.125;0.3126843657817109;0.20512819290161133;0.36363636363636365;0.3208333333333333
4.5;0.2727272727272727;0.49612403100775193;0.4285714030265808;0.5;0.5277777777777778
2.0;0.2857142857142857;0.43000000000000005;0.3999999761581421;0.5;0.4786324786324786
2.0;0.09090909090909091;0.30508474576271183;0.1538461446762085;0.2;0.4104477611940298
3.5;0.9333333333333333;0.9191176470588235;0.9333333373069763;1.0;0.8741258741258742
3.5;0.6666666666666666;0.7966101694915254;0.807692289352417;1.0;0.65
4.0;0.6666666666666666;0.806282722513089;0.782608687877655;0.8;0.8163265306122449
3.5;0.5833333333333334;0.7802929427430093;0.7356321811676025;0.7567567567567568;0.7312661498708011
4.0;0.7142857142857143;0.7616822429906542;0.7727272510528564;0.8823529411764706;0.7434782608695651
2.5;0.14285714285714285;0.31275720164609055;0.2142857313156128;0.2727272727272727;0.3492063492063492
3.0;0.45;0.6334519572953736;0.6000000238418579;0.8181818181818182;0.5454545454545454
3.0;0.2692307692307692;0.5263157894736843;0.45714282989501953;0.5;0.42441860465116277
3.0;0.21428571428571427;0.4487179487179487;0.3529411554336548;0.42857142857142855;0.5111111111111111
1.0;0.13333333333333333;0.32727272727272727;0.2222222089767456;0.2857142857142857;0.38888888888888884
2.0;0.4166666666666667;0.6031746031746033;0.5555555820465088;0.7142857142857143;0.44999999999999996
2.0;0.125;0.32530120481927716;0.2222222089767456;0.25;0.3033707865168539
4.5;0.75;0.9304347826086956;0.8799999952316284;0.9;0.9469026548672567
4.0;0.0;0.0;0.0;0.0;0.0
3.0;0.625;0.7967479674796748;0.7692307829856873;0.8333333333333334;0.7923076923076923
3.0;0.7;0.8439306358381503;0.8421052694320679;1.0;0.7244897959183674
4.15;0.75;0.8393782383419689;0.8571428656578064;0.9;0.7272727272727273
2.5;0.23529411764705882;0.44339622641509435;0.3478260636329651;0.4;0.3653846153846154
3.5;0.2727272727272727;0.5271317829457365;0.4285714030265808;0.42857142857142855;0.4015151515151515
4.0;0.11764705882352941;0.3146067415730337;0.21052628755569458;0.2222222222222222;0.3296703296703297
5.0;0.8888888888888888;0.945273631840796;0.9411764740943909;1.0;0.912621359223301
4.8;0.8666666666666667;0.9051987767584098;0.9142857193946838;1.0;0.8457142857142858
0.0;0.0;0.13259668508287292;0.0;0.0;0.28421052631578947
4.6;0.7777777777777778;0.88;0.875;0.875;0.7534246575342466
3.0;0.15789473684210525;0.3487179487179487;0.260869562625885;0.3;0.383177570093458
2.7;0.2857142857142857;0.4738461538461538;0.4324324131011963;0.6153846153846154;0.4218009478672986
3.6;0.7142857142857143;0.8835978835978836;0.8571428656578064;0.8333333333333334;0.8609625668449198
3.75;0.6666666666666666;0.7096774193548387;0.7058823108673096;1.0;0.5408163265306123
3.65;0.3333333333333333;0.5648148148148149;0.5;0.5454545454545454;0.49557522123893805
0.0;0.041666666666666664;0.33484162895927605;0.07407408952713013;0.08333333333333333;0.42342342342342343
3.0;0.21428571428571427;0.3589743589743589;0.3529411554336548;0.375;0.35443037974683544
4.75;0.7777777777777778;0.8561872909698997;0.8484848737716675;0.875;0.8421052631578947
3.6;0.6818181818181818;0.8616600790513834;0.8214285373687744;0.8333333333333334;0.8252788104089219
3.5;0.6538461538461539;0.7469387755102042;0.7599999904632568;1.0;0.6039603960396039
2.75;0.18518518518518517;0.5157232704402516;0.30985915660858154;0.38461538461538464;0.4773333333333334
5.0;0.6666666666666666;0.7264150943396226;0.75;0.8888888888888888;0.6776859504132231
4.0;0.3181818181818182;0.5985401459854014;0.46666663885116577;0.5;0.5797101449275363
3.0;0.4666666666666667;0.6912442396313364;0.6363636255264282;0.7;0.6355932203389831
3.5;0.375;0.5670103092783505;0.5454545021057129;0.6;0.4722222222222222
3.35;0.3684210526315789;0.6470588235294117;0.5384615659713745;0.6363636363636364;0.5185185185185186
3.2;0.6363636363636364;0.8085106382978724;0.761904776096344;0.875;0.5961538461538461
3.6;0.47368421052631576;0.6268656716417911;0.6000000238418579;1.0;0.5085714285714286
3.75;0.6666666666666666;0.88;0.800000011920929;0.8571428571428571;0.904109589041096
4.0;0.6666666666666666;0.8582677165354331;0.8275861740112305;0.8333333333333334;0.8307692307692307
3.75;0.6086956521739131;0.7750556792873051;0.7755101919174194;0.875;0.7003891050583657
3.5;0.5;0.6639676113360324;0.6666666269302368;1.0;0.5
3.5;0.6923076923076923;0.7845528455284553;0.7407407760620117;0.9;0.7459016393442623
4.25;0.7435897435897436;0.8637770897832817;0.8648648858070374;0.8529411764705882;0.7329192546583851
0.0;0.07142857142857142;0.21739130434782605;0.13333332538604736;0.16666666666666666;0.345679012345679
3.5;0.6923076923076923;0.8193832599118943;0.800000011920929;0.8181818181818182;0.8448275862068966
2.75;0.21052631578947367;0.4722222222222222;0.3478260636329651;0.36363636363636365;0.4678899082568807
5.0;0.46153846153846156;0.6847826086956521;0.6666666269302368;0.6666666666666666;0.7419354838709677
3.75;0.7142857142857143;0.8262910798122065;0.800000011920929;0.8333333333333334;0.8348623853211009
3.45;0.7272727272727273;0.8461538461538461;0.800000011920929;0.8888888888888888;0.8061224489795918
3.0;0.6666666666666666;0.8011695906432749;0.800000011920929;1.0;0.681592039800995
2.25;0.17647058823529413;0.42937853107344637;0.30000001192092896;0.3333333333333333;0.4731182795698925
3.25;0.42105263157894735;0.6129032258064516;0.5925925970077515;0.7272727272727273;0.4482758620689655
4.2;0.6666666666666666;0.7542372881355932;0.7692307829856873;1.0;0.6223776223776224
4.25;0.6666666666666666;0.8218029350104822;0.7924528121948242;0.9;0.7142857142857143
4.4;0.8518518518518519;0.9135802469135803;0.9056603908538818;1.0;0.8459016393442623
2.5;0.21739130434782608;0.4386617100371747;0.3571428656578064;0.5555555555555556;0.36111111111111116
1.75;0.25;0.48677248677248675;0.3809523582458496;0.4;0.6
3.5;0.6923076923076923;0.8198198198198199;0.800000011920929;1.0;0.689922480620155
3.5;0.5625;0.6974789915966386;0.692307710647583;0.9;0.5902777777777778
5.0;1.0;0.9569377990430622;0.95652174949646;1.0;0.9158878504672897
3.95;0.6666666666666666;0.8407407407407408;0.8163264989852905;0.8571428571428571;0.7403508771929825
3.5;0.42857142857142855;0.6528497409326425;0.6000000238418579;0.6666666666666666;0.4537037037037037
3.25;0.14285714285714285;0.4055944055944056;0.25;0.25;0.47887323943661975
4.5;0.3333333333333333;0.4928909952606635;0.5;0.625;0.4029850746268657
0.0;0.15384615384615385;0.5847457627118644;0.48000001907348633;0.3333333333333333;0.5384615384615384
3.1;0.6666666666666666;0.7735849056603774;0.782608687877655;0.8888888888888888;0.6810344827586207
3.5;0.6;0.7247706422018348;0.7083333730697632;0.9375;0.5904059040590406
4.25;0.6521739130434783;0.8421052631578947;0.800000011920929;0.8333333333333334;0.8382978723404255
2.75;0.1111111111111111;0.31182795698924726;0.19999998807907104;0.2222222222222222;0.36363636363636365
3.5;0.1875;0.4571428571428572;0.31578946113586426;0.3333333333333333;0.4945054945054945
4.5;0.6521739130434783;0.7903225806451613;0.7804877758026123;0.9375;0.6681818181818182
3.5;0.55;0.6647887323943662;0.6666666269302368;1.0;0.4936170212765958
2.9;0.21153846153846154;0.4825291181364393;0.3529411554336548;0.4230769230769231;0.35654596100278546
3.0;0.5;0.6806282722513088;0.6666666269302368;0.7777777777777778;0.514018691588785
3.0;0.5;0.691588785046729;0.6666666269302368;0.75;0.7105263157894737
3.0;0.3181818181818182;0.5134328358208955;0.4375;0.875;0.36820083682008364
4.0;0.2857142857142857;0.475;0.4444444179534912;0.5;0.5176470588235293
0.0;0.0;0.16666666666666663;0.0;0.0;0.26732673267326734
3.75;0.5833333333333334;0.7381974248927039;0.7272727489471436;0.7777777777777778;0.6614173228346456
3.0;0.8947368421052632;0.9312977099236641;0.9302325248718262;1.0;0.8701923076923077
2.5;0.4;0.594059405940594;0.6086956262588501;0.6;0.6330275229357798
3.5;0.68;0.8183632734530938;0.800000011920929;0.9444444444444444;0.7035714285714285
4.0;0.5833333333333334;0.7159090909090908;0.7368420958518982;0.875;0.6565656565656566
4.5;0.5454545454545454;0.7065868263473054;0.7058823108673096;0.75;0.6341463414634146
3.5;0.8181818181818182;0.8773584905660378;0.9166666865348816;0.9;0.5192307692307692
2.5;0.5;0.6170212765957447;0.6363636255264282;0.7777777777777778;0.4545454545454546
3.75;0.5769230769230769;0.7514450867052023;0.7017543911933899;0.8333333333333334;0.674496644295302
3.5;0.4666666666666667;0.6570048309178744;0.6086956262588501;0.7777777777777778;0.43442622950819676
3.0;0.5789473684210527;0.7123287671232876;0.7058823108673096;1.0;0.5483870967741935
3.9;0.5;0.6559139784946236;0.6000000238418579;0.75;0.4128440366972477
3.25;0.3181818181818182;0.5263157894736843;0.48275864124298096;0.7;0.39534883720930236
3.75;0.8518518518518519;0.896551724137931;0.9041095972061157;1.0;0.8164383561643835
3.4;0.15789473684210525;0.3963133640552995;0.260869562625885;0.3;0.3414634146341463
4.75;0.8;0.8651162790697674;0.875;0.9523809523809523;0.8275862068965517
3.5;0.5;0.694300518134715;0.6666666269302368;0.7777777777777778;0.6574074074074074
3.75;0.125;0.327683615819209;0.21052628755569458;0.25;0.4285714285714286
3.25;0.3684210526315789;0.5725806451612903;0.5185185074806213;0.5833333333333334;0.4338235294117647
0.5;0.06666666666666667;0.2948717948717948;0.125;0.16666666666666666;0.37777777777777777
0.5;0.3125;0.6178010471204188;0.476190447807312;0.5;0.5816326530612245
3.75;0.6;0.8015564202334631;0.7586206793785095;0.8181818181818182;0.7714285714285715
3.25;0.6923076923076923;0.8434782608695652;0.8461538553237915;0.9;0.8278688524590164
2.5;0.36363636363636365;0.5777777777777777;0.5333333015441895;0.5714285714285714;0.26027397260273977
4.95;0.7857142857142857;0.9296875;0.8799999952316284;0.9166666666666666;0.9206349206349207
0.0;0.041666666666666664;0.23275862068965514;0.07692307233810425;0.08333333333333333;0.3709677419354839
3.4;0.5555555555555556;0.7450980392156863;0.6896551847457886;0.7692307692307693;0.7338129496402878
3.0;0.6;0.7093333333333334;0.7317073345184326;1.0;0.5654008438818565
3.5;0.4666666666666667;0.6934673366834171;0.6363636255264282;0.7;0.5238095238095238
4.25;0.4375;0.6194690265486726;0.6086956262588501;0.7;0.6290322580645161
3.0;0.8333333333333334;0.9316770186335404;0.9142857193946838;0.9375;0.95
3.9;0.6666666666666666;0.8324324324324324;0.7868852615356445;0.8571428571428571;0.7392857142857143
3.25;0.29411764705882354;0.5469387755102041;0.4444444179534912;0.45454545454545453;0.5757575757575757
3.0;0.25;0.43621399176954734;0.38461536169052124;0.45454545454545453;0.3642857142857143
3.5;0.6428571428571429;0.7800829875518672;0.7692307829856873;1.0;0.6344827586206896
3.25;0.42857142857142855;0.6;0.6000000238418579;0.8571428571428571;0.35398230088495575
4.45;0.0;0.0;0.0;0.0;0.0
1.5;0.15384615384615385;0.3795620437956204;0.2666666507720947;0.2857142857142857;0.323943661971831
3.0;0.5;0.5615141955835963;0.529411792755127;0.9;0.40825688073394495
3.25;0.4074074074074074;0.6909090909090909;0.6363636255264282;0.6111111111111112;0.6871794871794872
3.9;0.9090909090909091;0.9502262443438914;0.9599999785423279;1.0;0.9203539823008849
2.9;0.35714285714285715;0.5591397849462365;0.5538461208343506;0.8333333333333334;0.44063324538258575
2.0;0.09090909090909091;0.3035714285714286;0.1666666865348816;0.25;0.3716216216216216
3.75;0.4;0.6484375;0.5714285373687744;0.7272727272727273;0.5032679738562091
3.0;0.47619047619047616;0.6749226006191951;0.6976743936538696;0.7692307692307693;0.515625
3.0;0.18333333333333332;0.5043227665706052;0.307692289352417;0.3235294117647059;0.5081967213114754
1.5;0.07142857142857142;0.31506849315068497;0.125;0.14285714285714285;0.3802816901408451
2.4;0.10526315789473684;0.3191489361702128;0.1904761791229248;0.2;0.35
3.0;0.4;0.6404657933042213;0.5641025304794312;0.6451612903225806;0.4986807387862797
0.0;0.05;0.2315789473684211;0.0952380895614624;0.1111111111111111;0.3486238532110092
3.5;0.09090909090909091;0.3534883720930233;0.1666666865348816;0.16666666666666666;0.36752136752136755
3.5;0.65;0.8579387186629527;0.8205128312110901;0.8666666666666667;0.8177083333333334
3.75;0.7;0.8156424581005587;0.800000011920929;0.875;0.6526315789473685
4.9;0.7714285714285715;0.8822553897180763;0.8656716346740723;0.9;0.8947368421052632
1.25;0.05555555555555555;0.2622950819672131;0.10000002384185791;0.14285714285714285;0.34259259259259256
3.0;0.4782608695652174;0.639386189258312;0.604651153087616;0.7857142857142857;0.5327868852459017
3.75;0.1111111111111111;0.27083333333333337;0.1904761791229248;0.2222222222222222;0.3457943925233645
2.0;0.125;0.3913043478260869;0.21052628755569458;0.2222222222222222;0.46464646464646464
3.0;0.3103448275862069;0.6426735218508998;0.5454545021057129;0.5;0.61
3.0;0.10526315789473684;0.4854368932038835;0.1818181872367859;0.2222222222222222;0.44660194174757284
2.1;0.21052631578947367;0.3825136612021858;0.3478260636329651;0.4444444444444444;0.4464285714285714
3.0;0.21428571428571427;0.475;0.3333333134651184;0.375;0.34090909090909094
1.5;0.07692307692307693;0.16296296296296298;0.1428571343421936;0.14285714285714285;0.28358208955223885
4.75;0.2857142857142857;0.4683544303797469;0.4444444179534912;0.5;0.28395061728395066
3.6;0.2727272727272727;0.46875;0.4285714030265808;0.42857142857142855;0.4516129032258065
3.0;0.3684210526315789;0.5703703703703704;0.48275864124298096;0.5384615384615384;0.5109489051094891
3.25;0.13333333333333333;0.3612903225806452;0.23529410362243652;0.25;0.4625
3.0;0.4;0.5333333333333333;0.43478262424468994;0.7142857142857143;0.4907749077490775
1.5;0.4666666666666667;0.5955555555555556;0.5833333730697632;0.7;0.467741935483871
0.0;0.034482758620689655;0.23050847457627122;0.0625;0.06666666666666667;0.27210884353741494
3.9;0.7272727272727273;0.7505827505827506;0.7659574747085571;1.0;0.6098484848484849
4.45;0.8181818181818182;0.9056603773584906;0.9166666865348816;0.9;0.8269230769230769
0.0;0.0;0.11042944785276076;0.0;0.0;0.2735849056603774
3.0;0.28;0.5688622754491017;0.4324324131011963;0.4666666666666667;0.5738636363636364
3.6;0.3076923076923077;0.5751633986928104;0.47058820724487305;0.5714285714285714;0.367816091954023
3.5;0.5;0.7054263565891472;0.6428571343421936;0.8181818181818182;0.631578947368421
3.45;0.8;0.8930232558139535;0.8888888955116272;0.975609756097561;0.8279569892473118
3.0;0.3333333333333333;0.5;0.4583333134651184;0.8181818181818182;0.36392405063291144
3.0;0.3684210526315789;0.5977859778597786;0.5333333015441895;0.6363636363636364;0.5272727272727273
3.5;0.68;0.8120567375886525;0.774193525314331;0.85;0.6487341772151899
4.2;0.8888888888888888;0.9024390243902439;0.8888888955116272;1.0;0.9375
3.25;0.3188405797101449;0.5632183908045977;0.46464645862579346;0.6111111111111112;0.3721804511278195
2.0;0.2857142857142857;0.5625;0.45454543828964233;0.5;0.5858585858585859
0.0;0.0;0.1383647798742138;0.0;0.0;0.24390243902439024
4.25;0.5;0.6918918918918919;0.6666666269302368;0.75;0.5384615384615384
4.25;0.5454545454545454;0.7329192546583851;0.7058823108673096;0.75;0.4512195121951219
3.0;0.5;0.7598944591029024;0.7142857313156128;0.6666666666666666;0.6875
1.5;0.25;0.5991189427312775;0.3999999761581421;0.4166666666666667;0.5862068965517242
4.25;0.7777777777777778;0.841025641025641;0.8235294222831726;1.0;0.7522935779816513
3.5;0.4666666666666667;0.6834170854271358;0.6363636255264282;0.7;0.5238095238095238
3.75;0.35;0.583941605839416;0.5;0.6363636363636364;0.5802469135802469
3.75;0.6428571428571429;0.8226415094339623;0.782608687877655;0.8181818181818182;0.8592592592592593
3.75;0.6153846153846154;0.8045112781954887;0.7586206793785095;0.7619047619047619;0.8154981549815499
3.5;0.45454545454545453;0.6933333333333334;0.625;0.625;0.34246575342465757
4.25;1.0;0.0;1.0;1.0;1.0
3.0;0.5384615384615384;0.6697247706422018;0.6666666269302368;1.0;0.49650349650349646
3.5;0.5384615384615384;0.7173913043478262;0.699999988079071;0.7777777777777778;0.7070707070707071
3.35;0.4666666666666667;0.6368159203980099;0.6363636255264282;0.875;0.5
3.25;0.21428571428571427;0.38857142857142857;0.30000001192092896;0.375;0.4945054945054945
4.4;0.4;0.6376811594202898;0.6086956262588501;0.6;0.7009345794392523
5.0;1.0;0.0;1.0;1.0;1.0
4.4;0.7272727272727273;0.8571428571428572;0.8421052694320679;0.8888888888888888;0.8444444444444444
0.0;0.07692307692307693;0.36220472440944884;0.1428571343421936;0.16666666666666666;0.44285714285714284
3.5;0.26666666666666666;0.56;0.5;0.5714285714285714;0.4736842105263158
3.9;0.8181818181818182;0.8962264150943396;0.9166666865348816;0.9;0.8269230769230769
5.0;0.6363636363636364;0.7976190476190477;0.7368420958518982;0.7777777777777778;0.797752808988764
0.0;0.0;0.2142857142857143;0.0;0.0;0.2804878048780488
3.0;0.4;0.5633802816901409;0.585365891456604;0.9090909090909091;0.3677685950413223
3.0;0.43478260869565216;0.71976401179941;0.6666666269302368;0.625;0.6647727272727273
4.25;0.8181818181818182;0.9056603773584906;0.9166666865348816;0.9;0.8269230769230769
0.0;0.07142857142857142;0.26206896551724135;0.125;0.14285714285714285;0.23287671232876717
3.5;0.4117647058823529;0.6818181818181819;0.615384578704834;0.7;0.6824324324324325
3.1;0.3076923076923077;0.5030674846625767;0.4444444179534912;0.5;0.5
3.0;0.4782608695652174;0.7683923705722071;0.6829268336296082;0.6470588235294118;0.8054054054054054
3.0;0.3584905660377358;0.622093023255814;0.5384615659713745;0.59375;0.5077319587628866
3.0;0.6;0.7391304347826086;0.75;1.0;0.5764705882352941
3.75;0.8666666666666667;0.9338235294117647;0.9285714030265808;0.9285714285714286;0.9477611940298507
0.5;0.08;0.3309352517985612;0.12903225421905518;0.2;0.4285714285714286
2.5;0.29411764705882354;0.4593301435406698;0.43478262424468994;0.625;0.2983870967741935
3.0;0.4666666666666667;0.6759259259259259;0.6363636255264282;0.6363636363636364;0.6111111111111112
3.75;0.42857142857142855;0.6808510638297872;0.6000000238418579;0.6666666666666666;0.41000000000000003
3.5;0.6;0.8081841432225064;0.7906976938247681;0.8571428571428571;0.728110599078341
3.9;0.6;0.6805970149253731;0.6666666269302368;0.8571428571428571;0.5911330049261083
2.75;0.37037037037037035;0.654434250764526;0.5128204822540283;0.5555555555555556;0.5843373493975903
3.0;0.5833333333333334;0.8070866141732284;0.7857142686843872;0.9333333333333333;0.6879194630872483
4.4;0.9;0.9556650246305418;0.95652174949646;1.0;0.9134615384615384
2.0;0.2631578947368421;0.49781659388646293;0.3999999761581421;0.4166666666666667;0.536
3.5;0.6923076923076923;0.7958115183246073;0.761904776096344;0.9;0.7005988023952097
3.4;0.38095238095238093;0.6397058823529411;0.5396825075149536;0.6153846153846154;0.5190311418685121
4.95;0.6153846153846154;0.78;0.75;0.8;0.6542056074766356
3.75;0.3728813559322034;0.6163682864450128;0.5227272510528564;0.5641025641025641;0.5555555555555556
0.0;0.14285714285714285;0.3055555555555556;0.25;0.2857142857142857;0.475
3.75;0.5625;0.6762360446570973;0.6470588445663452;0.9;0.544080604534005
2.9;0.15789473684210525;0.35;0.23076921701431274;0.3333333333333333;0.4137931034482759
4.75;0.0;0.28387096774193543;0.0;0.0;0.26582278481012656
4.9;0.8461538461538461;0.897196261682243;0.9166666865348816;0.9166666666666666;0.8285714285714285
4.25;0.8;0.8902439024390244;0.8888888955116272;0.8888888888888888;0.9125
3.9;0.7647058823529411;0.8950276243093923;0.8999999761581421;0.9285714285714286;0.8776595744680851
1.95;0.35;0.5577689243027888;0.5;0.5833333333333334;0.5374149659863945
3.75;0.85;0.9104477611940298;0.9090908765792847;1.0;0.8341013824884793
4.25;0.0;0.0;0.0;0.0;0.0
3.0;0.41379310344827586;0.6549019607843137;0.5714285373687744;0.6666666666666666;0.6124567474048443
2.25;0.625;0.6987951807228916;0.625;0.8333333333333334;0.6391752577319587
2.5;0.3;0.5210084033613445;0.4615384340286255;0.5;0.6129032258064516
3.0;0.26666666666666666;0.48427672955974843;0.42105263471603394;0.6153846153846154;0.3744075829383886
3.25;0.35;0.6007326007326007;0.48275864124298096;0.5833333333333334;0.5492957746478873
4.0;0.4666666666666667;0.6170212765957447;0.6363636255264282;0.6363636363636364;0.6633663366336633
4.75;0.6;0.8427672955974843;0.75;0.8571428571428571;0.6707317073170731
3.0;0.25;0.5087719298245614;0.37037038803100586;0.45454545454545453;0.5806451612903225
3.4;0.7435897435897436;0.8244514106583072;0.837837815284729;0.9666666666666667;0.6005665722379603
3.4;0.23529411764705882;0.5089285714285714;0.3999999761581421;0.4;0.3879310344827587
0.5;0.13333333333333333;0.5795918367346939;0.4444444179534912;0.25;0.5760000000000001
1.9;0.38095238095238093;0.6064981949458483;0.5333333015441895;0.5714285714285714;0.5642857142857143
4.5;0.8461538461538461;0.9333333333333333;0.9285714030265808;0.9166666666666666;0.6616541353383458
3.2;0.5416666666666666;0.768041237113402;0.7272727489471436;0.7222222222222222;0.8
3.25;0.45;0.6923076923076923;0.6486486196517944;0.75;0.6799999999999999
3.25;0.7142857142857143;0.8374384236453202;0.8444444537162781;0.8333333333333334;0.6601941747572815
3.25;0.8723404255319149;0.9198606271777003;0.9166666865348816;0.9534883720930233;0.812933025404157
3.0;0.7058823529411765;0.842911877394636;0.8275861740112305;0.8571428571428571;0.8421052631578947
3.45;0.4;0.6;0.5454545021057129;0.6666666666666666;0.603448275862069
3.7;0.23529411764705882;0.6666666666666667;0.38461536169052124;0.4444444444444444;0.5488721804511278
3.5;0.5555555555555556;0.7640449438202247;0.7142857313156128;0.8333333333333334;0.7181208053691275
2.75;0.21052631578947367;0.43089430894308944;0.37037038803100586;0.36363636363636365;0.3941605839416058
3.1;0.20833333333333334;0.42657342657342656;0.3636363744735718;0.5555555555555556;0.33333333333333337
3.4;0.6666666666666666;0.7586206896551724;0.75;0.9090909090909091;0.6529411764705882
3.25;0.09090909090909091;0.2654028436018957;0.1666666865348816;0.16666666666666666;0.21904761904761905
3.35;0.35294117647058826;0.6476190476190475;0.52173912525177;0.6;0.576271186440678
4.9;0.8461538461538461;0.858085808580858;0.8275861740112305;0.9166666666666666;0.7914110429447853
3.5;0.5294117647058824;0.7058823529411764;0.692307710647583;0.9;0.5902777777777778
4.65;0.5833333333333334;0.7551020408163265;0.7272727489471436;0.7777777777777778;0.7714285714285715
4.75;0.25;0.5016077170418006;0.3529411554336548;0.4;0.47023809523809523
4.7;0.8888888888888888;0.9379310344827586;0.939393937587738;1.0;0.8823529411764706
3.5;0.5625;0.73109243697479;0.692307710647583;0.9;0.5629629629629629
3.25;0.625;0.7850162866449512;0.7714285850524902;0.8620689655172413;0.6666666666666667
1.5;0.17647058823529413;0.4723618090452262;0.2857142686843872;0.3;0.5225225225225225
4.2;0.23076923076923078;0.4054054054054054;0.375;0.42857142857142855;0.3414634146341463
5.0;0.3157894736842105;0.5858585858585859;0.5;0.5;0.6356877323420074
3.0;0.3125;0.5181347150259068;0.476190447807312;0.5;0.5252525252525253
3.0;0.25;0.5070422535211268;0.43478262424468994;0.4444444444444444;0.4504504504504504
5.0;1.0;0.0;1.0;1.0;1.0
0.0;0.05;0.3548387096774194;0.0952380895614624;0.1111111111111111;0.3921568627450981
3.5;0.4;0.587360594795539;0.5517241358757019;0.7272727272727273;0.5389221556886228
3.75;0.26666666666666666;0.5145631067961165;0.43478262424468994;0.4444444444444444;0.375
4.5;0.6;0.71875;0.75;0.8181818181818182;0.6990291262135923
3.7;0.8421052631578947;0.8923076923076922;0.8837209343910217;0.9411764705882353;0.7857142857142857
3.25;0.46153846153846156;0.632183908045977;0.6315789222717285;0.75;0.5051546391752577
4.25;0.6666666666666666;0.6904761904761905;0.800000011920929;0.8571428571428571;0.7560975609756098
2.0;0.07692307692307693;0.27338129496402874;0.13333332538604736;0.14285714285714285;0.3287671232876712
4.0;0.5909090909090909;0.7951070336391437;0.7567567825317383;0.8125;0.6432748538011697
3.75;0.631578947368421;0.7788778877887789;0.7878787517547607;1.0;0.6519337016574586
3.5;0.875;0.912;0.9333333373069763;1.0;0.8636363636363636
3.0;0.3333333333333333;0.5581395348837209;0.4838709831237793;0.7777777777777778;0.4106666666666666
4.95;0.4117647058823529;0.6133333333333333;0.5833333730697632;0.5833333333333334;0.5714285714285714
4.0;0.6363636363636364;0.7422680412371134;0.7272727489471436;0.875;0.6548672566371682
4.0;0.6428571428571429;0.7909090909090909;0.75;0.8181818181818182;0.6495726495726496
4.9;0.6363636363636364;0.7619047619047619;0.7777777910232544;0.7777777777777778;0.7976190476190477
4.9;0.75;0.9306122448979592;0.8888888955116272;0.9;0.912
3.7;0.72;0.8346055979643766;0.8260869383811951;0.8571428571428571;0.8307692307692307
4.0;0.25;0.49295774647887325;0.3999999761581421;0.42857142857142855;0.5205479452054795
3.25;0.2916666666666667;0.5597269624573379;0.4375;0.5833333333333334;0.34883720930232553
3.0;0.7380952380952381;0.8603042876901799;0.8500000238418579;0.8611111111111112;0.7240437158469946
2.25;0.25;0.4698795180722891;0.3684210777282715;0.4117647058823529;0.2931034482758621
3.0;0.5555555555555556;0.7283464566929134;0.6785714626312256;0.7894736842105263;0.5973154362416108
4.0;0.5454545454545454;0.6878980891719746;0.7058823108673096;1.0;0.5454545454545454
3.4;0.23076923076923078;0.4429530201342282;0.375;0.42857142857142855;0.40963855421686746
2.9;0.13333333333333333;0.37575757575757573;0.31578946113586426;0.3333333333333333;0.3232323232323232
3.25;0.5294117647058824;0.6722689075630253;0.692307710647583;0.8181818181818182;0.6370370370370371
2.5;0.3;0.4595744680851064;0.4285714030265808;0.5454545454545454;0.40800000000000003
3.7;0.21739130434782608;0.6349206349206349;0.3999999761581421;0.4166666666666667;0.4157303370786517
3.25;0.7297297297297297;0.8310810810810811;0.8235294222831726;0.9642857142857143;0.6946107784431137
0.5;0.07142857142857142;0.3120567375886525;0.13333332538604736;0.16666666666666666;0.3214285714285714
2.75;0.28125;0.578005115089514;0.4651162624359131;0.6;0.3827160493827161
4.0;0.5;0.6746987951807228;0.6666666269302368;0.8571428571428571;0.6060606060606061
1.75;0.15625;0.38829787234042556;0.238095223903656;0.29411764705882354;0.37948717948717947
4.0;0.6153846153846154;0.7593582887700535;0.761904776096344;0.8888888888888888;0.6952380952380952
3.45;0.35294117647058826;0.525;0.52173912525177;0.75;0.33742331288343563
3.4;0.7142857142857143;0.8305084745762712;0.8333333134651184;0.9090909090909091;0.8031496062992126
3.0;0.41379310344827586;0.6115288220551378;0.5777777433395386;0.9230769230769231;0.44981412639405205
4.25;0.21052631578947367;0.5130434782608695;0.3333333134651184;0.36363636363636365;0.6120689655172413
3.0;0.4745762711864407;0.7066167290886392;0.6304347515106201;0.7368421052631579;0.6013513513513513
3.0;0.16666666666666666;0.4444444444444444;0.25641024112701416;0.29411764705882354;0.4193548387096774
3.5;0.42857142857142855;0.6896551724137931;0.6086956262588501;0.6;0.3942307692307693
3.25;0.6;0.8110236220472441;0.7857142686843872;0.8181818181818182;0.6940298507462687
3.45;0.35714285714285715;0.6705882352941177;0.5263158082962036;0.5555555555555556;0.4534883720930233
4.6;0.42857142857142855;0.7248908296943232;0.6363636255264282;0.6;0.8053097345132744
4.25;0.5;0.6746987951807228;0.6666666269302368;0.8571428571428571;0.5757575757575757
1.5;0.2222222222222222;0.5069124423963134;0.3478260636329651;0.4444444444444444;0.48245614035087714
2.5;0.18181818181818182;0.43089430894308944;0.307692289352417;0.36363636363636365;0.33333333333333337
4.75;0.5294117647058824;0.7479674796747968;0.692307710647583;0.75;0.7538461538461538
4.4;0.7777777777777778;0.8378378378378378;0.875;0.875;0.5833333333333333
0.0;0.13333333333333333;0.5306122448979591;0.38461536169052124;0.25;0.45599999999999996
3.25;0.2222222222222222;0.410958904109589;0.3333333134651184;0.4;0.392
0.5;0.3333333333333333;0.6593406593406593;0.5;0.5;0.696629213483146
3.4;0.6190476190476191;0.8019559902200489;0.800000011920929;0.9285714285714286;0.7021276595744681
3.25;0.7884615384615384;0.8638297872340426;0.8349514603614807;0.9534883720930233;0.7764705882352941
3.25;0.5384615384615384;0.8;0.7272727489471436;0.7;0.8584070796460177
3.0;0.0;0.30666666666666664;0.0;0.0;0.36585365853658536
3.25;0.30434782608695654;0.4852459016393442;0.47058820724487305;0.7777777777777778;0.368421052631579
1.5;0.13043478260869565;0.3373493975903614;0.2222222089767456;0.25;0.3880597014925373
3.2;0.5714285714285714;0.8271186440677967;0.7272727489471436;0.75;0.5800000000000001
0.0;0.047619047619047616;0.2561576354679803;0.09090906381607056;0.1111111111111111;0.3418803418803419
3.0;0.47058823529411764;0.6812227074235808;0.6399999856948853;0.7272727272727273;0.5634920634920635
3.4;0.2222222222222222;0.3915343915343915;0.3636363744735718;0.5;0.43103448275862066
3.25;0.18867924528301888;0.5007974481658692;0.31884056329727173;0.38461538461538464;0.35359116022099446
3.5;0.5555555555555556;0.7846153846153846;0.7142857313156128;0.8333333333333334;0.7083333333333333
1.5;0.23076923076923078;0.4137931034482759;0.3529411554336548;0.42857142857142855;0.21176470588235297
3.0;0.23076923076923078;0.6111111111111112;0.5;0.375;0.6923076923076923
4.9;0.875;0.9078014184397163;0.9333333373069763;1.0;0.6027397260273972
3.45;0.3333333333333333;0.5550660792951542;0.48000001907348633;0.6666666666666666;0.4545454545454546
4.25;0.5;0.7159090909090908;0.6666666269302368;0.8571428571428571;0.6565656565656566
4.5;0.8260869565217391;0.908235294117647;0.8936170339584351;0.95;0.9150943396226415
3.0;0.4375;0.6136363636363636;0.6000000238418579;1.0;0.44850498338870437
3.5;0.07142857142857142;0.31645569620253167;0.11764705181121826;0.14285714285714285;0.30000000000000004
2.25;0.16;0.3418181818181818;0.2666666507720947;0.3333333333333333;0.3619631901840491
4.25;0.25;0.5;0.3529411554336548;0.5;0.37755102040816324
3.4;0.5714285714285714;0.6838046272493573;0.6511628031730652;0.9230769230769231;0.5298804780876494
3.75;0.9230769230769231;0.9538461538461538;0.9615384340286255;0.9795918367346939;0.5497835497835497
4.25;0.7368421052631579;0.8121546961325967;0.8205128312110901;0.9333333333333333;0.7339901477832512
3.25;0.6923076923076923;0.797962648556876;0.800000011920929;1.0;0.6619318181818181
3.25;0.29411764705882354;0.48514851485148514;0.45454543828964233;0.8333333333333334;0.33333333333333337
3.65;0.7272727272727273;0.8292682926829268;0.8695652484893799;0.8888888888888888;0.8207547169811321
2.75;0.16666666666666666;0.4226804123711341;0.2857142686843872;0.375;0.37815126050420167
1.5;0.05263157894736842;0.356020942408377;0.0952380895614624;0.125;0.3738317757009346
3.0;0.375;0.6292134831460674;0.5306122303009033;0.6666666666666666;0.6015325670498084
4.25;0.36363636363636365;0.5757575757575757;0.5333333015441895;0.5714285714285714;0.3623188405797102
3.5;0.16666666666666666;0.4776119402985075;0.2857142686843872;0.3333333333333333;0.2191780821917808
3.0;0.5454545454545454;0.6242038216560509;0.6666666269302368;1.0;0.46226415094339623
2.0;0.38095238095238093;0.5755395683453237;0.5333333015441895;0.7272727272727273;0.5113636363636364
2.5;0.043478260869565216;0.21602787456445993;0.06451612710952759;0.1;0.3655172413793103
0.0;0.0;0.22754491017964074;0.0;0.0;0.3595505617977528
0.0;0.11764705882352941;0.2906976744186046;0.21052628755569458;0.25;0.3711340206185567
4.0;0.625;0.7224334600760456;0.7333333492279053;0.9090909090909091;0.6075949367088608
3.35;0.4;0.7035830618892508;0.6470588445663452;0.6153846153846154;0.7278481012658228
4.25;0.5;0.7357512953367875;0.6666666269302368;0.7;0.6565656565656566
4.25;0.5;0.6634146341463414;0.6363636255264282;0.7777777777777778;0.6355932203389831
3.45;0.5909090909090909;0.8498583569405099;0.7368420958518982;0.7647058823529411;0.8352272727272727
4.25;0.6666666666666666;0.8095238095238095;0.800000011920929;0.8571428571428571;0.8658536585365854
3.0;0.28;0.582392776523702;0.5416666269302368;0.6363636363636364;0.48601398601398604
3.45;0.2857142857142857;0.4693877551020408;0.4444444179534912;0.5;0.5233644859813085
0.0;0.05263157894736842;0.24444444444444446;0.10000002384185791;0.1111111111111111;0.40625
4.2;0.38461538461538464;0.6808510638297872;0.5555555820465088;0.7142857142857143;0.6464646464646464
0.0;0.0625;0.2810810810810811;0.10526317358016968;0.125;0.3695652173913043
3.0;0.5263157894736842;0.7517241379310344;0.6875;0.8333333333333334;0.729559748427673
4.75;0.75;0.7662337662337663;0.8571428656578064;0.8571428571428571;0.7439024390243902
3.25;0.64;0.7731958762886598;0.739130437374115;0.8;0.7989690721649485
3.25;0.7058823529411765;0.8013468013468014;0.7878787517547607;0.8571428571428571;0.847682119205298
3.65;0.631578947368421;0.8085106382978724;0.7428570985794067;0.8;0.8502994011976048
3.5;0.7391304347826086;0.8742268041237113;0.8679245114326477;0.85;0.7804878048780488
3.0;0.5;0.656;0.6341463327407837;0.8666666666666667;0.5276595744680851
3.25;0.47619047619047616;0.8095238095238095;0.7027027010917664;0.7142857142857143;0.7595628415300546
3.0;0.5238095238095238;0.6910299003322259;0.6666666269302368;0.6875;0.3529411764705882
3.4;0.52;0.7107438016528926;0.6746988296508789;0.8125;0.6173708920187793
3.25;0.11764705882352941;0.30939226519337015;0.21052628755569458;0.3333333333333333;0.4196428571428571
4.25;0.9285714285714286;0.9285714285714286;0.9333333373069763;1.0;0.8646616541353384
3.4;0.6153846153846154;0.7692307692307692;0.761904776096344;1.0;0.6186440677966102
3.0;0.6;0.7464114832535885;0.695652186870575;0.75;0.719626168224299
4.75;0.8076923076923077;0.911340206185567;0.8979591727256775;0.9545454545454546;0.8228346456692913
5.0;0.9375;0.9698996655518395;0.9696969985961914;1.0;0.9407894736842105
4.5;0.6923076923076923;0.8415841584158416;0.8181818127632141;0.8181818181818182;0.7676767676767677
3.0;0.21153846153846154;0.4505672609400324;0.3768116235733032;0.6111111111111112;0.37413394919168597
4.2;0.5454545454545454;0.7272727272727273;0.7058823108673096;0.75;0.44047619047619047
3.25;0.45;0.6973180076628352;0.6206896305084229;0.6923076923076923;0.5069444444444444
4.25;0.8181818181818182;0.9339622641509434;0.9166666865348816;0.9;0.9519230769230769
0.5;0.043478260869565216;0.28820960698689957;0.08333331346511841;0.1;0.29600000000000004
3.95;0.5;0.8169014084507042;0.6666666269302368;0.6666666666666666;0.42201834862385323
3.95;0.6428571428571429;0.8773584905660378;0.800000011920929;0.8181818181818182;0.8952380952380953
1.75;0.16666666666666666;0.37810945273631846;0.27272725105285645;0.3;0.45945945945945943
3.95;0.3333333333333333;0.5421686746987953;0.4444444179534912;0.5714285714285714;0.5168539325842696
4.25;0.5714285714285714;0.7896253602305475;0.7692307829856873;0.75;0.7359550561797753
3.25;0.48;0.6751269035532995;0.6363636255264282;0.7058823529411765;0.5483870967741935
4.2;0.4166666666666667;0.7619047619047619;0.5882352590560913;0.7142857142857143;0.6373626373626373
2.95;0.25;0.5136612021857924;0.3999999761581421;0.4;0.47777777777777775
3.0;0.3333333333333333;0.5037593984962406;0.5;0.9333333333333333;0.350383631713555
3.25;0.3076923076923077;0.6073298429319371;0.5714285373687744;0.6666666666666666;0.5862068965517242
0.0;0.1111111111111111;0.29591836734693877;0.1818181872367859;0.2;0.39252336448598135
4.9;0.9047619047619048;0.891640866873065;0.8857142925262451;0.95;0.8287461773700306
2.9;0.38461538461538464;0.6296296296296297;0.5555555820465088;0.625;0.6823529411764706
2.0;0.058823529411764705;0.26530612244897955;0.10526317358016968;0.1111111111111111;0.3302752293577982
1.75;0.2727272727272727;0.47560975609756095;0.3999999761581421;0.5;0.5955056179775281
3.65;0.75;0.8497409326424871;0.8571428656578064;0.9;0.7272727272727273
2.5;0.21052631578947367;0.36111111111111116;0.3199999928474426;0.6666666666666666;0.3074534161490683
0.0;0.06666666666666667;0.21192052980132448;0.125;0.125;0.3421052631578947
3.0;0.047619047619047616;0.33009708737864074;0.08695650100708008;0.09090909090909091;0.375
5.0;0.6428571428571429;0.8064516129032258;0.782608687877655;0.8181818181818182;0.7301587301587302
2.25;0.288135593220339;0.4509803921568627;0.4197530746459961;0.8095238095238095;0.3101503759398496
2.5;0.6521739130434783;0.7790697674418605;0.7894736528396606;0.8333333333333334;0.7486033519553073
3.0;0.4857142857142857;0.6296296296296297;0.6181818246841431;0.8095238095238095;0.4276315789473685
2.5;0.3333333333333333;0.5824175824175823;0.5;0.5;0.6404494382022472
4.5;0.6428571428571429;0.7867298578199052;0.782608687877655;0.8181818181818182;0.7850467289719626
3.45;0.43478260869565216;0.5975609756097561;0.5555555820465088;0.8333333333333334;0.4790697674418605
4.2;0.5714285714285714;0.8049999999999999;0.7727272510528564;0.8;0.5714285714285714
3.95;0.6;0.7023809523809523;0.75;0.75;0.7362637362637363
4.4;0.8;0.8902439024390244;0.8888888955116272;1.0;0.797752808988764
4.15;0.5294117647058824;0.7642276422764227;0.692307710647583;0.6923076923076923;0.7520661157024793
3.25;0.38461538461538464;0.5769230769230769;0.5555555820465088;0.8333333333333334;0.4271844660194175
0.5;0.045454545454545456;0.2009132420091324;0.08333331346511841;0.1;0.3412698412698413
4.15;0.6;0.8189910979228486;0.7894736528396606;0.8;0.8323699421965318
3.25;0.21052631578947367;0.4;0.3478260636329651;0.4;0.4126984126984127
3.4;0.7272727272727273;0.8571428571428572;0.8695652484893799;0.8888888888888888;0.8461538461538461
2.75;0.17391304347826086;0.34513274336283184;0.29629629850387573;0.5714285714285714;0.31288343558282206
4.85;0.6923076923076923;0.7949790794979079;0.8148148059844971;1.0;0.6785714285714286
1.0;0.20833333333333334;0.32167832167832167;0.29411762952804565;0.35714285714285715;0.3835616438356164
4.25;0.6470588235294118;0.7931034482758621;0.7586206793785095;0.7857142857142857;0.8305084745762712
1.25;0.13333333333333333;0.3821656050955414;0.23529410362243652;0.25;0.345679012345679
2.75;0.21052631578947367;0.4285714285714286;0.3333333134651184;0.5;0.4132231404958677
3.15;0.52;0.6237006237006237;0.5660377740859985;0.8125;0.4810126582278481
5.0;0.5294117647058824;0.7325102880658436;0.692307710647583;0.75;0.7384615384615385
0.0;0.04;0.22127659574468084;0.07692307233810425;0.1;0.3191489361702128
3.4;0.6153846153846154;0.7317073170731707;0.7037037014961243;0.9411764705882353;0.5863192182410424
2.75;0.23529411764705882;0.46327683615819204;0.3809523582458496;0.4;0.49425287356321834
3.2;0.38461538461538464;0.5925925925925926;0.5555555820465088;0.625;0.62
5.0;0.8666666666666667;0.8888888888888888;0.8888888955116272;0.9285714285714286;0.8630952380952381
3.5;0.5;0.7032258064516129;0.6470588445663452;0.6875;0.7467532467532467
3.0;0.17647058823529413;0.43617021276595747;0.30000001192092896;0.3333333333333333;0.36448598130841126
3.15;0.34615384615384615;0.6395663956639566;0.585365891456604;0.5625;0.6358974358974359
4.25;0.7692307692307693;0.9308755760368663;0.8799999952316284;0.9090909090909091;0.9099099099099099
2.7;0.13333333333333333;0.4666666666666667;0.30000001192092896;0.25;0.5714285714285714
4.75;1.0;0.0;1.0;1.0;1.0
3.5;0.13333333333333333;0.38787878787878793;0.23529410362243652;0.25;0.308641975308642
0.0;0.0;0.14193548387096777;0.0;0.0;0.30000000000000004
4.0;0.47368421052631576;0.7142857142857143;0.6428571343421936;0.6923076923076923;0.5333333333333333
3.25;0.6428571428571429;0.7048458149779735;0.7200000286102295;1.0;0.5594405594405594
4.75;0.7894736842105263;0.8764044943820225;0.8500000238418579;0.8823529411764706;0.9090909090909091
0.5;0.2;0.38655462184873945;0.307692289352417;0.3333333333333333;0.4838709677419355
3.5;0.09090909090909091;0.2575107296137339;0.1538461446762085;0.2;0.31081081081081086
3.25;0.2727272727272727;0.5970149253731343;0.5405405759811401;0.6666666666666666;0.4744186046511628
2.25;0.125;0.36717663421418634;0.2682926654815674;0.4;0.28790786948176583
4.2;0.46153846153846156;0.6881720430107527;0.6666666269302368;0.6666666666666666;0.6804123711340206
3.75;0.2413793103448276;0.5137614678899083;0.37837839126586914;0.4375;0.5321637426900585
3.7;0.7142857142857143;0.8288288288288288;0.8333333134651184;0.9090909090909091;0.8050847457627118
3.25;0.7419354838709677;0.7838214783821478;0.7948718070983887;1.0;0.6466512702078522
3.45;0.42857142857142855;0.6603773584905661;0.5833333730697632;0.6;0.6346153846153846
4.9;0.9;0.9359605911330049;0.95652174949646;1.0;0.9134615384615384
4.75;0.8333333333333334;0.8632218844984803;0.8571428656578064;0.9375;0.8125
4.9;0.7333333333333333;0.8981132075471698;0.8461538553237915;0.8461538461538461;0.8962962962962963
0.5;0.0;0.2723004694835681;0.0;0.0;0.31896551724137934
4.25;0.8181818181818182;0.9189189189189189;0.9047619104385376;0.9473684210526315;0.848314606741573
3.75;0.7222222222222222;0.8238636363636364;0.8421052694320679;1.0;0.7142857142857143
3.45;0.7272727272727273;0.8230088495575221;0.8461538553237915;1.0;0.7209302325581395
3.95;0.5384615384615384;0.6904761904761905;0.6086956262588501;0.875;0.564935064935065
2.95;0.25;0.43448275862068964;0.3999999761581421;0.8333333333333334;0.34466019417475724
4.0;0.47368421052631576;0.7232472324723247;0.6428571343421936;0.6428571428571429;0.762589928057554
3.25;0.47058823529411764;0.6493506493506493;0.6399999856948853;0.8888888888888888;0.5241379310344827
0.0;0.058823529411764705;0.26249999999999996;0.1111111044883728;0.1111111111111111;0.38749999999999996
3.25;0.125;0.32530120481927716;0.2222222089767456;0.2222222222222222;0.2592592592592593
0.0;0.0;0.16216216216216217;0.0;0.0;0.276595744680851
2.75;0.21052631578947367;0.42105263157894735;0.3199999928474426;0.36363636363636365;0.41600000000000004
4.25;0.7;0.8280254777070064;0.8235294222831726;1.0;0.7
3.85;0.8333333333333334;0.8846880907372401;0.8852459192276001;0.9615384615384616;0.8245614035087719
3.5;0.38461538461538464;0.5297297297297296;0.5263158082962036;0.5555555555555556;0.5384615384615384
3.25;0.6666666666666666;0.8008658008658008;0.7884615659713745;0.9047619047619048;0.6361867704280155
3.55;0.5789473684210527;0.7522388059701492;0.7027027010917664;0.8461538461538461;0.6700507614213198
3.25;0.4666666666666667;0.6952380952380952;0.6666666269302368;0.7777777777777778;0.6446280991735538
3.25;0.17647058823529413;0.4355555555555556;0.307692289352417;0.375;0.3834586466165414
4.0;0.6666666666666666;0.8425925925925926;0.800000011920929;0.8888888888888888;0.8245614035087719
3.4;0.5357142857142857;0.7372549019607844;0.6785714626312256;0.8333333333333334;0.6539792387543253
0.0;0.15384615384615385;0.4246575342465754;0.25;0.3333333333333333;0.525
3.5;0.6428571428571429;0.7363636363636363;0.75;0.8181818181818182;0.5897435897435898
1.0;0.3125;0.4842105263157894;0.45454543828964233;0.5;0.5490196078431373
3.45;0.7272727272727273;0.8461538461538461;0.800000011920929;0.8888888888888888;0.8061224489795918
0.0;0.07142857142857142;0.2142857142857143;0.13333332538604736;0.14285714285714285;0.32432432432432434
3.25;0.6923076923076923;0.8786127167630058;0.8421052694320679;0.9;0.7964285714285715
5.0;0.8571428571428571;0.9438202247191011;0.9230769276618958;0.9230769230769231;0.8613138686131387
3.25;0.5263157894736842;0.7987421383647799;0.7428570985794067;0.9090909090909091;0.679144385026738
3.4;0.6296296296296297;0.7795275590551181;0.75;0.8947368421052632;0.6955017301038062
4.25;0.4;0.5616438356164384;0.5;0.5714285714285714;0.6125
3.45;0.32;0.6309523809523809;0.5;0.5;0.6363636363636364
4.25;0.4;0.6321243523316062;0.5714285373687744;0.6;0.696969696969697
4.0;0.21428571428571427;0.4779874213836478;0.3529411554336548;0.375;0.5731707317073171
3.0;0.46153846153846156;0.6628571428571428;0.6315789222717285;0.6666666666666666;0.6043956043956045
0.5;0.14285714285714285;0.4304932735426009;0.25;0.2727272727272727;0.4369747899159664
3.75;0.5;0.6839378238341969;0.6666666269302368;0.7;0.5555555555555556
3.25;0.6428571428571429;0.7105263157894737;0.7200000286102295;1.0;0.5555555555555556
3.5;0.5;0.6717557251908397;0.6666666269302368;0.6666666666666666;0.6923076923076923
5.0;0.8;0.8902439024390244;0.8888888955116272;0.8888888888888888;0.9125
3.75;0.5555555555555556;0.6736842105263158;0.6190476417541504;0.7142857142857143;0.6650485436893203
2.5;0.3888888888888889;0.5613305613305613;0.5555555820465088;1.0;0.39473684210526316
1.0;0.35714285714285715;0.6153846153846154;0.5;0.5555555555555556;0.6741573033707865
3.0;0.625;0.789272030651341;0.7586206793785095;0.8333333333333334;0.7087719298245614
3.25;0.35;0.5441176470588236;0.5161290168762207;0.7;0.4514285714285714
0.0;0.05555555555555555;0.2142857142857143;0.10526317358016968;0.1111111111111111;0.3146067415730337
3.65;0.631578947368421;0.7628205128205128;0.7272727489471436;0.8;0.6666666666666667
4.4;0.47619047619047616;0.6083916083916083;0.625;0.7142857142857143;0.607843137254902
3.25;0.4318181818181818;0.6405451448040886;0.5671641826629639;0.6551724137931034;0.2795031055900621
4.45;0.4166666666666667;0.5365853658536586;0.5882352590560913;0.625;0.4719101123595506
3.4;0.35714285714285715;0.6354679802955665;0.5333333015441895;0.5555555555555556;0.4608294930875576
0.0;0.14285714285714285;0.31081081081081086;0.25;0.2857142857142857;0.3375
3.0;0.65;0.7146666666666667;0.7317073345184326;1.0;0.5654008438818565
1.25;0.29411764705882354;0.5174129353233831;0.45454543828964233;0.45454545454545453;0.6060606060606061
4.0;0.5294117647058824;0.736842105263158;0.7333333492279053;0.9;0.6582278481012658
4.15;0.6923076923076923;0.7403846153846154;0.8181818127632141;0.8181818181818182;0.6396396396396397
3.5;0.42105263157894735;0.6558704453441295;0.5925925970077515;0.6666666666666666;0.5111111111111111
2.75;0.23076923076923078;0.4460431654676259;0.375;0.42857142857142855;0.36986301369863017
4.75;0.5833333333333334;0.8064516129032258;0.7368420958518982;0.7777777777777778;0.7582417582417582
5.0;0.7;0.7757575757575758;0.8235294222831726;0.875;0.8170731707317074
3.7;0.7272727272727273;0.8670520231213873;0.8421052694320679;0.8888888888888888;0.8651685393258427
0.0;0.0;0.18326693227091628;0.0;0.0;0.29714285714285715
4.4;0.7272727272727273;0.8152173913043479;0.800000011920929;0.8888888888888888;0.7676767676767677
3.2;0.18181818181818182;0.39669421487603307;0.307692289352417;0.3333333333333333;0.515625
3.25;0.2222222222222222;0.460093896713615;0.3478260636329651;0.4;0.5181818181818182
4.85;0.4;0.5703125;0.5333333015441895;0.6666666666666666;0.4242424242424242
2.5;0.3333333333333333;0.5783132530120482;0.48275864124298096;0.6363636363636364;0.40909090909090906
2.0;0.13636363636363635;0.41698841698841704;0.20689654350280762;0.3;0.38848920863309355
4.25;0.6;0.8154506437768241;0.7692307829856873;0.8181818181818182;0.7716535433070866
5.0;0.8;0.9484536082474226;0.9090908765792847;0.8888888888888888;0.968421052631579
3.4;0.5217391304347826;0.7799043062200957;0.739130437374115;0.7058823529411765;0.5944700460829493
2.65;0.13333333333333333;0.4024390243902439;0.2222222089767456;0.25;0.5056179775280899
3.9;0.5833333333333334;0.7567567567567568;0.75;0.7777777777777778;0.7033898305084746
5.0;0.0;0.0;0.0;0.0;0.0
4.7;0.7692307692307693;0.8458149779735683;0.8695652484893799;1.0;0.7559055118110236
1.75;0.06666666666666667;0.326530612244898;0.125;0.14285714285714285;0.45679012345679015
3.0;0.36363636363636365;0.4945054945054945;0.3999999761581421;0.6153846153846154;0.4869565217391304
3.0;0.3333333333333333;0.441025641025641;0.3999999761581421;0.8;0.5043478260869565
3.65;0.42857142857142855;0.75177304964539;0.6000000238418579;0.6428571428571429;0.7054794520547945
2.25;0.21052631578947367;0.4181818181818182;0.3199999928474426;0.36363636363636365;0.4482758620689655
3.25;0.375;0.6336633663366337;0.5454545021057129;0.5454545454545454;0.505050505050505
3.0;0.559322033898305;0.6927592954990216;0.6491228342056274;0.9166666666666666;0.5798722044728435
3.7;0.5384615384615384;0.7173913043478262;0.699999988079071;0.7777777777777778;0.7
2.0;0.21428571428571427;0.4024390243902439;0.31578946113586426;0.375;0.48351648351648346
3.7;0.7058823529411765;0.8598130841121495;0.8571428656578064;0.9230769230769231;0.8081395348837209
3.45;0.5217391304347826;0.7003154574132492;0.6857142448425293;0.8;0.6538461538461539
3.25;0.5652173913043478;0.7614678899082569;0.75;0.8125;0.7172131147540983
3.0;0.5;0.6428571428571428;0.5600000023841858;0.7;0.6030534351145038
4.0;0.7692307692307693;0.9095477386934674;0.9090908765792847;1.0;0.883495145631068
3.25;0.2222222222222222;0.4545454545454546;0.37037038803100586;0.4;0.4104477611940298
2.75;0.17647058823529413;0.35416666666666663;0.2857142686843872;0.42857142857142855;0.41129032258064513
2.25;0.21428571428571427;0.32530120481927716;0.3333333134651184;0.42857142857142855;0.26595744680851063
1.75;0.1875;0.4397905759162304;0.2857142686843872;0.3333333333333333;0.5
2.0;0.12698412698412698;0.4447592067988668;0.202531635761261;0.25;0.4292929292929293
0.0;0.0;0.1333333333333333;0.0;0.0;0.34693877551020413
2.0;0.1111111111111111;0.24870466321243523;0.19999998807907104;0.2857142857142857;0.31496062992125984
3.0;0.3333333333333333;0.49230769230769234;0.4324324131011963;0.5333333333333333;0.47904191616766467
1.25;0.1111111111111111;0.34224598930481287;0.19999998807907104;0.2;0.4086021505376344
0.0;0.0;0.13173652694610782;0.0;0.0;0.31999999999999995
3.4;0.6363636363636364;0.7981651376146789;0.7916666865348816;0.875;0.7377049180327868
3.0;0.09523809523809523;0.3148936170212766;0.1666666865348816;0.2222222222222222;0.4084507042253521
1.25;0.24;0.4206349206349206;0.3870967626571655;0.46153846153846156;0.496551724137931
3.65;0.7;0.8301886792452831;0.8235294222831726;0.875;0.8292682926829268
3.7;0.6;0.8586387434554974;0.800000011920929;0.75;0.8571428571428572
2.0;0.1111111111111111;0.43575418994413406;0.19999998807907104;0.2;0.3595505617977528
0.0;0.06666666666666667;0.3246753246753247;0.11764705181121826;0.125;0.39743589743589747
4.75;0.7777777777777778;0.9047619047619048;0.8888888955116272;0.875;0.926829268292683
4.5;0.65;0.8087431693989071;0.8235294222831726;0.9285714285714286;0.7412935323383085
3.0;0.36507936507936506;0.6278787878787879;0.5263158082962036;0.5897435897435898;0.5525727069351231
3.0;0.42857142857142855;0.6666666666666667;0.6285713911056519;0.75;0.518918918918919
2.9;0.8888888888888888;0.9547738693467337;0.9411764740943909;1.0;0.9117647058823529
4.0;0.6;0.6666666666666667;0.7058823108673096;0.8571428571428571;0.4678899082568807
5.0;0.75;0.8849557522123894;0.8695652484893799;0.9;0.8521739130434782
3.7;0.5;0.6215384615384616;0.5714285373687744;0.7142857142857143;0.6569767441860466
4.25;0.6666666666666666;0.8457142857142858;0.800000011920929;0.8888888888888888;0.8351648351648352
3.95;0.6;0.7611336032388664;0.7407407760620117;0.8181818181818182;0.6390977443609023
3.75;0.7916666666666666;0.8854166666666666;0.8888888955116272;0.9047619047619048;0.8195876288659794
2.5;0.36363636363636365;0.5555555555555556;0.5;0.5714285714285714;0.4794520547945206
3.0;0.5238095238095238;0.6910299003322259;0.6666666269302368;0.6875;0.3529411764705882
5.0;0.0;0.0;0.0;0.0;0.0
3.5;0.4166666666666667;0.6802721088435374;0.5882352590560913;0.7142857142857143;0.6190476190476191
4.15;0.23076923076923078;0.4054054054054054;0.375;0.375;0.3013698630136986
1.5;0.1111111111111111;0.28;0.19999998807907104;0.2;0.3063063063063063
3.4;0.6666666666666666;0.8421052631578947;0.800000011920929;0.8571428571428571;0.7733333333333333
3.0;0.43333333333333335;0.5957446808510638;0.5600000023841858;0.6190476190476191;0.5240174672489083
2.0;0.09523809523809523;0.3919597989949749;0.1666666865348816;0.18181818181818182;0.514018691588785
3.15;0.375;0.6291079812206573;0.5;0.6666666666666666;0.4173228346456693
4.4;0.5833333333333334;0.8167539267015707;0.7368420958518982;0.7777777777777778;0.826530612244898
2.25;0.25;0.5139318885448916;0.34285712242126465;0.4;0.4606060606060606
2.9;0.3125;0.47959183673469385;0.43478262424468994;0.7142857142857143;0.417910447761194
2.75;0.48;0.597752808988764;0.5714285373687744;0.8571428571428571;0.4731543624161074
1.75;0.21428571428571427;0.4530386740331491;0.3333333134651184;0.375;0.3829787234042553
2.0;0.22580645161290322;0.4057142857142857;0.3414633870124817;0.4375;0.26865671641791045
4.4;0.6;0.8427672955974843;0.75;0.8571428571428571;0.6707317073170731
3.0;0.6923076923076923;0.7431192660550459;0.75;1.0;0.5970149253731343
5.0;0.5;0.6545454545454545;0.615384578704834;0.6666666666666666;0.6666666666666667
3.25;0.4444444444444444;0.5714285714285714;0.615384578704834;0.6666666666666666;0.6357142857142857
3.5;0.37037037037037035;0.72;0.585365891456604;0.5882352941176471;0.6281407035175879
2.9;0.48;0.7061728395061728;0.6363636255264282;0.7058823529411765;0.6036866359447004
2.75;0.5806451612903226;0.6765188834154352;0.6666666269302368;0.9473684210526315;0.5214105793450882
3.65;0.45098039215686275;0.7054054054054054;0.6190476417541504;0.6388888888888888;0.700507614213198
3.4;0.76;0.8793774319066148;0.8571428656578064;0.8636363636363636;0.8295454545454546
3.25;0.6153846153846154;0.7440944881889764;0.75;0.9411764705882353;0.6254071661237786
0.5;0.09523809523809523;0.3669724770642202;0.1666666865348816;0.2222222222222222;0.3656716417910447
4.5;0.75;0.8553459119496856;0.8571428656578064;0.8571428571428571;0.8780487804878049
4.25;0.6521739130434783;0.7704081632653061;0.75;0.8333333333333334;0.7547169811320755
2.75;0.4444444444444444;0.5985401459854014;0.5714285373687744;0.6666666666666666;0.5352112676056338
3.8;0.7058823529411765;0.8110236220472441;0.774193525314331;0.8571428571428571;0.8333333333333334
3.25;0.10526315789473684;0.37234042553191493;0.1818181872367859;0.2;0.3894736842105263
3.0;0.4423076923076923;0.6694915254237288;0.6172839403152466;0.71875;0.40963855421686746
3.65;0.6888888888888889;0.8409703504043127;0.8139535188674927;0.8378378378378378;0.7958656330749354
4.9;0.75;0.729559748427673;0.8571428656578064;0.8571428571428571;0.7682926829268293
0.0;0.058823529411764705;0.23121387283236994;0.1111111044883728;0.1111111111111111;0.3932584269662921
3.25;0.5217391304347826;0.7679558011049724;0.7317073345184326;0.7058823529411765;0.7252747252747253
3.45;0.5454545454545454;0.6704545454545454;0.699999988079071;0.75;0.43157894736842106
4.75;0.5833333333333334;0.7657142857142857;0.7368420958518982;0.7777777777777778;0.7777777777777778
3.4;0.375;0.6336633663366337;0.5454545021057129;0.6;0.4722222222222222
3.25;0.6666666666666666;0.8977272727272727;0.8620689511299133;0.8421052631578947;0.8892988929889298
3.25;0.46153846153846156;0.7041036717062634;0.6666666269302368;0.8;0.5571428571428572
3.25;0.26666666666666666;0.5057471264367817;0.42105263471603394;0.4444444444444444;0.5777777777777777
1.0;0.15384615384615385;0.29370629370629375;0.25;0.2857142857142857;0.2222222222222222
0.0;0.05;0.26315789473684215;0.0952380895614624;0.1111111111111111;0.3867924528301887
3.0;0.5652173913043478;0.8;0.7317073345184326;0.7647058823529411;0.7578947368421053
3.0;0.41379310344827586;0.6300653594771242;0.5747126340866089;0.7741935483870968;0.5822510822510822
3.25;0.5714285714285714;0.7586206896551724;0.7692307829856873;0.8;0.7459016393442623
4.85;0.7777777777777778;0.8089887640449438;0.875;0.875;0.8089887640449438
3.0;0.6363636363636364;0.7630057803468209;0.7368420958518982;0.875;0.8089887640449438
2.25;0.15384615384615385;0.3835616438356164;0.2666666507720947;0.2857142857142857;0.33333333333333337
2.75;0.3333333333333333;0.5502645502645502;0.476190447807312;0.5555555555555556;0.6421052631578947
4.0;0.8260869565217391;0.921875;0.9285714030265808;0.95;0.8969465648854962
1.0;0.1;0.26794258373205737;0.1818181872367859;0.18181818181818182;0.3076923076923077
1.5;0.19047619047619047;0.4571428571428572;0.307692289352417;0.36363636363636365;0.5423728813559322
3.0;0.5;0.7465181058495822;0.6315789222717285;0.6875;0.6720430107526882
2.4;0.23529411764705882;0.47926267281105994;0.3809523582458496;0.5;0.37593984962406013
3.0;0.36363636363636365;0.6111111111111112;0.5306122303009033;0.8;0.4084507042253521
1.5;0.07692307692307693;0.39560439560439564;0.19999998807907104;0.14285714285714285;0.5102040816326531
3.0;0.7368421052631579;0.7990970654627539;0.7755101919174194;0.875;0.78099173553719
2.5;0.38095238095238093;0.5906040268456376;0.5454545021057129;0.7272727272727273;0.518716577540107
5.0;1.0;0.925531914893617;1.0;1.0;0.5869565217391304
3.25;0.8571428571428571;0.9051094890510949;0.9230769276618958;1.0;0.8732394366197183
4.9;0.2727272727272727;0.4;0.4285714030265808;0.42857142857142855;0.265625
4.35;0.7619047619047619;0.8869565217391304;0.8648648858070374;0.9411764705882353;0.8516483516483516
3.0;0.4166666666666667;0.6415094339622642;0.5882352590560913;0.625;0.426829268292683
3.25;0.4782608695652174;0.6363636363636364;0.6086956262588501;0.9166666666666666;0.5
3.25;0.5;0.6446886446886446;0.610169529914856;0.7;0.5379746835443038
4.25;0.75;0.8553459119496856;0.8571428656578064;0.8571428571428571;0.8780487804878049
3.25;0.48;0.6842105263157895;0.6399999856948853;0.6666666666666666;0.5751072961373391
3.95;0.6;0.8095238095238095;0.75;0.75;0.7692307692307692
1.65;0.05263157894736842;0.30601092896174864;0.10000002384185791;0.125;0.37037037037037035
3.0;0.42105263157894735;0.5847953216374269;0.6000000238418579;0.8888888888888888;0.37125748502994016
3.45;0.35294117647058826;0.5593220338983051;0.4615384340286255;0.5454545454545454;0.616
2.0;0.14285714285714285;0.3221476510067114;0.25;0.25;0.36986301369863017
3.5;0.5416666666666666;0.6747720364741641;0.6666666269302368;0.8125;0.5384615384615384
2.75;0.6923076923076923;0.8172043010752688;0.8181818127632141;0.9;0.7450980392156863
4.25;0.7777777777777778;0.8493150684931507;0.875;1.0;0.775
2.5;0.4090909090909091;0.637223974763407;0.6111111044883728;0.8181818181818182;0.5487179487179488
2.75;0.4375;0.5976095617529881;0.5714285373687744;0.7777777777777778;0.49367088607594933
3.0;0.5909090909090909;0.7465940054495912;0.6666666269302368;0.8125;0.6448598130841121
3.0;0.5;0.6871165644171779;0.6666666269302368;0.8571428571428571;0.6041666666666667
2.75;0.5384615384615384;0.6904761904761905;0.6086956262588501;0.875;0.564935064935065
3.9;0.8125;0.9110320284697508;0.9032257795333862;0.9285714285714286;0.916083916083916
3.25;0.5714285714285714;0.7014218009478673;0.695652186870575;0.8;0.5726495726495726
3.9;0.6923076923076923;0.7946768060836502;0.7586206793785095;0.9;0.6273062730627306
3.0;0.3275862068965517;0.5650459921156373;0.4883720874786377;0.59375;0.4849884526558892
1.0;0.3333333333333333;0.5824175824175823;0.5;0.5555555555555556;0.6122448979591837
3.0;0.4074074074074074;0.6827956989247312;0.604651153087616;0.6111111111111112;0.7061855670103092
3.25;0.38095238095238093;0.4838709677419355;0.47058820724487305;0.8;0.3701923076923077
1.5;0.2;0.38505747126436785;0.25641024112701416;0.36363636363636365;0.47619047619047616
3.9;0.9032258064516129;0.9454545454545454;0.9523809552192688;1.0;0.9090909090909091
1.75;0.17391304347826086;0.43956043956043955;0.3125;0.3333333333333333;0.47857142857142854
3.0;0.4;0.6460481099656357;0.5806452035903931;0.7272727272727273;0.5625
3.0;0.5;0.6528497409326425;0.6666666269302368;1.0;0.5
4.25;0.9473684210526315;0.9781021897810219;0.9777777791023254;1.0;0.9567307692307693
2.0;0.13333333333333333;0.28;0.23529410362243652;0.2857142857142857;0.3571428571428571
3.9;0.1111111111111111;0.4563106796116505;0.27272725105285645;0.2222222222222222;0.4336283185840708
4.75;0.7058823529411765;0.8600682593856656;0.8484848737716675;0.9230769230769231;0.8227848101265822
3.25;0.5;0.7976190476190477;0.7777777910232544;0.8;0.6907216494845361
3.5;0.0;0.3305785123966942;0.0;0.0;0.4444444444444444
3.75;0.6;0.7589743589743589;0.7058823108673096;0.8571428571428571;0.6880733944954128
3.75;0.64;0.8508064516129032;0.8148148059844971;0.8;0.7859922178988327
3.4;0.5263157894736842;0.7476038338658146;0.7428570985794067;0.9090909090909091;0.6483516483516483
3.15;0.47058823529411764;0.6192468619246863;0.615384578704834;0.7272727272727273;0.5955882352941176
3.4;0.10526315789473684;0.3681592039800995;0.1818181872367859;0.2;0.4545454545454546
3.0;0.5;0.7058823529411764;0.6399999856948853;0.7;0.752212389380531
1.0;0.09523809523809523;0.2571428571428571;0.17391306161880493;0.18181818181818182;0.3142857142857143
3.5;0.3181818181818182;0.5609756097560976;0.5333333015441895;0.5384615384615384;0.3670212765957447
3.25;0.5263157894736842;0.6943396226415095;0.6896551847457886;0.9090909090909091;0.5432098765432098
2.0;0.2857142857142857;0.5028571428571429;0.3999999761581421;0.5;0.6373626373626373
2.5;0.2978723404255319;0.5854483925549916;0.4477611780166626;0.5185185185185185;0.521875
2.9;0.43478260869565216;0.7653631284916201;0.6499999761581421;0.6666666666666666;0.7724867724867726
1.75;0.3333333333333333;0.5573770491803278;0.5;0.5;0.6444444444444444
2.9;0.07692307692307693;0.3706563706563707;0.13793104887008667;0.15384615384615385;0.4
3.25;0.5;0.6808510638297872;0.6428571343421936;0.75;0.7183098591549295
4.5;0.75;0.8652482269503546;0.8571428656578064;0.8571428571428571;0.6712328767123288
3.8;0.5263157894736842;0.7692307692307692;0.7272727489471436;0.7692307692307693;0.6832298136645962
4.5;0.8536585365853658;0.9128065395095368;0.9176470637321472;0.9459459459459459;0.8680738786279684
3.7;0.5333333333333333;0.6824644549763033;0.695652186870575;0.8888888888888888;0.5826771653543308
3.0;0.4375;0.6094808126410836;0.6122449040412903;1.0;0.444078947368421
3.85;0.6923076923076923;0.7920792079207921;0.8181818127632141;1.0;0.6779661016949152
0.5;0.05555555555555555;0.21301775147928992;0.10526317358016968;0.14285714285714285;0.28431372549019607
4.2;0.8125;0.847457627118644;0.8387097120285034;0.9285714285714286;0.7924528301886793
4.4;0.625;0.7768595041322314;0.7692307829856873;0.8333333333333334;0.7619047619047619
2.5;0.38461538461538464;0.677115987460815;0.5789473652839661;0.5555555555555556;0.65625
4.25;0.5;0.694300518134715;0.6666666269302368;0.7777777777777778;0.6481481481481481
3.25;0.7058823529411765;0.7951070336391437;0.8484848737716675;0.9230769230769231;0.6881720430107527
3.0;0.2857142857142857;0.6094946401225114;0.4722222089767456;0.5384615384615384;0.5025773195876289
5.0;1.0;0.9395973154362416;0.9411764740943909;1.0;0.8831168831168831
4.0;0.8148148148148148;0.8930817610062893;0.8857142925262451;0.9166666666666666;0.8123076923076923
4.0;0.5714285714285714;0.7560321715817695;0.6829268336296082;0.75;0.4787234042553191
0.0;0.0;0.1552511415525114;0.0;0.0;0.31007751937984496
3.75;0.2608695652173913;0.5146579804560261;0.3529411554336548;0.42857142857142855;0.5125
4.75;0.8181818181818182;0.9569377990430622;0.9090908765792847;0.9;0.9158878504672897
3.65;0.6153846153846154;0.7474747474747474;0.7555555701255798;0.8421052631578947;0.4123222748815166
2.75;0.043478260869565216;0.3157894736842105;0.07692307233810425;0.1;0.3925925925925926
4.2;0.7142857142857143;0.7981220657276995;0.800000011920929;0.8333333333333334;0.8165137614678899
2.5;0.2765957446808511;0.5448392554991539;0.4307692050933838;0.5416666666666666;0.4164305949008499
2.5;0.6;0.7901234567901234;0.75;0.8181818181818182;0.7067669172932332
3.25;0.76;0.8869565217391304;0.8888888955116272;0.9047619047619048;0.8633333333333333
2.0;0.2857142857142857;0.5407725321888412;0.4444444179534912;0.5454545454545454;0.45255474452554745
4.35;0.75;0.8439306358381503;0.8571428656578064;1.0;0.6938775510204082
4.0;0.6774193548387096;0.8090737240075614;0.800000011920929;0.84;0.752851711026616
0.0;0.08333333333333333;0.3238866396761133;0.14814811944961548;0.2222222222222222;0.3076923076923077
3.25;0.20833333333333334;0.5064102564102564;0.3999999761581421;0.4166666666666667;0.5828571428571429
4.2;0.9;0.9359605911330049;0.95652174949646;1.0;0.9134615384615384
0.0;0.0;0.26086956521739135;0.0;0.0;0.36585365853658536
3.85;0.5714285714285714;0.7873563218390804;0.7692307829856873;0.8;0.7956989247311828
2.75;0.058823529411764705;0.20731707317073167;0.1111111044883728;0.14285714285714285;0.37755102040816324
3.0;0.37254901960784315;0.6005917159763314;0.5454545021057129;0.6785714285714286;0.5221674876847291
3.25;0.5416666666666666;0.6899766899766899;0.6382979154586792;0.7647058823529411;0.5901639344262295
3.25;0.5294117647058824;0.6263345195729537;0.5806452035903931;0.75;0.5176470588235293
2.5;0.2857142857142857;0.5232744783306581;0.422535240650177;0.5;0.3916666666666667
3.65;0.6470588235294118;0.8046875;0.7857142686843872;0.9166666666666666;0.7361111111111112
4.4;0.5625;0.7478991596638656;0.692307710647583;0.75;0.7698412698412699
4.0;0.1;0.27184466019417475;0.1818181872367859;0.25;0.33333333333333337
4.2;0.8571428571428571;0.9243697478991597;0.9230769276618958;1.0;0.8548387096774194
4.4;0.5;0.628930817610063;0.6666666269302368;0.7142857142857143;0.4512195121951219
3.9;0.7368421052631579;0.8011049723756907;0.800000011920929;1.0;0.6651162790697674
4.9;0.6923076923076923;0.8465608465608465;0.8181818127632141;0.9;0.8367346938775511
4.5;0.84;0.9107142857142857;0.9200000166893005;0.9545454545454546;0.896551724137931
4.25;0.8181818181818182;0.8767123287671232;0.8695652484893799;1.0;0.7768595041322314
2.5;0.6153846153846154;0.8273381294964028;0.800000011920929;0.8;0.821917808219178
4.5;0.8;0.8658536585365854;0.8888888955116272;1.0;0.797752808988764
4.35;0.9444444444444444;0.9757412398921833;0.9729729890823364;1.0;0.9521276595744681
3.25;0.7391304347826086;0.84472049689441;0.8301886916160583;0.9444444444444444;0.7748091603053435
1.0;0.21052631578947367;0.3906976744186047;0.3333333134651184;0.4;0.3362068965517241
2.5;0.22580645161290322;0.4656084656084656;0.3720930218696594;0.3888888888888889;0.5257731958762887
3.4;0.3333333333333333;0.4897959183673469;0.45454543828964233;0.7272727272727273;0.4253731343283582
2.9;0.6666666666666666;0.8795180722891567;0.8333333134651184;0.9230769230769231;0.7923497267759563
4.05;0.7142857142857143;0.9708029197080292;0.8333333134651184;0.8333333333333334;0.9777777777777777
3.45;0.5384615384615384;0.7015706806282722;0.6666666269302368;0.7777777777777778;0.6728971962616823
0.0;0.1;0.2524271844660194;0.1818181872367859;0.18181818181818182;0.2815533980582524
3.0;0.45454545454545453;0.6137339055793991;0.5925925970077515;0.7142857142857143;0.6461538461538461
3.0;0.3333333333333333;0.5106382978723405;0.5;0.875;0.3803680981595092
3.25;0.6923076923076923;0.8;0.8181818127632141;1.0;0.6616541353383458
3.25;0.5294117647058824;0.6477732793522267;0.6666666269302368;1.0;0.5
3.0;0.391304347826087;0.6380090497737556;0.625;0.8181818181818182;0.5034965034965035
4.9;0.6666666666666666;0.768361581920904;0.800000011920929;0.8571428571428571;0.7912087912087912
3.0;0.65;0.8870056497175142;0.8205128312110901;0.8125;0.8409090909090909
0.75;0.0;0.2731707317073171;0.0;0.0;0.3106796116504854
3.4;0.625;0.7377398720682302;0.7272727489471436;0.8695652173913043;0.6716417910447761
2.5;0.46153846153846156;0.7616099071207431;0.6666666269302368;0.6666666666666666;0.7235294117647059
2.75;0.22857142857142856;0.5051546391752577;0.3636363744735718;0.47058823529411764;0.49327354260089684
3.95;0.625;0.7559055118110236;0.7142857313156128;0.9090909090909091;0.6783216783216783
3.8;0.75;0.8164794007490637;0.8275861740112305;1.0;0.7077922077922079
3.8;0.8387096774193549;0.9263565891472868;0.9152542352676392;1.0;0.8618181818181818
3.5;0.4444444444444444;0.7420814479638009;0.615384578704834;0.6153846153846154;0.6576576576576576
3.0;0.5217391304347826;0.7166666666666667;0.6666666269302368;0.8;0.46499999999999997
2.75;0.3333333333333333;0.5368421052631579;0.5;0.5555555555555556;0.5283018867924528
3.25;0.2777777777777778;0.5327510917030568;0.4166666865348816;0.5555555555555556;0.45833333333333337
3.45;0.7142857142857143;0.8790322580645161;0.8571428656578064;0.8333333333333334;0.9098360655737705
3.25;0.5098039215686274;0.7036082474226804;0.6590908765792847;0.7647058823529411;0.6071428571428572
3.75;0.47058823529411764;0.8666666666666667;0.6399999856948853;0.6666666666666666;0.7933884297520661
3.25;0.6896551724137931;0.78419452887538;0.7777777910232544;0.9523809523809523;0.6971279373368147
2.5;0.21428571428571427;0.48611111111111116;0.34285712242126465;0.4;0.525974025974026
3.8;0.8181818181818182;0.9056603773584906;0.9166666865348816;0.9;0.8269230769230769
3.0;0.6296296296296297;0.801358234295416;0.7692307829856873;0.7727272727272727;0.7879746835443038
3.0;0.25;0.4392523364485982;0.4166666865348816;0.4444444444444444;0.34513274336283184
3.0;0.13333333333333333;0.3431952662721893;0.2222222089767456;0.25;0.27380952380952384
2.5;0.3333333333333333;0.53551912568306;0.5;0.625;0.3271028037383178
0.0;0.0;0.2099447513812155;0.0;0.0;0.34444444444444444
3.25;0.7555555555555555;0.8722002635046113;0.8636363744735718;0.8947368421052632;0.7934508816120907
2.9;0.34782608695652173;0.4810996563573883;0.47058820724487305;0.6666666666666666;0.39226519337016574
0.0;0.05263157894736842;0.28415300546448086;0.0952380895614624;0.1;0.30000000000000004
3.45;0.5714285714285714;0.7829787234042553;0.7200000286102295;0.8888888888888888;0.656934306569343
3.5;0.7333333333333333;0.8016194331983806;0.8148148059844971;1.0;0.6875
1.5;0.1111111111111111;0.2941176470588235;0.1818181872367859;0.2222222222222222;0.27350427350427353
2.25;0.2413793103448276;0.5135951661631419;0.42105263471603394;0.4117647058823529;0.2906976744186046
4.9;0.6666666666666666;0.8553459119496856;0.800000011920929;0.8571428571428571;0.8414634146341463
3.25;0.6153846153846154;0.7979274611398963;0.761904776096344;0.8888888888888888;0.7037037037037037
4.25;0.8;0.9056603773584906;0.8888888955116272;0.8888888888888888;0.9
2.9;0.1111111111111111;0.35106382978723405;0.19999998807907104;0.2222222222222222;0.3786407766990292
0.5;0.18181818181818182;0.4385964912280702;0.307692289352417;0.3333333333333333;0.44354838709677424
2.25;0.4;0.6716417910447761;0.5714285373687744;0.6666666666666666;0.6891891891891893
4.5;0.45454545454545453;0.5833333333333333;0.625;0.625;0.41758241758241754
4.25;0.7;0.8502994011976048;0.8421052694320679;0.875;0.686046511627907
4.9;0.75;0.7662337662337663;0.8571428656578064;0.8571428571428571;0.7439024390243902
3.25;0.8653846153846154;0.9142857142857143;0.8990825414657593;0.9375;0.8536585365853658
4.5;0.4;0.6532663316582914;0.5714285373687744;0.6666666666666666;0.6486486486486487
3.45;0.19047619047619047;0.44036697247706424;0.3199999928474426;0.36363636363636365;0.38842975206611574
2.75;0.3333333333333333;0.5886287625418061;0.49275362491607666;0.5714285714285714;0.45808383233532934
3.75;0.5;0.6757369614512472;0.6000000238418579;0.8235294117647058;0.7208333333333333
4.2;0.5384615384615384;0.7391304347826086;0.699999988079071;0.7777777777777778;0.696969696969697
4.2;0.6363636363636364;0.7459459459459459;0.761904776096344;0.875;0.5673076923076923
1.5;0.16666666666666666;0.47058823529411764;0.2666666507720947;0.4;0.49367088607594933
1.0;0.6;0.6640316205533596;0.7200000286102295;0.8181818181818182;0.610738255033557
3.25;0.3125;0.5416666666666667;0.476190447807312;0.7142857142857143;0.44799999999999995
3.5;0.7;0.8695652173913043;0.8108108043670654;0.875;0.8603351955307262
3.45;0.47368421052631576;0.6937269372693726;0.6206896305084229;0.75;0.6375838926174497
3.0;0.5405405405405406;0.6616257088846881;0.6774193644523621;0.9523809523809523;0.5134328358208955
2.75;0.0625;0.3067484662576687;0.1111111044883728;0.125;0.38636363636363635
3.0;0.21428571428571427;0.3508771929824561;0.3333333134651184;0.42857142857142855;0.42708333333333337
1.0;0.0;0.21100917431192656;0.0;0.0;0.3026315789473685
3.0;0.35;0.5622489959839357;0.5;0.5833333333333334;0.5448275862068965
2.9;0.75;0.814569536423841;0.8333333134651184;1.0;0.6836158192090396
4.15;0.9;0.8864864864864865;0.8999999761581421;1.0;0.9010989010989011
3.25;0.42105263157894735;0.6503496503496504;0.5806452035903931;0.6153846153846154;0.5586206896551724
4.4;0.78125;0.8694096601073346;0.8888888955116272;0.9615384615384616;0.8092105263157895
3.7;0.4444444444444444;0.6134453781512605;0.5714285373687744;0.6666666666666666;0.525
4.35;0.8333333333333334;0.9084507042253521;0.8958333134651184;0.9302325581395349;0.859122401847575
3.25;0.7083333333333334;0.8636363636363636;0.8275861740112305;0.85;0.7321428571428572
3.4;0.5384615384615384;0.7435897435897436;0.692307710647583;0.7777777777777778;0.4354838709677419
3.75;0.36363636363636365;0.547945205479452;0.5;0.5714285714285714;0.3661971830985915
2.75;0.625;0.751412429378531;0.7804877758026123;0.9375;0.3364928909952607
3.0;0.7222222222222222;0.802841918294849;0.800000011920929;1.0;0.6686567164179105
3.75;0.0;0.3291139240506329;0.0;0.0;0.36585365853658536
2.75;0.15384615384615385;0.43401759530791784;0.3243243098258972;0.36363636363636365;0.39534883720930236
3.25;0.3333333333333333;0.5314009661835748;0.5;0.8333333333333334;0.34751773049645385
3.75;0.23076923076923078;0.3726708074534162;0.3333333134651184;0.5;0.375
4.25;0.75;0.8393782383419689;0.8571428656578064;0.9;0.7272727272727273
2.95;0.17073170731707318;0.41666666666666663;0.26923078298568726;0.3888888888888889;0.4316546762589928
0.0;0.11764705882352941;0.30000000000000004;0.21052628755569458;0.25;0.38144329896907214
2.75;0.25;0.5096153846153846;0.3999999761581421;0.4444444444444444;0.5327102803738317
2.5;0.4090909090909091;0.6335403726708074;0.5945945978164673;0.8181818181818182;0.5226130653266332
4.9;0.8666666666666667;0.9545454545454546;0.9333333373069763;0.9285714285714286;0.9692307692307692
3.5;0.2727272727272727;0.5578231292517006;0.4285714030265808;0.42857142857142855;0.2823529411764706
0.5;0.07692307692307693;0.291970802919708;0.13333332538604736;0.14285714285714285;0.47887323943661975
3.4;0.42857142857142855;0.5358851674641149;0.52173912525177;0.6;0.48275862068965514
1.75;0.21739130434782608;0.4577464788732394;0.32258063554763794;0.45454545454545453;0.3967391304347826
2.5;0.25;0.4657534246575342;0.375;0.42857142857142855;0.55
2.25;0.2608695652173913;0.5857142857142856;0.4444444179534912;0.5;0.49689440993788825
2.5;0.2857142857142857;0.4683544303797469;0.4444444179534912;0.4444444444444444;0.33766233766233766
3.5;0.46153846153846156;0.6480446927374302;0.6315789222717285;0.6666666666666666;0.6593406593406593
1.5;0.1875;0.4327485380116959;0.31578946113586426;0.3333333333333333;0.3595505617977528
3.75;0.26666666666666666;0.46829268292682924;0.43478262424468994;0.4444444444444444;0.34615384615384615
3.0;0.5111111111111111;0.6728682170542636;0.6756756901741028;0.92;0.4554216867469879
3.45;0.7777777777777778;0.8533333333333333;0.875;0.875;0.7534246575342466
5.0;0.75;0.8780487804878049;0.8571428656578064;0.8571428571428571;0.9180327868852459
1.0;0.25;0.4678899082568807;0.3333333134651184;0.4;0.5086206896551724
4.9;0.9;0.9359605911330049;0.95652174949646;1.0;0.9134615384615384
3.25;0.4375;0.6824644549763033;0.6086956262588501;0.7;0.3589743589743589
3.25;0.65625;0.8274428274428274;0.7924528121948242;0.9545454545454546;0.7014388489208634
3.4;0.7692307692307693;0.8625592417061612;0.8695652484893799;1.0;0.7692307692307692
3.25;0.3448275862068966;0.6328125;0.5227272510528564;0.5128205128205128;0.3927648578811369
4.0;1.0;0.0;1.0;1.0;1.0
3.25;0.625;0.771186440677966;0.7307692170143127;0.7894736842105263;0.5702127659574467
3.9;0.75;0.8481675392670157;0.8253968358039856;0.9473684210526315;0.6566666666666667
3.75;0.8095238095238095;0.8899297423887588;0.8936170339584351;0.9444444444444444;0.847926267281106
3.9;0.5384615384615384;0.7775061124694377;0.739130437374115;0.7777777777777778;0.7699530516431925
3.7;0.625;0.788135593220339;0.7692307829856873;0.8333333333333334;0.616
4.25;0.7894736842105263;0.9361702127659575;0.9130434989929199;0.9375;0.9025641025641026
4.0;0.21428571428571427;0.4415584415584416;0.3529411554336548;0.42857142857142855;0.4367816091954023
4.25;0.0;0.0;0.0;0.0;0.0
2.25;0.13636363636363635;0.34513274336283184;0.2222222089767456;0.2727272727272727;0.4193548387096774
3.0;0.6470588235294118;0.7445255474452555;0.7333333492279053;0.9166666666666666;0.5294117647058824
0.0;0.0;0.2994652406417112;0.0;0.0;0.3660714285714286
3.45;0.2;0.35151515151515156;0.3333333134651184;0.3333333333333333;0.16049382716049387
3.45;0.42857142857142855;0.759825327510917;0.6363636255264282;0.6;0.7964601769911505
3.25;0.47058823529411764;0.6666666666666667;0.6399999856948853;0.7272727272727273;0.5985915492957746
0.0;0.14285714285714285;0.44171779141104295;0.3333333134651184;0.3333333333333333;0.41237113402061853
4.15;0.7083333333333334;0.8188679245283019;0.7931034564971924;0.85;0.7464285714285714
5.0;0.7954545454545454;0.9072164948453608;0.8888888955116272;0.8974358974358975;0.906801007556675
3.9;0.6666666666666666;0.7860869565217391;0.7936508059501648;0.9;0.7375
3.25;0.6956521739130435;0.7829977628635347;0.7755101919174194;0.9411764705882353;0.6717557251908397
1.45;0.07692307692307693;0.22058823529411764;0.1428571343421936;0.14285714285714285;0.32352941176470584
3.4;0.5238095238095238;0.6962457337883958;0.6875;0.6875;0.37241379310344824
3.25;0.5555555555555556;0.696078431372549;0.6363636255264282;0.8333333333333334;0.5503875968992248
0.0;0.0;0.18604651162790697;0.0;0.0;0.28846153846153844
1.25;0.1111111111111111;0.3314285714285714;0.19999998807907104;0.2;0.32558139534883723
4.3;0.8947368421052632;0.9552238805970149;0.9545454382896423;1.0;0.9134615384615384
3.7;0.5625;0.75;0.7407407760620117;0.8181818181818182;0.7388059701492538
3.25;0.6428571428571429;0.7866108786610879;0.8148148059844971;1.0;0.6785714285714286
3.95;0.45454545454545453;0.6163522012578616;0.5555555820465088;0.8333333333333334;0.4086021505376344
3.0;0.4166666666666667;0.6514285714285715;0.5405405759811401;0.7142857142857143;0.5700934579439252
5.0;0.45454545454545453;0.6888888888888889;0.5882352590560913;0.7142857142857143;0.34090909090909094
3.0;0.46153846153846156;0.7176470588235294;0.6666666269302368;0.8571428571428571;0.48062015503875966
3.4;0.5;0.6745098039215687;0.6666666269302368;1.0;0.5212121212121212
4.35;0.5833333333333334;0.7920792079207921;0.7272727489471436;0.875;0.6752136752136753
3.0;0.5652173913043478;0.6687306501547987;0.7027027010917664;0.8666666666666667;0.5927835051546392
3.0;0.2903225806451613;0.5787348586810228;0.42352938652038574;0.5;0.4
3.0;0.18518518518518517;0.4475524475524476;0.3030303120613098;0.4166666666666667;0.40697674418604646
3.0;0.3;0.5126050420168067;0.4615384340286255;0.46153846153846156;0.4049586776859504
3.25;0.25;0.4717948717948718;0.45454543828964233;0.5714285714285714;0.375
3.0;0.4482758620689655;0.6358974358974359;0.6222221851348877;0.8125;0.3775933609958506
2.5;0.28;0.5352112676056338;0.4375;0.5384615384615384;0.43975903614457834
3.0;0.5909090909090909;0.7635574837310195;0.7058823108673096;0.8125;0.6765799256505576
0.0;0.045454545454545456;0.24271844660194175;0.08695650100708008;0.09090909090909091;0.36190476190476195
4.0;0.3333333333333333;0.4814814814814815;0.5;0.5454545454545454;0.3008849557522124
3.9;0.4375;0.639269406392694;0.6086956262588501;0.7777777777777778;0.5378787878787878
4.5;0.6153846153846154;0.7593582887700535;0.761904776096344;0.8888888888888888;0.6952380952380952
3.4;0.4;0.6176470588235294;0.5454545021057129;0.6666666666666666;0.5
4.25;0.7777777777777778;0.8533333333333333;0.875;0.875;0.7534246575342466
3.45;0.7222222222222222;0.8280701754385965;0.8387097120285034;0.8666666666666667;0.8200000000000001
4.0;0.6;0.7343283582089553;0.6666666269302368;0.75;0.6978021978021978
4.4;0.7142857142857143;0.8440366972477065;0.8333333134651184;0.8333333333333334;0.897196261682243
4.4;0.75;0.9049773755656109;0.8799999952316284;0.9;0.8938053097345133
3.25;0.6153846153846154;0.7128712871287128;0.7272727489471436;0.8888888888888888;0.641025641025641
3.0;0.5;0.6923076923076923;0.699999988079071;1.0;0.5344827586206897
2.5;0.15789473684210525;0.48275862068965514;0.27272725105285645;0.2727272727272727;0.5384615384615384
3.45;0.5833333333333334;0.7802197802197802;0.699999988079071;0.7777777777777778;0.7653061224489796
2.75;0.2857142857142857;0.5737051792828685;0.41379308700561523;0.46153846153846156;0.582089552238806
4.9;0.7073170731707317;0.8508124076809453;0.8311688303947449;0.8787878787878788;0.8328611898016998
4.0;0.25862068965517243;0.5500705218617772;0.3999999761581421;0.4166666666666667;0.4420485175202157
4.9;1.0;0.9556650246305418;0.95652174949646;1.0;0.9134615384615384
3.9;0.6;0.7873563218390804;0.7894736528396606;0.8;0.7717391304347826
4.9;0.45454545454545453;0.8;0.699999988079071;0.625;0.75
3.9;0.4375;0.6390041493775933;0.5833333730697632;0.6363636363636364;0.6176470588235294
1.75;0.26666666666666666;0.4497041420118343;0.42105263471603394;0.6666666666666666;0.3275862068965517
4.0;0.6363636363636364;0.7380952380952381;0.7777777910232544;0.875;0.5274725274725275
5.0;0.8;0.9;0.8888888955116272;0.8888888888888888;0.9358974358974359
4.25;0.35714285714285715;0.5647058823529412;0.5263158082962036;0.625;0.5869565217391304
3.4;0.7647058823529411;0.8895184135977338;0.8717948794364929;0.9285714285714286;0.8994413407821229
3.25;0.17647058823529413;0.5161290322580645;0.30000001192092896;0.3;0.5
3.0;0.23636363636363636;0.5105691056910568;0.3661971688270569;0.4482758620689655;0.38655462184873945
2.75;0.2692307692307692;0.5503355704697986;0.45714282989501953;0.4375;0.5548387096774193
2.5;0.0;0.1333333333333333;0.0;0.0;0.2471910112359551
3.25;0.75;0.8509485094850948;0.8095238208770752;0.8823529411764706;0.8465608465608465
2.5;0.3793103448275862;0.6572528883183568;0.5617977380752563;0.5945945945945946;0.38072289156626504
0.0;0.07407407407407407;0.3046875;0.13793104887008667;0.14285714285714285;0.3893129770992366
3.25;0.7272727272727273;0.837696335078534;0.8571428656578064;1.0;0.7476635514018692
4.25;0.6666666666666666;0.729559748427673;0.800000011920929;0.8571428571428571;0.7804878048780488
3.75;0.7;0.8280254777070064;0.8235294222831726;1.0;0.7
3.9;0.6;0.7023809523809523;0.75;0.75;0.7362637362637363
4.5;0.6;0.8235294117647058;0.75;0.75;0.8333333333333334
3.4;0.6785714285714286;0.7715231788079471;0.7575757503509521;0.95;0.6410958904109589
4.25;0.75;0.8601036269430051;0.8571428656578064;0.9;0.7676767676767677
0.0;0.08695652173913043;0.4347826086956522;0.2142857313156128;0.18181818181818182;0.4225352112676056
4.25;0.75;0.9304347826086956;0.8799999952316284;0.9;0.9292035398230089
2.9;0.24;0.5078534031413613;0.476190447807312;0.6666666666666666;0.3893129770992366
1.75;0.08695652173913043;0.2716049382716049;0.1538461446762085;0.18181818181818182;0.34285714285714286
2.75;0.2631578947368421;0.4661016949152542;0.3999999761581421;0.45454545454545453;0.373015873015873
4.75;0.6428571428571429;0.8064516129032258;0.782608687877655;0.8181818181818182;0.7301587301587302
3.9;0.5;0.6730769230769231;0.6451612710952759;0.7142857142857143;0.7232704402515724
3.5;0.5454545454545454;0.7921348314606742;0.75;0.75;0.8108108108108107
3.45;0.4583333333333333;0.6629834254143646;0.6000000238418579;0.6470588235294118;0.6582914572864322
3.75;0.5833333333333334;0.7209302325581395;0.7368420958518982;1.0;0.6
4.75;0.4117647058823529;0.6171003717472119;0.6206896305084229;0.7;0.4013157894736842
4.25;0.7272727272727273;0.837696335078534;0.8571428656578064;1.0;0.7476635514018692
3.25;0.4666666666666667;0.6276346604215457;0.5957446694374084;0.8235294117647058;0.5278810408921932
3.9;0.8275862068965517;0.8674351585014409;0.8684210777282715;0.96;0.7885117493472584
4.2;0.21428571428571427;0.40268456375838924;0.3529411554336548;0.375;0.4605263157894737
4.25;1.0;0.0;NaN;1.0;1.0
3.4;0.3181818181818182;0.531986531986532;0.4848484992980957;0.6363636363636364;0.5133689839572193
2.75;0.3333333333333333;0.5754716981132075;0.45454543828964233;0.5555555555555556;0.6509433962264151
2.0;0.4117647058823529;0.6169491525423729;0.5454545021057129;0.7;0.6026490066225165
1.65;0.0;0.1693121693121693;0.0;0.0;0.3252032520325203
2.75;0.24;0.5209003215434084;0.3768116235733032;0.5;0.41145833333333337
3.5;0.6428571428571429;0.7867298578199052;0.782608687877655;0.8181818181818182;0.6944444444444444
3.0;0.3225806451612903;0.45965770171149145;0.4444444179534912;0.9090909090909091;0.30819672131147546
3.9;0.6;0.7023809523809523;0.75;0.8571428571428571;0.6219512195121951
3.25;0.7142857142857143;0.797427652733119;0.8108108043670654;0.9375;0.7005649717514124
4.0;1.0;0.9772727272727273;1.0;1.0;0.8604651162790697
3.9;0.46153846153846156;0.6308724832214765;0.5833333730697632;0.6666666666666666;0.5265486725663717
3.95;0.5714285714285714;0.7542372881355932;0.7692307829856873;1.0;0.6223776223776224
2.75;0.4;0.5425867507886435;0.514285683631897;0.8;0.43255813953488376
3.0;0.5925925925925926;0.6728971962616823;0.6800000071525574;0.9411764705882353;0.5144927536231885
2.5;0.35294117647058826;0.5794392523364487;0.52173912525177;0.5454545454545454;0.5315315315315315
3.0;0.5;0.6778242677824268;0.6399999856948853;0.8888888888888888;0.5774647887323944
2.5;0.21739130434782608;0.3943661971830986;0.3492063283920288;0.7692307692307693;0.273972602739726
2.75;0.35;0.6637554585152838;0.5185185074806213;0.5833333333333334;0.6942148760330579
2.75;0.10526315789473684;0.22857142857142854;0.17391306161880493;0.25;0.3307086614173228
4.5;0.9090909090909091;0.9072164948453608;0.9090908765792847;1.0;0.8269230769230769
3.9;0.6666666666666666;0.76;0.800000011920929;0.8571428571428571;0.6712328767123288
3.4;0.45454545454545453;0.7;0.5555555820465088;0.7142857142857143;0.6808510638297872
4.0;0.6363636363636364;0.8414634146341463;0.7777777910232544;0.7777777777777778;0.7
4.85;0.9545454545454546;0.9463220675944334;0.95652174949646;1.0;0.8973384030418251
0.0;0.0625;0.26582278481012656;0.11764705181121826;0.14285714285714285;0.3666666666666667
4.9;0.875;0.9491525423728814;0.9333333373069763;1.0;0.9010989010989011
3.5;0.3333333333333333;0.5435897435897437;0.476190447807312;0.5555555555555556;0.54
3.25;0.3684210526315789;0.5808823529411764;0.5185185074806213;0.5833333333333334;0.5220588235294117
1.25;0.0625;0.2941176470588235;0.1111111044883728;0.125;0.3655913978494624
3.15;0.4090909090909091;0.6253869969040248;0.6111111044883728;0.8181818181818182;0.52
