Human;WBSM Lin None;WBSM Lin Default;WBSM Lin BIOSSES;WBSM Lin Blagec;WBSM Cai None;WBSM Cai Default;WBSM Cai BIOSSES;WBSM Cai Blagec;WBSM Resnik None;WBSM Resnik Default;WBSM Resnik BIOSSES;WBSM Resnik Blagec;WBSM WuPalmerFast None;WBSM WuPalmerFast Default;WBSM WuPalmerFast BIOSSES;WBSM WuPalmerFast Blagec;WBSM JiangConrath None;WBSM JiangConrath Default;WBSM JiangConrath BIOSSES;WBSM JiangConrath Blagec;WBSM CosineNormJiangConrath None;WBSM CosineNormJiangConrath Default;WBSM CosineNormJiangConrath BIOSSES;WBSM CosineNormJiangConrath Blagec
2.6666666666666665;0.4181210050035454;0.3903600291794133;0.3903600291794133;0.3903600291794133;0.4181210050035454;0.3903600291794133;0.3903600291794133;0.3903600291794133;0.4181210050035454;0.3903600291794133;0.3903600291794133;0.3903600291794133;0.7119666788018509;0.7559289460184545;0.7559289460184545;0.7559289460184545;0.7119666788018509;0.7559289460184545;0.7559289460184545;0.7559289460184545;0.4181210050035454;0.3903600291794133;0.3903600291794133;0.3903600291794133
1.3333333333333333;0.2585438449975096;0.13245323570650439;0.13245323570650439;0.13245323570650439;0.2585438449975096;0.13245323570650439;0.13245323570650439;0.13245323570650439;0.2585438449975096;0.13245323570650439;0.13245323570650439;0.13245323570650439;0.5574625234898724;0.5181991426446977;0.5181991426446977;0.5181991426446977;0.5533167449931867;0.512989176042577;0.512989176042577;0.512989176042577;0.2585438449975096;0.13245323570650439;0.13245323570650439;0.13245323570650439
4.0;0.33371190623595726;0.3077935056255462;0.3077935056255462;0.3077935056255462;0.33371190623595726;0.3077935056255462;0.3077935056255462;0.3077935056255462;0.33371190623595726;0.3077935056255462;0.3077935056255462;0.3077935056255462;0.6851515883976785;0.6881445113564779;0.6881445113564779;0.6881445113564779;0.6822882392210131;0.6849495194215732;0.6849495194215732;0.6849495194215732;0.33371190623595726;0.3077935056255462;0.3077935056255462;0.3077935056255462
2.6666666666666665;0.3344968040028363;0.28603877677367767;0.28603877677367767;0.28603877677367767;0.3344968040028363;0.28603877677367767;0.28603877677367767;0.28603877677367767;0.3344968040028363;0.28603877677367767;0.28603877677367767;0.28603877677367767;0.6944055762681678;0.7181645746567549;0.7181645746567549;0.7181645746567549;0.6908492797077574;0.7147416898918633;0.7147416898918633;0.7147416898918633;0.3344968040028363;0.28603877677367767;0.28603877677367767;0.28603877677367767
2.6666666666666665;0.3019405424385589;0.2558408596267325;0.2558408596267325;0.2558408596267325;0.3019405424385589;0.2558408596267325;0.2558408596267325;0.2558408596267325;0.3019405424385589;0.2558408596267325;0.2558408596267325;0.2558408596267325;0.6375355777548621;0.6600983619844495;0.6600983619844495;0.6600983619844495;0.6375355777548621;0.6600983619844495;0.6600983619844495;0.6600983619844495;0.3019405424385589;0.2558408596267325;0.2558408596267325;0.2558408596267325
1.6666666666666667;0.3912927904356147;0.24343224778007383;0.24343224778007383;0.24343224778007383;0.3912927904356147;0.24343224778007383;0.24343224778007383;0.24343224778007383;0.3912927904356147;0.24343224778007383;0.24343224778007383;0.24343224778007383;0.7548513560963972;0.7112867591590193;0.7112867591590193;0.7112867591590193;0.7548513560963972;0.7112867591590193;0.7112867591590193;0.7112867591590193;0.3912927904356147;0.24343224778007383;0.24343224778007383;0.24343224778007383
2.3333333333333335;0.429197537639476;0.4036036763977875;0.4036036763977875;0.4036036763977875;0.429197537639476;0.4036036763977875;0.4036036763977875;0.4036036763977875;0.429197537639476;0.4036036763977875;0.4036036763977875;0.4036036763977875;0.5965587590013045;0.5892556509887896;0.5892556509887896;0.5892556509887896;0.5965587590013045;0.5892556509887896;0.5892556509887896;0.5892556509887896;0.429197537639476;0.4036036763977875;0.4036036763977875;0.4036036763977875
1.0;0.20025046972870353;0.17149858514250885;0.17149858514250885;0.17149858514250885;0.20025046972870353;0.17149858514250885;0.17149858514250885;0.17149858514250885;0.20025046972870353;0.17149858514250885;0.17149858514250885;0.17149858514250885;0.5307227776030219;0.5813776741499453;0.5813776741499453;0.5813776741499453;0.5307227776030219;0.5813776741499453;0.5813776741499453;0.5813776741499453;0.20025046972870353;0.17149858514250885;0.17149858514250885;0.17149858514250885
1.6666666666666667;0.4466625002869187;0.4626519455729923;0.4626519455729923;0.4626519455729923;0.4466625002869187;0.4626519455729923;0.4626519455729923;0.4626519455729923;0.4466625002869187;0.4626519455729923;0.4626519455729923;0.4626519455729923;0.7115124735378853;0.7648661601319408;0.7648661601319408;0.7648661601319408;0.7115124735378853;0.7648661601319408;0.7648661601319408;0.7648661601319408;0.4466625002869187;0.4626519455729923;0.4626519455729923;0.4626519455729923
3.0;0.36514837167011077;0.3450327796711771;0.3450327796711771;0.3450327796711771;0.36514837167011077;0.3450327796711771;0.3450327796711771;0.3450327796711771;0.36514837167011077;0.3450327796711771;0.3450327796711771;0.3450327796711771;0.6508140266182865;0.7029594915666377;0.7029594915666377;0.7029594915666377;0.6508140266182865;0.7029594915666377;0.7029594915666377;0.7029594915666377;0.36514837167011077;0.3450327796711771;0.3450327796711771;0.3450327796711771
1.6666666666666667;0.3227486121839514;0.2760262237369417;0.2760262237369417;0.2760262237369417;0.3227486121839514;0.2760262237369417;0.2760262237369417;0.2760262237369417;0.3227486121839514;0.2760262237369417;0.2760262237369417;0.2760262237369417;0.7008766440504623;0.6851601597031488;0.6851601597031488;0.6851601597031488;0.7008766440504623;0.6851601597031488;0.6851601597031488;0.6851601597031488;0.3227486121839514;0.2760262237369417;0.2760262237369417;0.2760262237369417
1.3333333333333333;0.25;0.2253744679276044;0.2253744679276044;0.2253744679276044;0.25;0.2253744679276044;0.2253744679276044;0.2253744679276044;0.25;0.2253744679276044;0.2253744679276044;0.2253744679276044;0.5397956190493098;0.5813776741499453;0.5813776741499453;0.5813776741499453;0.5397956190493098;0.5813776741499453;0.5813776741499453;0.5813776741499453;0.25;0.2253744679276044;0.2253744679276044;0.2253744679276044
1.3333333333333333;0.31265269974036125;0.214422506967559;0.214422506967559;0.214422506967559;0.31265269974036125;0.214422506967559;0.214422506967559;0.214422506967559;0.31265269974036125;0.214422506967559;0.214422506967559;0.214422506967559;0.6682088467488768;0.632126727471794;0.632126727471794;0.632126727471794;0.666717477738473;0.6301961180038697;0.6301961180038697;0.6301961180038697;0.31265269974036125;0.214422506967559;0.214422506967559;0.214422506967559
1.0;0.21320071635561047;0.16609095970747995;0.16609095970747995;0.16609095970747995;0.21320071635561047;0.16609095970747995;0.16609095970747995;0.16609095970747995;0.21320071635561047;0.16609095970747995;0.16609095970747995;0.16609095970747995;0.5405544370625545;0.5474387739175928;0.5474387739175928;0.5474387739175928;0.5393598899705937;0.5459208336840117;0.5459208336840117;0.5459208336840117;0.21320071635561047;0.16609095970747995;0.16609095970747995;0.16609095970747995
1.6666666666666667;0.2809757434745082;0.22360679774997896;0.22360679774997896;0.22360679774997896;0.2809757434745082;0.22360679774997896;0.22360679774997896;0.22360679774997896;0.2809757434745082;0.22360679774997896;0.22360679774997896;0.22360679774997896;0.5078333750770081;0.5;0.5;0.5;0.5078333750770081;0.5;0.5;0.5;0.2809757434745082;0.22360679774997896;0.22360679774997896;0.22360679774997896
2.3333333333333335;0.31578947368421045;0.30316953129541624;0.30316953129541624;0.30316953129541624;0.31578947368421045;0.30316953129541624;0.30316953129541624;0.30316953129541624;0.31578947368421045;0.30316953129541624;0.30316953129541624;0.30316953129541624;0.5779204918167031;0.6007514091861106;0.6007514091861106;0.6007514091861106;0.5779204918167031;0.6007514091861106;0.6007514091861106;0.6007514091861106;0.31578947368421045;0.30316953129541624;0.30316953129541624;0.30316953129541624
3.0;0.4214636152117623;0.3796283011826483;0.3796283011826483;0.3796283011826483;0.4214636152117623;0.3796283011826483;0.3796283011826483;0.3796283011826483;0.4214636152117623;0.3796283011826483;0.3796283011826483;0.3796283011826483;0.64;0.6370220572706062;0.6370220572706062;0.6370220572706062;0.64;0.6370220572706062;0.6370220572706062;0.6370220572706062;0.4214636152117623;0.3796283011826483;0.3796283011826483;0.3796283011826483
2.3333333333333335;0.2405626121623441;0.16770509831248423;0.16770509831248423;0.16770509831248423;0.2405626121623441;0.16770509831248423;0.16770509831248423;0.16770509831248423;0.2405626121623441;0.16770509831248423;0.16770509831248423;0.16770509831248423;0.6296296296296297;0.6255432421712243;0.6255432421712243;0.6255432421712243;0.6296296296296297;0.6255432421712243;0.6255432421712243;0.6255432421712243;0.2405626121623441;0.16770509831248423;0.16770509831248423;0.16770509831248423
3.0;0.2727723627949905;0.24209101306752098;0.24209101306752098;0.24209101306752098;0.2727723627949905;0.24209101306752098;0.24209101306752098;0.24209101306752098;0.2727723627949905;0.24209101306752098;0.24209101306752098;0.24209101306752098;0.7580980435789035;0.7769677791040542;0.7769677791040542;0.7769677791040542;0.7580980435789035;0.7769677791040542;0.7769677791040542;0.7769677791040542;0.2727723627949905;0.24209101306752098;0.24209101306752098;0.24209101306752098
1.6666666666666667;0.3668705402807886;0.26943012562182533;0.26943012562182533;0.26943012562182533;0.3668705402807886;0.26943012562182533;0.26943012562182533;0.26943012562182533;0.3668705402807886;0.26943012562182533;0.26943012562182533;0.26943012562182533;0.6933949711814645;0.6567895774291854;0.6567895774291854;0.6567895774291854;0.6933949711814645;0.6567895774291854;0.6567895774291854;0.6567895774291854;0.3668705402807886;0.26943012562182533;0.26943012562182533;0.26943012562182533
3.0;0.47140452079103173;0.41702882811414954;0.41702882811414954;0.41702882811414954;0.47140452079103173;0.41702882811414954;0.41702882811414954;0.41702882811414954;0.47140452079103173;0.41702882811414954;0.41702882811414954;0.41702882811414954;0.7092993656151906;0.6847367880174607;0.6847367880174607;0.6847367880174607;0.7092993656151906;0.6847367880174607;0.6847367880174607;0.6847367880174607;0.47140452079103173;0.41702882811414954;0.41702882811414954;0.41702882811414954
2.6666666666666665;0.1873171623163388;0.15430334996209194;0.15430334996209194;0.15430334996209194;0.1873171623163388;0.15430334996209194;0.15430334996209194;0.15430334996209194;0.1873171623163388;0.15430334996209194;0.15430334996209194;0.15430334996209194;0.4750845494789375;0.5039526306789697;0.5039526306789697;0.5039526306789697;0.4750845494789375;0.5039526306789697;0.5039526306789697;0.5039526306789697;0.1873171623163388;0.15430334996209194;0.15430334996209194;0.15430334996209194
1.6666666666666667;0.15789473684210523;0.1143323900950059;0.1143323900950059;0.1143323900950059;0.15789473684210523;0.1143323900950059;0.1143323900950059;0.1143323900950059;0.15789473684210523;0.1143323900950059;0.1143323900950059;0.1143323900950059;0.445435403187374;0.4662524041201569;0.4662524041201569;0.4662524041201569;0.445435403187374;0.4662524041201569;0.4662524041201569;0.4662524041201569;0.15789473684210523;0.1143323900950059;0.1143323900950059;0.1143323900950059
3.0;0.3441236008058426;0.3279680246763151;0.3279680246763151;0.3279680246763151;0.3441236008058426;0.3279680246763151;0.3279680246763151;0.3279680246763151;0.3441236008058426;0.3279680246763151;0.3279680246763151;0.3279680246763151;0.5669467095138409;0.5855400437691199;0.5855400437691199;0.5855400437691199;0.5669467095138409;0.5855400437691199;0.5855400437691199;0.5855400437691199;0.3441236008058426;0.3279680246763151;0.3279680246763151;0.3279680246763151
2.6666666666666665;0.48989794855663565;0.47836487323493987;0.47836487323493987;0.47836487323493987;0.48989794855663565;0.47836487323493987;0.47836487323493987;0.47836487323493987;0.48989794855663565;0.47836487323493987;0.47836487323493987;0.47836487323493987;0.6546536707079771;0.6672461249826392;0.6672461249826392;0.6672461249826392;0.6546536707079771;0.6672461249826392;0.6672461249826392;0.6672461249826392;0.48989794855663565;0.47836487323493987;0.47836487323493987;0.47836487323493987
2.6666666666666665;0.4743416490252569;0.44095855184409843;0.44095855184409843;0.44095855184409843;0.4743416490252569;0.44095855184409843;0.44095855184409843;0.44095855184409843;0.4743416490252569;0.44095855184409843;0.44095855184409843;0.44095855184409843;0.6513389472789296;0.6507913734559685;0.6507913734559685;0.6507913734559685;0.6513389472789296;0.6507913734559685;0.6507913734559685;0.6507913734559685;0.4743416490252569;0.44095855184409843;0.44095855184409843;0.44095855184409843
2.0;0.48666426339228763;0.40201512610368484;0.40201512610368484;0.40201512610368484;0.48666426339228763;0.40201512610368484;0.40201512610368484;0.40201512610368484;0.48666426339228763;0.40201512610368484;0.40201512610368484;0.40201512610368484;0.674199862463242;0.6374552583116766;0.659231724180059;0.659231724180059;0.674199862463242;0.6374552583116766;0.659231724180059;0.659231724180059;0.48666426339228763;0.40201512610368484;0.40201512610368484;0.40201512610368484
2.0;0.23782574707724707;0.1734944795898721;0.1734944795898721;0.1734944795898721;0.23782574707724707;0.1734944795898721;0.1734944795898721;0.1734944795898721;0.23782574707724707;0.1734944795898721;0.1734944795898721;0.1734944795898721;0.6191034846198453;0.6564879518897745;0.6564879518897745;0.6564879518897745;0.6191034846198453;0.6564879518897745;0.6564879518897745;0.6564879518897745;0.23782574707724707;0.1734944795898721;0.1734944795898721;0.1734944795898721
2.6666666666666665;0.5918640302493726;0.593855686848672;0.593855686848672;0.593855686848672;0.5918640302493726;0.593855686848672;0.593855686848672;0.593855686848672;0.5918640302493726;0.593855686848672;0.593855686848672;0.593855686848672;0.7607257743127307;0.8040302522073696;0.8040302522073696;0.8040302522073696;0.7607257743127307;0.8040302522073696;0.8040302522073696;0.8040302522073696;0.5918640302493726;0.593855686848672;0.593855686848672;0.593855686848672
1.0;0.37083853954364815;0.3734080224074693;0.3734080224074693;0.3734080224074693;0.37083853954364815;0.3734080224074693;0.3734080224074693;0.3734080224074693;0.37083853954364815;0.3734080224074693;0.3734080224074693;0.3734080224074693;0.5893689584893059;0.6425396041156863;0.6425396041156863;0.6425396041156863;0.5893689584893059;0.6425396041156863;0.6425396041156863;0.6425396041156863;0.37083853954364815;0.3734080224074693;0.3734080224074693;0.3734080224074693
3.0;0.23918243661746993;0.1690308509457033;0.1690308509457033;0.1690308509457033;0.23918243661746993;0.1690308509457033;0.1690308509457033;0.1690308509457033;0.23918243661746993;0.1690308509457033;0.1690308509457033;0.1690308509457033;0.6825001477017446;0.6888747637021416;0.6888747637021416;0.6888747637021416;0.6825001477017446;0.6888747637021416;0.6888747637021416;0.6888747637021416;0.23918243661746993;0.1690308509457033;0.1690308509457033;0.1690308509457033
3.0;0.2513123449750173;0.23112508176051216;0.22271770159368698;0.22271770159368698;0.2513123449750173;0.23112508176051216;0.22271770159368698;0.22271770159368698;0.2513123449750173;0.23112508176051216;0.22271770159368698;0.22271770159368698;0.4974683381630911;0.5306686305052324;0.5388159060803247;0.5388159060803247;0.4974683381630911;0.5306686305052324;0.5388159060803247;0.5388159060803247;0.2513123449750173;0.23112508176051216;0.22271770159368698;0.22271770159368698
1.0;0.24722569302909875;0.23782574707724707;0.2291746242570528;0.2291746242570528;0.24722569302909875;0.23782574707724707;0.2291746242570528;0.2291746242570528;0.24722569302909875;0.23782574707724707;0.2291746242570528;0.2291746242570528;0.5635445125120265;0.6207522318391883;0.6266795614405122;0.6266795614405122;0.5635445125120265;0.6207522318391883;0.6266795614405122;0.6266795614405122;0.24722569302909875;0.23782574707724707;0.2291746242570528;0.2291746242570528
2.0;0.23570226039551587;0.17039954414774927;0.16638958140993046;0.16638958140993046;0.23570226039551587;0.17039954414774927;0.16638958140993046;0.16638958140993046;0.23570226039551587;0.17039954414774927;0.16638958140993046;0.16638958140993046;0.5572361522550865;0.5646597025732799;0.5527707983925666;0.5527707983925666;0.5572361522550865;0.5646597025732799;0.5527707983925666;0.5527707983925666;0.23570226039551587;0.17039954414774927;0.16638958140993046;0.16638958140993046
2.0;0.4296689244236597;0.4085297439895141;0.4085297439895141;0.4085297439895141;0.4296689244236597;0.4085297439895141;0.4085297439895141;0.4085297439895141;0.4296689244236597;0.4085297439895141;0.4085297439895141;0.4085297439895141;0.8119979429411501;0.806801581908253;0.806801581908253;0.806801581908253;0.8119979429411501;0.806801581908253;0.806801581908253;0.806801581908253;0.4296689244236597;0.4085297439895141;0.4085297439895141;0.4085297439895141
0.0;0.15512630699850574;0.06537204504606135;0.062017367294604234;0.062017367294604234;0.15512630699850574;0.06537204504606135;0.062017367294604234;0.062017367294604234;0.15512630699850574;0.06537204504606135;0.062017367294604234;0.062017367294604234;0.5640760748177662;0.5740378478819278;0.5848976518656018;0.5848976518656018;0.5640760748177662;0.5740378478819278;0.5848976518656018;0.5848976518656018;0.15512630699850574;0.06537204504606135;0.062017367294604234;0.062017367294604234
1.3333333333333333;0.16903085094570328;0.14433756729740646;0.13764944032233706;0.13764944032233706;0.16903085094570328;0.14433756729740646;0.13764944032233706;0.13764944032233706;0.16903085094570328;0.14433756729740646;0.13764944032233706;0.13764944032233706;0.583383351196948;0.608697642933518;0.6109598099719177;0.6109598099719177;0.583383351196948;0.608697642933518;0.6109598099719177;0.6109598099719177;0.16903085094570328;0.14433756729740646;0.13764944032233706;0.13764944032233706
2.3333333333333335;0.2766992952647332;0.22271770159368698;0.21884405476620428;0.21884405476620428;0.2766992952647332;0.22271770159368698;0.21884405476620428;0.21884405476620428;0.2766992952647332;0.22271770159368698;0.21884405476620428;0.21884405476620428;0.7182788531634389;0.7217761317151776;0.7113903221693352;0.7113903221693352;0.7169241683455054;0.7201579347479219;0.7097954098256227;0.7097954098256227;0.2766992952647332;0.22271770159368698;0.21884405476620428;0.21884405476620428
0.3333333333333333;0.11322770341445959;0.12573892269238632;0.12573892269238632;0.12573892269238632;0.11322770341445959;0.12573892269238632;0.12573892269238632;0.12573892269238632;0.11322770341445959;0.12573892269238632;0.12573892269238632;0.12573892269238632;0.7115555919594815;0.756978119245116;0.756978119245116;0.756978119245116;0.7115555919594815;0.756978119245116;0.756978119245116;0.756978119245116;0.11322770341445959;0.12573892269238632;0.12573892269238632;0.12573892269238632
1.0;0.372677996249965;0.29957234475763905;0.32824397594488725;0.32824397594488725;0.372677996249965;0.29957234475763905;0.32824397594488725;0.32824397594488725;0.372677996249965;0.29957234475763905;0.32824397594488725;0.32824397594488725;0.7265477421488705;0.7111590022187595;0.7201579347479219;0.7201579347479219;0.7265477421488705;0.7111590022187595;0.7201579347479219;0.7201579347479219;0.372677996249965;0.29957234475763905;0.32824397594488725;0.32824397594488725
3.0;0.4107919181288745;0.40406101782088427;0.3970333335883721;0.3970333335883721;0.4107919181288745;0.40406101782088427;0.3970333335883721;0.3970333335883721;0.4107919181288745;0.40406101782088427;0.3970333335883721;0.3970333335883721;0.6963106238227914;0.7201931413999583;0.7080881928749334;0.7080881928749334;0.6963106238227914;0.7201931413999583;0.7080881928749334;0.7080881928749334;0.4107919181288745;0.40406101782088427;0.3970333335883721;0.3970333335883721
2.0;0.32325409191761795;0.26648544566940835;0.26648544566940835;0.26648544566940835;0.32325409191761795;0.26648544566940835;0.26648544566940835;0.26648544566940835;0.32325409191761795;0.26648544566940835;0.26648544566940835;0.26648544566940835;0.716541006105731;0.7431505414602935;0.7431505414602935;0.7431505414602935;0.716541006105731;0.7431505414602935;0.7431505414602935;0.7431505414602935;0.32325409191761795;0.26648544566940835;0.26648544566940835;0.26648544566940835
1.0;0.36514837167011066;0.2680281337094487;0.2680281337094487;0.2680281337094487;0.36514837167011066;0.2680281337094487;0.2680281337094487;0.2680281337094487;0.36514837167011066;0.2680281337094487;0.2680281337094487;0.2680281337094487;0.5938156952201644;0.5445100807792042;0.5445100807792042;0.5445100807792042;0.5938156952201644;0.5445100807792042;0.5445100807792042;0.5445100807792042;0.36514837167011066;0.2680281337094487;0.2680281337094487;0.2680281337094487
1.3333333333333333;0.23145502494313785;0.21320071635561041;0.21320071635561041;0.21320071635561041;0.23145502494313785;0.21320071635561041;0.21320071635561041;0.21320071635561041;0.23145502494313785;0.21320071635561041;0.21320071635561041;0.21320071635561041;0.6928203230275508;0.7145752309013801;0.7326750130471963;0.7326750130471963;0.6928203230275508;0.7145752309013801;0.7326750130471963;0.7326750130471963;0.23145502494313785;0.21320071635561041;0.21320071635561041;0.21320071635561041
1.6666666666666667;0.2810913475705226;0.16357216402190616;0.16357216402190616;0.16357216402190616;0.2810913475705226;0.16357216402190616;0.16357216402190616;0.16357216402190616;0.2810913475705226;0.16357216402190616;0.16357216402190616;0.16357216402190616;0.6766649524509584;0.6573757351339165;0.6573757351339165;0.6573757351339165;0.6766649524509584;0.6573757351339165;0.6573757351339165;0.6573757351339165;0.2810913475705226;0.16357216402190616;0.16357216402190616;0.16357216402190616
0.6666666666666666;0.2916666666666667;0.15152288168283162;0.15152288168283162;0.15152288168283162;0.2916666666666667;0.15152288168283162;0.15152288168283162;0.15152288168283162;0.2916666666666667;0.15152288168283162;0.15152288168283162;0.15152288168283162;0.7400937304620143;0.70610876274229;0.70610876274229;0.70610876274229;0.7381732441968657;0.7035264706814485;0.7035264706814485;0.7035264706814485;0.2916666666666667;0.15152288168283162;0.15152288168283162;0.15152288168283162
1.3333333333333333;0.5262348115842176;0.4779521193992432;0.4719399037242694;0.4719399037242694;0.5262348115842176;0.4779521193992432;0.4719399037242694;0.4719399037242694;0.5262348115842176;0.4779521193992432;0.4719399037242694;0.4719399037242694;0.7178569686580889;0.7042952122737638;0.7121283463642097;0.7121283463642097;0.7178569686580889;0.7042952122737638;0.7121283463642097;0.7121283463642097;0.5262348115842176;0.4779521193992432;0.4719399037242694;0.4719399037242694
2.0;0.4057984286223453;0.32954102182865386;0.3253956867279842;0.3253956867279842;0.4057984286223453;0.32954102182865386;0.3253956867279842;0.3253956867279842;0.4057984286223453;0.32954102182865386;0.3253956867279842;0.3253956867279842;0.7254233709051519;0.7035623639735143;0.7097208632298361;0.7097208632298361;0.7254233709051519;0.7035623639735143;0.7097208632298361;0.7097208632298361;0.4057984286223453;0.32954102182865386;0.3253956867279842;0.3253956867279842
2.0;0.3530939318018998;0.3006688971514774;0.3006688971514774;0.3006688971514774;0.3530939318018998;0.3006688971514774;0.3006688971514774;0.3006688971514774;0.3530939318018998;0.3006688971514774;0.3006688971514774;0.3006688971514774;0.741994688181925;0.7581297814690037;0.7581297814690037;0.7581297814690037;0.741994688181925;0.7581297814690037;0.7581297814690037;0.7581297814690037;0.3530939318018998;0.3006688971514774;0.3006688971514774;0.3006688971514774
0.6666666666666666;0.17541160386140586;0.15430334996209194;0.15430334996209194;0.15430334996209194;0.17541160386140586;0.15430334996209194;0.15430334996209194;0.15430334996209194;0.17541160386140586;0.15430334996209194;0.15430334996209194;0.15430334996209194;0.5263968047576973;0.5604485383178051;0.5604485383178051;0.5604485383178051;0.5263968047576973;0.5604485383178051;0.5604485383178051;0.5604485383178051;0.17541160386140586;0.15430334996209194;0.15430334996209194;0.15430334996209194
3.0;0.5032599119588452;0.46709936649691375;0.46709936649691375;0.46709936649691375;0.5032599119588452;0.46709936649691375;0.46709936649691375;0.46709936649691375;0.5032599119588452;0.46709936649691375;0.46709936649691375;0.46709936649691375;0.7328762498819537;0.7264829345013957;0.7264829345013957;0.7264829345013957;0.731310340973526;0.7248824356090754;0.7248824356090754;0.7248824356090754;0.5032599119588452;0.46709936649691375;0.46709936649691375;0.46709936649691375
3.0;0.3328201177351375;0.3077287274483318;0.3077287274483318;0.3077287274483318;0.3328201177351375;0.3077287274483318;0.3077287274483318;0.3077287274483318;0.3328201177351375;0.3077287274483318;0.3077287274483318;0.3077287274483318;0.7487048859271456;0.7675225788801975;0.7675225788801975;0.7675225788801975;0.7487048859271456;0.7675225788801975;0.7675225788801975;0.7675225788801975;0.3328201177351375;0.3077287274483318;0.3077287274483318;0.3077287274483318
1.3333333333333333;0.3287979746107146;0.25979436665882194;0.25979436665882194;0.25979436665882194;0.3287979746107146;0.25979436665882194;0.25979436665882194;0.25979436665882194;0.3287979746107146;0.25979436665882194;0.25979436665882194;0.25979436665882194;0.7205107927499322;0.7068454221751479;0.7068454221751479;0.7068454221751479;0.7205107927499322;0.7068454221751479;0.7068454221751479;0.7068454221751479;0.3287979746107146;0.25979436665882194;0.25979436665882194;0.25979436665882194
2.0;0.4543694673976518;0.4036036763977875;0.3960590171906697;0.3960590171906697;0.4543694673976518;0.4036036763977875;0.3960590171906697;0.3960590171906697;0.4543694673976518;0.4036036763977875;0.3960590171906697;0.3960590171906697;0.7517493868524993;0.7548398491282626;0.7445694406464904;0.7445694406464904;0.7517493868524993;0.7548398491282626;0.7445694406464904;0.7445694406464904;0.4543694673976518;0.4036036763977875;0.3960590171906697;0.3960590171906697
2.0;0.31426968052735443;0.2667325346846322;0.2667325346846322;0.2667325346846322;0.31426968052735443;0.2667325346846322;0.2667325346846322;0.2667325346846322;0.31426968052735443;0.2667325346846322;0.2667325346846322;0.2667325346846322;0.7352941176470589;0.7423218080230882;0.7423218080230882;0.7423218080230882;0.7352941176470589;0.7423218080230882;0.7423218080230882;0.7423218080230882;0.31426968052735443;0.2667325346846322;0.2667325346846322;0.2667325346846322
1.0;0.12038585308576923;0.06917144638660747;0.06917144638660747;0.06917144638660747;0.12038585308576923;0.06917144638660747;0.06917144638660747;0.06917144638660747;0.12038585308576923;0.06917144638660747;0.06917144638660747;0.06917144638660747;0.5134360308102702;0.5212860351426869;0.5212860351426869;0.5212860351426869;0.5134360308102702;0.5212860351426869;0.5212860351426869;0.5212860351426869;0.12038585308576923;0.06917144638660747;0.06917144638660747;0.06917144638660747
1.6666666666666667;0.17099639201419234;0.14969623771302396;0.14969623771302396;0.14969623771302396;0.17099639201419234;0.14969623771302396;0.14969623771302396;0.14969623771302396;0.17099639201419234;0.14969623771302396;0.14969623771302396;0.14969623771302396;0.681466275636382;0.6976315752707978;0.6976315752707978;0.6976315752707978;0.681466275636382;0.6976315752707978;0.6976315752707978;0.6976315752707978;0.17099639201419234;0.14969623771302396;0.14969623771302396;0.14969623771302396
2.0;0.3119251469460218;0.23539595453459985;0.23539595453459985;0.23539595453459985;0.3119251469460218;0.23539595453459985;0.23539595453459985;0.23539595453459985;0.3119251469460218;0.23539595453459985;0.23539595453459985;0.23539595453459985;0.7510641968073886;0.7506834775278317;0.7506834775278317;0.7506834775278317;0.7505553499465135;0.7501628134177435;0.7501628134177435;0.7501628134177435;0.3119251469460218;0.23539595453459985;0.23539595453459985;0.23539595453459985
0.3333333333333333;0.22742941307367104;0.13093073414159545;0.13093073414159545;0.13093073414159545;0.22742941307367104;0.13093073414159545;0.13093073414159545;0.13093073414159545;0.22742941307367104;0.13093073414159545;0.13093073414159545;0.13093073414159545;0.6777389936698862;0.6575355056394069;0.6575355056394069;0.6575355056394069;0.6777389936698862;0.6575355056394069;0.6575355056394069;0.6575355056394069;0.22742941307367104;0.13093073414159545;0.13093073414159545;0.13093073414159545
2.3333333333333335;0.35377908700348826;0.2857142857142857;0.2857142857142857;0.2857142857142857;0.35377908700348826;0.2857142857142857;0.2857142857142857;0.2857142857142857;0.35377908700348826;0.2857142857142857;0.2857142857142857;0.2857142857142857;0.725338218321733;0.710010722691882;0.710010722691882;0.710010722691882;0.725338218321733;0.710010722691882;0.710010722691882;0.710010722691882;0.35377908700348826;0.2857142857142857;0.2857142857142857;0.2857142857142857
2.0;0.2672612419124244;0.21693045781865616;0.21693045781865616;0.21693045781865616;0.2672612419124244;0.21693045781865616;0.21693045781865616;0.21693045781865616;0.2672612419124244;0.21693045781865616;0.21693045781865616;0.21693045781865616;0.6821910402406466;0.6917144638660746;0.6917144638660746;0.6917144638660746;0.6821910402406466;0.6917144638660746;0.6917144638660746;0.6917144638660746;0.2672612419124244;0.21693045781865616;0.21693045781865616;0.21693045781865616
1.3333333333333333;0.3170114791543561;0.2653343152526162;0.2653343152526162;0.2653343152526162;0.3170114791543561;0.2653343152526162;0.2653343152526162;0.2653343152526162;0.3170114791543561;0.2653343152526162;0.2653343152526162;0.2653343152526162;0.5884898863364997;0.5627748595326503;0.5627748595326503;0.5627748595326503;0.5884898863364997;0.5627748595326503;0.5627748595326503;0.5627748595326503;0.3170114791543561;0.2653343152526162;0.2653343152526162;0.2653343152526162
2.6666666666666665;0.7762058642344918;0.7458698539828915;0.7458698539828915;0.7458698539828915;0.7762058642344918;0.7458698539828915;0.7458698539828915;0.7458698539828915;0.7762058642344918;0.7458698539828915;0.7458698539828915;0.7458698539828915;0.7762058642344918;0.7458698539828915;0.7458698539828915;0.7458698539828915;0.7762058642344918;0.7458698539828915;0.7458698539828915;0.7458698539828915;0.7762058642344918;0.7458698539828915;0.7458698539828915;0.7458698539828915
1.0;0.19364916731037085;0.07412493166611013;0.07412493166611013;0.07412493166611013;0.19364916731037085;0.07412493166611013;0.07412493166611013;0.07412493166611013;0.19364916731037085;0.07412493166611013;0.07412493166611013;0.07412493166611013;0.5642880936468347;0.5144957554275266;0.5144957554275266;0.5144957554275266;0.5642880936468347;0.5144957554275266;0.5144957554275266;0.5144957554275266;0.19364916731037085;0.07412493166611013;0.07412493166611013;0.07412493166611013
0.3333333333333333;0.23904572186687875;0.140028008402801;0.140028008402801;0.140028008402801;0.23904572186687875;0.140028008402801;0.140028008402801;0.140028008402801;0.23904572186687875;0.140028008402801;0.140028008402801;0.140028008402801;0.6375355777548621;0.6123724356957945;0.6365239496641676;0.6365239496641676;0.6375355777548621;0.6123724356957945;0.6365239496641676;0.6365239496641676;0.23904572186687875;0.140028008402801;0.140028008402801;0.140028008402801
1.3333333333333333;0.44038550605054416;0.3721042037676254;0.3721042037676254;0.3721042037676254;0.44038550605054416;0.3721042037676254;0.3721042037676254;0.3721042037676254;0.44038550605054416;0.3721042037676254;0.3721042037676254;0.3721042037676254;0.7112867591590193;0.6831300510639733;0.6831300510639733;0.6831300510639733;0.7112867591590193;0.6831300510639733;0.6831300510639733;0.6831300510639733;0.44038550605054416;0.3721042037676254;0.3721042037676254;0.3721042037676254
1.3333333333333333;0.29199855803537256;0.2530855341217655;0.2530855341217655;0.2530855341217655;0.29199855803537256;0.2530855341217655;0.2530855341217655;0.2530855341217655;0.29199855803537256;0.2530855341217655;0.2530855341217655;0.2530855341217655;0.588348405414552;0.6025568946215831;0.6025568946215831;0.6025568946215831;0.588348405414552;0.6025568946215831;0.6025568946215831;0.6025568946215831;0.29199855803537256;0.2530855341217655;0.2530855341217655;0.2530855341217655
2.3333333333333335;0.22450662753346864;0.1543033499620919;0.1543033499620919;0.1543033499620919;0.22450662753346864;0.1543033499620919;0.1543033499620919;0.1543033499620919;0.22450662753346864;0.1543033499620919;0.1543033499620919;0.1543033499620919;0.6506000486323554;0.6465790872963897;0.6465790872963897;0.6465790872963897;0.6506000486323554;0.6465790872963897;0.6465790872963897;0.6465790872963897;0.22450662753346864;0.1543033499620919;0.1543033499620919;0.1543033499620919
3.0;0.4285714285714285;0.4151682458530185;0.4151682458530185;0.4151682458530185;0.4285714285714285;0.4151682458530185;0.4151682458530185;0.4151682458530185;0.4285714285714285;0.4151682458530185;0.4151682458530185;0.4151682458530185;0.7247137945655604;0.747017880833996;0.747017880833996;0.747017880833996;0.7247137945655604;0.747017880833996;0.747017880833996;0.747017880833996;0.4285714285714285;0.4151682458530185;0.4151682458530185;0.4151682458530185
3.0;0.24096579867074966;0.21442250696755896;0.21442250696755896;0.21442250696755896;0.24096579867074966;0.21442250696755896;0.21442250696755896;0.21442250696755896;0.24096579867074966;0.21442250696755896;0.21442250696755896;0.21442250696755896;0.6560126677892886;0.6670170091506027;0.6670170091506027;0.6670170091506027;0.6560126677892886;0.6670170091506027;0.6670170091506027;0.6670170091506027;0.24096579867074966;0.21442250696755896;0.21442250696755896;0.21442250696755896
3.0;0.3907090324044035;0.32954102182865386;0.32479917717646006;0.32479917717646006;0.3907090324044035;0.32954102182865386;0.32479917717646006;0.32479917717646006;0.3907090324044035;0.32954102182865386;0.32479917717646006;0.32479917717646006;0.6933752452815364;0.6740723421552236;0.6670137985134996;0.6670137985134996;0.6933752452815364;0.6740723421552236;0.6670137985134996;0.6670137985134996;0.3907090324044035;0.32954102182865386;0.32479917717646006;0.32479917717646006
1.3333333333333333;0.37465377150775275;0.3287979746107146;0.3287979746107146;0.3287979746107146;0.37465377150775275;0.3287979746107146;0.3287979746107146;0.3287979746107146;0.37465377150775275;0.3287979746107146;0.3287979746107146;0.3287979746107146;0.6882472016116854;0.6880237084407945;0.6880237084407945;0.6880237084407945;0.6882472016116854;0.6880237084407945;0.6880237084407945;0.6880237084407945;0.37465377150775275;0.3287979746107146;0.3287979746107146;0.3287979746107146
3.0;0.3553345272593508;0.3135447206678483;0.3135447206678483;0.3135447206678483;0.3553345272593508;0.3135447206678483;0.3135447206678483;0.3135447206678483;0.3553345272593508;0.3135447206678483;0.3135447206678483;0.3135447206678483;0.6766606493215211;0.6678944147908079;0.6678944147908079;0.6678944147908079;0.6766606493215211;0.6678944147908079;0.6678944147908079;0.6678944147908079;0.3553345272593508;0.3135447206678483;0.3135447206678483;0.3135447206678483
1.3333333333333333;0.19034674690672027;0.08770580193070293;0.08770580193070293;0.08770580193070293;0.19034674690672027;0.08770580193070293;0.08770580193070293;0.08770580193070293;0.19034674690672027;0.08770580193070293;0.08770580193070293;0.08770580193070293;0.6288281455225323;0.6032506032509048;0.6032506032509048;0.6032506032509048;0.6288281455225323;0.6032506032509048;0.6032506032509048;0.6032506032509048;0.19034674690672027;0.08770580193070293;0.08770580193070293;0.08770580193070293
4.0;0.32102894156205125;0.2618614682831909;0.2618614682831909;0.2618614682831909;0.32102894156205125;0.2618614682831909;0.2618614682831909;0.2618614682831909;0.32102894156205125;0.2618614682831909;0.2618614682831909;0.2618614682831909;0.6003336113685631;0.5717933519134906;0.5717933519134906;0.5717933519134906;0.6003336113685631;0.5717933519134906;0.5717933519134906;0.5717933519134906;0.32102894156205125;0.2618614682831909;0.2618614682831909;0.2618614682831909
2.6666666666666665;0.42700841014689905;0.43082021842766455;0.4923659639173309;0.4923659639173309;0.42700841014689905;0.43082021842766455;0.4923659639173309;0.4923659639173309;0.42700841014689905;0.43082021842766455;0.4923659639173309;0.4923659639173309;0.7120516440958823;0.7542472332656508;0.801387685344754;0.801387685344754;0.7120516440958823;0.7542472332656508;0.801387685344754;0.801387685344754;0.42700841014689905;0.43082021842766455;0.4923659639173309;0.4923659639173309
0.3333333333333333;0.13055824196677338;0.09304842103984709;0.09304842103984709;0.09304842103984709;0.13055824196677338;0.09304842103984709;0.09304842103984709;0.09304842103984709;0.13055824196677338;0.09304842103984709;0.09304842103984709;0.09304842103984709;0.4931289675734429;0.5098499285104608;0.5098499285104608;0.5098499285104608;0.4931289675734429;0.5098499285104608;0.5098499285104608;0.5098499285104608;0.13055824196677338;0.09304842103984709;0.09304842103984709;0.09304842103984709
0.0;0.10830607221477646;0.06085806194501844;0.06085806194501844;0.06085806194501844;0.10830607221477646;0.06085806194501844;0.06085806194501844;0.06085806194501844;0.10830607221477646;0.06085806194501844;0.06085806194501844;0.06085806194501844;0.4648348401006841;0.4637388957601683;0.4637388957601683;0.4637388957601683;0.4648348401006841;0.4637388957601683;0.4637388957601683;0.4637388957601683;0.10830607221477646;0.06085806194501844;0.06085806194501844;0.06085806194501844
0.0;0.17699808135119718;0.041594516540385144;0.041594516540385144;0.041594516540385144;0.17699808135119718;0.041594516540385144;0.041594516540385144;0.041594516540385144;0.17699808135119718;0.041594516540385144;0.041594516540385144;0.041594516540385144;0.5661220593180517;0.5378528742004771;0.5378528742004771;0.5378528742004771;0.5661220593180517;0.5378528742004771;0.5378528742004771;0.5378528742004771;0.17699808135119718;0.041594516540385144;0.041594516540385144;0.041594516540385144
0.0;0.21380899352993948;0.1734944795898721;0.1734944795898721;0.1734944795898721;0.21380899352993948;0.1734944795898721;0.1734944795898721;0.1734944795898721;0.21380899352993948;0.1734944795898721;0.1734944795898721;0.1734944795898721;0.6943650748294136;0.694022093788567;0.694022093788567;0.694022093788567;0.6943650748294136;0.694022093788567;0.694022093788567;0.694022093788567;0.21380899352993948;0.1734944795898721;0.1734944795898721;0.1734944795898721
0.6666666666666666;0.2948839123097943;0.18394180184548972;0.1777046633277277;0.1777046633277277;0.2948839123097943;0.18394180184548972;0.1777046633277277;0.1777046633277277;0.2948839123097943;0.18394180184548972;0.1777046633277277;0.1777046633277277;0.6557892373388906;0.6390096504226938;0.6236095644623236;0.6236095644623236;0.6557892373388906;0.6390096504226938;0.6236095644623236;0.6236095644623236;0.2948839123097943;0.18394180184548972;0.1777046633277277;0.1777046633277277
0.3333333333333333;0.2370782339080799;0.17342199390482402;0.17342199390482402;0.17342199390482402;0.2370782339080799;0.17342199390482402;0.17342199390482402;0.17342199390482402;0.2370782339080799;0.17342199390482402;0.17342199390482402;0.17342199390482402;0.5491017941930437;0.5474286073884874;0.5474286073884874;0.5474286073884874;0.5491017941930437;0.5474286073884874;0.5474286073884874;0.5474286073884874;0.2370782339080799;0.17342199390482402;0.17342199390482402;0.17342199390482402
0.6666666666666666;0.280056016805602;0.1709408646894569;0.16718346377260587;0.16718346377260587;0.280056016805602;0.1709408646894569;0.16718346377260587;0.16718346377260587;0.280056016805602;0.1709408646894569;0.16718346377260587;0.16718346377260587;0.724568837309472;0.7395739969534468;0.7275476020141095;0.7275476020141095;0.724568837309472;0.7395739969534468;0.7275476020141095;0.7275476020141095;0.280056016805602;0.1709408646894569;0.16718346377260587;0.16718346377260587
0.3333333333333333;0.2752988806446741;0.20228869496966947;0.20228869496966947;0.20228869496966947;0.2752988806446741;0.20228869496966947;0.20228869496966947;0.20228869496966947;0.2752988806446741;0.20228869496966947;0.20228869496966947;0.20228869496966947;0.7144345083117601;0.6937819061732103;0.7161148740394329;0.7161148740394329;0.7144345083117601;0.6937819061732103;0.7161148740394329;0.7161148740394329;0.2752988806446741;0.20228869496966947;0.20228869496966947;0.20228869496966947
0.3333333333333333;0.1690308509457033;0.11952286093343936;0.11952286093343936;0.11952286093343936;0.1690308509457033;0.11952286093343936;0.11952286093343936;0.11952286093343936;0.1690308509457033;0.11952286093343936;0.11952286093343936;0.11952286093343936;0.6284186886676619;0.6265969327670922;0.6265969327670922;0.6265969327670922;0.6284186886676619;0.6265969327670922;0.6265969327670922;0.6265969327670922;0.1690308509457033;0.11952286093343936;0.11952286093343936;0.11952286093343936
0.0;0.2703690352179376;0.23570226039551587;0.23570226039551587;0.23570226039551587;0.2703690352179376;0.23570226039551587;0.23570226039551587;0.23570226039551587;0.2703690352179376;0.23570226039551587;0.23570226039551587;0.23570226039551587;0.5477225575051661;0.5380275868489702;0.5380275868489702;0.5380275868489702;0.5477225575051661;0.5380275868489702;0.5380275868489702;0.5380275868489702;0.2703690352179376;0.23570226039551587;0.23570226039551587;0.23570226039551587
0.0;0.19611613513818404;0.16151457061744964;0.16151457061744964;0.16151457061744964;0.19611613513818404;0.16151457061744964;0.16151457061744964;0.16151457061744964;0.19611613513818404;0.16151457061744964;0.16151457061744964;0.16151457061744964;0.653358607776565;0.6617241025372945;0.6617241025372945;0.6617241025372945;0.653358607776565;0.6617241025372945;0.6617241025372945;0.6617241025372945;0.19611613513818404;0.16151457061744964;0.16151457061744964;0.16151457061744964
0.0;0.1720618004029213;0.1333333333333333;0.1333333333333333;0.1333333333333333;0.1720618004029213;0.1333333333333333;0.1333333333333333;0.1333333333333333;0.1720618004029213;0.1333333333333333;0.1333333333333333;0.1333333333333333;0.6719368409052928;0.6993786061802354;0.6993786061802354;0.6993786061802354;0.6719368409052928;0.6993786061802354;0.6993786061802354;0.6993786061802354;0.1720618004029213;0.1333333333333333;0.1333333333333333;0.1333333333333333
1.0;0.23570226039551587;0.1636634176769943;0.1636634176769943;0.1636634176769943;0.23570226039551587;0.1636634176769943;0.1636634176769943;0.1636634176769943;0.23570226039551587;0.1636634176769943;0.1636634176769943;0.1636634176769943;0.5925925925925926;0.5838403593598094;0.5838403593598094;0.5838403593598094;0.5925925925925926;0.5838403593598094;0.5838403593598094;0.5838403593598094;0.23570226039551587;0.1636634176769943;0.1636634176769943;0.1636634176769943
0.0;0.18376916754950667;0.07106690545187015;0.07106690545187015;0.07106690545187015;0.18376916754950667;0.07106690545187015;0.07106690545187015;0.07106690545187015;0.18376916754950667;0.07106690545187015;0.07106690545187015;0.07106690545187015;0.7248824356090754;0.7207353602116796;0.7207353602116796;0.7207353602116796;0.7248824356090754;0.7207353602116796;0.7207353602116796;0.7207353602116796;0.18376916754950667;0.07106690545187015;0.07106690545187015;0.07106690545187015
0.0;0.062017367294604234;0.0;0.0;0.0;0.062017367294604234;0.0;0.0;0.0;0.062017367294604234;0.0;0.0;0.0;0.5662888944297418;0.6;0.6;0.6;0.5662888944297418;0.6;0.6;0.6;0.062017367294604234;0.0;0.0;0.0
0.0;0.23312620206007845;0.11180339887498948;0.11180339887498948;0.11180339887498948;0.23312620206007845;0.11180339887498948;0.11180339887498948;0.11180339887498948;0.23312620206007845;0.11180339887498948;0.11180339887498948;0.11180339887498948;0.5669467095138409;0.5563486402641868;0.5563486402641868;0.5563486402641868;0.5669467095138409;0.5563486402641868;0.5563486402641868;0.5563486402641868;0.23312620206007845;0.11180339887498948;0.11180339887498948;0.11180339887498948
0.6666666666666666;0.30588764516074907;0.18333969940564224;0.18333969940564224;0.18333969940564224;0.30588764516074907;0.18333969940564224;0.18333969940564224;0.18333969940564224;0.30588764516074907;0.18333969940564224;0.18333969940564224;0.18333969940564224;0.6928424943421165;0.6556100681071858;0.6556100681071858;0.6556100681071858;0.6928424943421165;0.6556100681071858;0.6556100681071858;0.6556100681071858;0.30588764516074907;0.18333969940564224;0.18333969940564224;0.18333969940564224
0.0;0.17541160386140586;0.14552137502179976;0.14552137502179976;0.14552137502179976;0.17541160386140586;0.14552137502179976;0.14552137502179976;0.14552137502179976;0.17541160386140586;0.14552137502179976;0.14552137502179976;0.14552137502179976;0.7286120888626996;0.7666518779999278;0.7666518779999278;0.7666518779999278;0.7286120888626996;0.7666518779999278;0.7666518779999278;0.7666518779999278;0.17541160386140586;0.14552137502179976;0.14552137502179976;0.14552137502179976
0.0;0.22454435656953592;0.17213259316477408;0.17213259316477408;0.17213259316477408;0.22454435656953592;0.17213259316477408;0.17213259316477408;0.17213259316477408;0.22454435656953592;0.17213259316477408;0.17213259316477408;0.17213259316477408;0.6470265503216528;0.7018306334609805;0.6870860132522095;0.6870860132522095;0.645607934809394;0.7004379105839639;0.6855795667606845;0.6855795667606845;0.22454435656953592;0.17213259316477408;0.17213259316477408;0.17213259316477408
0.6666666666666666;0.09759000729485333;0.05270462766947299;0.05270462766947299;0.05270462766947299;0.09759000729485333;0.05270462766947299;0.05270462766947299;0.05270462766947299;0.09759000729485333;0.05270462766947299;0.05270462766947299;0.05270462766947299;0.5559369874958259;0.5773502691896257;0.5773502691896257;0.5773502691896257;0.5559369874958259;0.5773502691896257;0.5773502691896257;0.5773502691896257;0.09759000729485333;0.05270462766947299;0.05270462766947299;0.05270462766947299
0.0;0.060522753266880246;0.0;0.0;0.0;0.060522753266880246;0.0;0.0;0.0;0.060522753266880246;0.0;0.0;0.0;0.468292905790847;0.49147318718299055;0.49147318718299055;0.49147318718299055;0.468292905790847;0.49147318718299055;0.49147318718299055;0.49147318718299055;0.060522753266880246;0.0;0.0;0.0
0.0;0.09682458365518543;0.036369648372665396;0.036369648372665396;0.036369648372665396;0.09682458365518543;0.036369648372665396;0.036369648372665396;0.036369648372665396;0.09682458365518543;0.036369648372665396;0.036369648372665396;0.036369648372665396;0.5954068852869262;0.5974529834860508;0.5974529834860508;0.5974529834860508;0.5954068852869262;0.5974529834860508;0.5974529834860508;0.5974529834860508;0.09682458365518543;0.036369648372665396;0.036369648372665396;0.036369648372665396
0.6666666666666666;0.18144368465060579;0.14269544824634825;0.14269544824634825;0.14269544824634825;0.18144368465060579;0.14269544824634825;0.14269544824634825;0.14269544824634825;0.18144368465060579;0.14269544824634825;0.14269544824634825;0.14269544824634825;0.5918640302493726;0.5773502691896258;0.5773502691896258;0.5773502691896258;0.5918640302493726;0.5773502691896258;0.5773502691896258;0.5773502691896258;0.18144368465060579;0.14269544824634825;0.14269544824634825;0.14269544824634825
0.3333333333333333;0.1118033988749895;0.07974522228289001;0.07974522228289001;0.07974522228289001;0.1118033988749895;0.07974522228289001;0.07974522228289001;0.07974522228289001;0.1118033988749895;0.07974522228289001;0.07974522228289001;0.07974522228289001;0.5259547057403532;0.5444148423081901;0.5248906591678238;0.5248906591678238;0.5259547057403532;0.5444148423081901;0.5248906591678238;0.5248906591678238;0.1118033988749895;0.07974522228289001;0.07974522228289001;0.07974522228289001
0.0;0.08703882797784893;0.0;0.0;0.0;0.08703882797784893;0.0;0.0;0.0;0.08703882797784893;0.0;0.0;0.0;0.492365963917331;0.48304589153964794;0.48304589153964794;0.48304589153964794;0.492365963917331;0.48304589153964794;0.48304589153964794;0.48304589153964794;0.08703882797784893;0.0;0.0;0.0
0.3333333333333333;0.18843366572035794;0.15130688316720062;0.14847846772912465;0.14847846772912465;0.18843366572035794;0.15130688316720062;0.14847846772912465;0.14847846772912465;0.18843366572035794;0.15130688316720062;0.14847846772912465;0.14847846772912465;0.6480484988017616;0.6606060492152316;0.6537345023304656;0.6537345023304656;0.6470588235294117;0.6595744680851063;0.6526677388265522;0.6526677388265522;0.18843366572035794;0.15130688316720062;0.14847846772912465;0.14847846772912465
0.3333333333333333;0.17251638983558856;0.11785113019775792;0.11785113019775792;0.11785113019775792;0.17251638983558856;0.11785113019775792;0.11785113019775792;0.11785113019775792;0.17251638983558856;0.11785113019775792;0.11785113019775792;0.11785113019775792;0.6846786387423341;0.7102848052045775;0.6943650748294136;0.6943650748294136;0.6846786387423341;0.7102848052045775;0.6943650748294136;0.6943650748294136;0.17251638983558856;0.11785113019775792;0.11785113019775792;0.11785113019775792
0.0;0.08006407690254357;0.04688072309384954;0.04688072309384954;0.04688072309384954;0.08006407690254357;0.04688072309384954;0.04688072309384954;0.04688072309384954;0.08006407690254357;0.04688072309384954;0.04688072309384954;0.04688072309384954;0.5930802526189113;0.6459422414661737;0.6459422414661737;0.6459422414661737;0.5930802526189113;0.6459422414661737;0.6459422414661737;0.6459422414661737;0.08006407690254357;0.04688072309384954;0.04688072309384954;0.04688072309384954
1.0;0.2592724864350674;0.2272843225242474;0.2272843225242474;0.2272843225242474;0.2592724864350674;0.2272843225242474;0.2272843225242474;0.2272843225242474;0.2592724864350674;0.2272843225242474;0.2272843225242474;0.2272843225242474;0.5867231062089794;0.5806937759307067;0.5806937759307067;0.5806937759307067;0.585213564767564;0.5790685773616372;0.5790685773616372;0.5790685773616372;0.2592724864350674;0.2272843225242474;0.2272843225242474;0.2272843225242474
0.0;0.12309149097933274;0.09284766908852593;0.09128709291752768;0.09128709291752768;0.12309149097933274;0.09284766908852593;0.09128709291752768;0.09128709291752768;0.12309149097933274;0.09284766908852593;0.09128709291752768;0.09128709291752768;0.6118523740854683;0.636929755298482;0.6277648205743445;0.6277648205743445;0.6118523740854683;0.636929755298482;0.6277648205743445;0.6277648205743445;0.12309149097933274;0.09284766908852593;0.09128709291752768;0.09128709291752768
0.3333333333333333;0.2073903389460851;0.1679677532867563;0.1679677532867563;0.1679677532867563;0.2073903389460851;0.1679677532867563;0.1679677532867563;0.1679677532867563;0.2073903389460851;0.1679677532867563;0.1679677532867563;0.1679677532867563;0.5698028822981898;0.5622535302317492;0.5622535302317492;0.5622535302317492;0.5698028822981898;0.5622535302317492;0.5622535302317492;0.5622535302317492;0.2073903389460851;0.1679677532867563;0.1679677532867563;0.1679677532867563
0.6666666666666666;0.08980265101338746;0.04794633014853841;0.04794633014853841;0.04794633014853841;0.08980265101338746;0.04794633014853841;0.04794633014853841;0.04794633014853841;0.08980265101338746;0.04794633014853841;0.04794633014853841;0.04794633014853841;0.5530100413375021;0.5462309935991352;0.5462309935991352;0.5462309935991352;0.5530100413375021;0.5462309935991352;0.5462309935991352;0.5462309935991352;0.08980265101338746;0.04794633014853841;0.04794633014853841;0.04794633014853841
0.0;0.1675415633166782;0.14269544824634825;0.14269544824634825;0.14269544824634825;0.1675415633166782;0.14269544824634825;0.14269544824634825;0.14269544824634825;0.1675415633166782;0.14269544824634825;0.14269544824634825;0.14269544824634825;0.580343292197245;0.6266795614405122;0.648649304898973;0.648649304898973;0.580343292197245;0.6266795614405122;0.648649304898973;0.648649304898973;0.1675415633166782;0.14269544824634825;0.14269544824634825;0.14269544824634825
0.0;0.11766968108291041;0.044455422447438706;0.044455422447438706;0.044455422447438706;0.11766968108291041;0.044455422447438706;0.044455422447438706;0.044455422447438706;0.11766968108291041;0.044455422447438706;0.044455422447438706;0.044455422447438706;0.6285714285714286;0.686643649130512;0.686643649130512;0.686643649130512;0.6285714285714286;0.686643649130512;0.686643649130512;0.686643649130512;0.11766968108291041;0.044455422447438706;0.044455422447438706;0.044455422447438706
0.3333333333333333;0.05679618342470648;0.0;0.0;0.0;0.05679618342470648;0.0;0.0;0.0;0.05679618342470648;0.0;0.0;0.0;0.4166666666666667;0.412514323662695;0.412514323662695;0.412514323662695;0.4166666666666667;0.412514323662695;0.412514323662695;0.412514323662695;0.05679618342470648;0.0;0.0;0.0
0.0;0.13650472655798704;0.10050378152592121;0.10050378152592121;0.10050378152592121;0.13650472655798704;0.10050378152592121;0.10050378152592121;0.10050378152592121;0.13650472655798704;0.10050378152592121;0.10050378152592121;0.10050378152592121;0.6123724356957945;0.6232502388407516;0.6232502388407516;0.6232502388407516;0.6123724356957945;0.6232502388407516;0.6232502388407516;0.6232502388407516;0.13650472655798704;0.10050378152592121;0.10050378152592121;0.10050378152592121
1.0;0.08178608201095308;0.045454545454545456;0.045454545454545456;0.045454545454545456;0.08178608201095308;0.045454545454545456;0.045454545454545456;0.045454545454545456;0.08178608201095308;0.045454545454545456;0.045454545454545456;0.045454545454545456;0.5085133809309825;0.5666666666666667;0.5424508028966484;0.5424508028966484;0.5085133809309825;0.5666666666666667;0.5424508028966484;0.5424508028966484;0.08178608201095308;0.045454545454545456;0.045454545454545456;0.045454545454545456
0.0;0.17251638983558854;0.04089304100547654;0.04089304100547654;0.04089304100547654;0.17251638983558854;0.04089304100547654;0.04089304100547654;0.04089304100547654;0.17251638983558854;0.04089304100547654;0.04089304100547654;0.04089304100547654;0.6587029695195821;0.6296001877353568;0.6494998689336409;0.6494998689336409;0.6587029695195821;0.6296001877353568;0.6494998689336409;0.6494998689336409;0.17251638983558854;0.04089304100547654;0.04089304100547654;0.04089304100547654
0.0;0.11009637651263607;0.0629940788348712;0.061898446059017294;0.061898446059017294;0.11009637651263607;0.0629940788348712;0.061898446059017294;0.061898446059017294;0.11009637651263607;0.0629940788348712;0.061898446059017294;0.061898446059017294;0.5951190357119042;0.6708203932499369;0.65991201759609;0.65991201759609;0.5951190357119042;0.6708203932499369;0.65991201759609;0.65991201759609;0.11009637651263607;0.0629940788348712;0.061898446059017294;0.061898446059017294
0.3333333333333333;0.2088931871468374;0.08247860988423225;0.08104408984731079;0.08104408984731079;0.2088931871468374;0.08247860988423225;0.08104408984731079;0.08104408984731079;0.2088931871468374;0.08247860988423225;0.08104408984731079;0.08104408984731079;0.6507240078691919;0.618718433538229;0.6103001034050513;0.6103001034050513;0.6507240078691919;0.618718433538229;0.6103001034050513;0.6103001034050513;0.2088931871468374;0.08247860988423225;0.08104408984731079;0.08104408984731079
0.0;0.1340050420345616;0.0;0.0;0.0;0.1340050420345616;0.0;0.0;0.0;0.1340050420345616;0.0;0.0;0.0;0.6389151433378876;0.6097013950210626;0.6000991981489789;0.6000991981489789;0.6389151433378876;0.6097013950210626;0.6000991981489789;0.6000991981489789;0.1340050420345616;0.0;0.0;0.0
0.3333333333333333;0.11664236870396087;0.06502560887623551;0.06428243465332249;0.06428243465332249;0.11664236870396087;0.06502560887623551;0.06428243465332249;0.06428243465332249;0.11664236870396087;0.06502560887623551;0.06428243465332249;0.06428243465332249;0.6407693851706187;0.649722122736315;0.6435634802102161;0.6435634802102161;0.6407693851706187;0.649722122736315;0.6435634802102161;0.6435634802102161;0.11664236870396087;0.06502560887623551;0.06428243465332249;0.06428243465332249
0.0;0.11371470653683552;0.044455422447438706;0.044455422447438706;0.044455422447438706;0.11371470653683552;0.044455422447438706;0.044455422447438706;0.044455422447438706;0.11371470653683552;0.044455422447438706;0.044455422447438706;0.044455422447438706;0.6844475644404533;0.7061878636037996;0.7061878636037996;0.7061878636037996;0.6844475644404533;0.7061878636037996;0.7061878636037996;0.7061878636037996;0.11371470653683552;0.044455422447438706;0.044455422447438706;0.044455422447438706
0.0;0.19795189561622398;0.13987572123604708;0.13987572123604708;0.13987572123604708;0.19795189561622398;0.13987572123604708;0.13987572123604708;0.13987572123604708;0.19795189561622398;0.13987572123604708;0.13987572123604708;0.13987572123604708;0.7427740329297244;0.7705971579367543;0.7705971579367543;0.7705971579367543;0.7414672991144712;0.7693218186208295;0.7693218186208295;0.7693218186208295;0.19795189561622398;0.13987572123604708;0.13987572123604708;0.13987572123604708
0.3333333333333333;0.15811388300841897;0.09284766908852593;0.09284766908852593;0.09284766908852593;0.15811388300841897;0.09284766908852593;0.09284766908852593;0.09284766908852593;0.15811388300841897;0.09284766908852593;0.09284766908852593;0.09284766908852593;0.612208284200958;0.638726581032719;0.638726581032719;0.638726581032719;0.6103001034050513;0.636929755298482;0.636929755298482;0.636929755298482;0.15811388300841897;0.09284766908852593;0.09284766908852593;0.09284766908852593
1.0;0.07715167498104597;0.09090909090909091;0.09090909090909091;0.09090909090909091;0.07715167498104597;0.09090909090909091;0.09090909090909091;0.09090909090909091;0.07715167498104597;0.09090909090909091;0.09090909090909091;0.09090909090909091;0.48507125007266594;0.6;0.6454972243679028;0.6454972243679028;0.48507125007266594;0.6;0.6454972243679028;0.6454972243679028;0.07715167498104597;0.09090909090909091;0.09090909090909091;0.09090909090909091
0.0;0.11547005383792514;0.06299407883487121;0.06299407883487121;0.06299407883487121;0.11547005383792514;0.06299407883487121;0.06299407883487121;0.06299407883487121;0.11547005383792514;0.06299407883487121;0.06299407883487121;0.06299407883487121;0.5991446895152781;0.59336610396393;0.59336610396393;0.59336610396393;0.5991446895152781;0.59336610396393;0.59336610396393;0.59336610396393;0.11547005383792514;0.06299407883487121;0.06299407883487121;0.06299407883487121
0.3333333333333333;0.2;0.11322770341445958;0.11322770341445958;0.11322770341445958;0.2;0.11322770341445958;0.11322770341445958;0.11322770341445958;0.2;0.11322770341445958;0.11322770341445958;0.11322770341445958;0.6697115824570083;0.6702119129718895;0.6702119129718895;0.6702119129718895;0.666717477738473;0.6667259338283313;0.6667259338283313;0.6667259338283313;0.2;0.11322770341445958;0.11322770341445958;0.11322770341445958
0.6666666666666666;0.17647058823529413;0.12909944487358055;0.12909944487358055;0.12909944487358055;0.17647058823529413;0.12909944487358055;0.12909944487358055;0.12909944487358055;0.17647058823529413;0.12909944487358055;0.12909944487358055;0.12909944487358055;0.6580483679846749;0.6712180866978945;0.6857312489170546;0.6857312489170546;0.6546536707079771;0.6677703836348308;0.6825236327899351;0.6825236327899351;0.17647058823529413;0.12909944487358055;0.12909944487358055;0.12909944487358055
0.0;0.1276884796138123;0.0;0.0;0.0;0.1276884796138123;0.0;0.0;0.0;0.1276884796138123;0.0;0.0;0.0;0.6038596398555418;0.586555725441001;0.586555725441001;0.586555725441001;0.6038596398555418;0.586555725441001;0.586555725441001;0.586555725441001;0.1276884796138123;0.0;0.0;0.0
0.6666666666666666;0.3170114791543561;0.20515248496555455;0.20515248496555455;0.20515248496555455;0.3170114791543561;0.20515248496555455;0.20515248496555455;0.20515248496555455;0.3170114791543561;0.20515248496555455;0.20515248496555455;0.20515248496555455;0.6675817115993625;0.6473528793258518;0.6473528793258518;0.6473528793258518;0.6666666666666666;0.6462303276414968;0.6462303276414968;0.6462303276414968;0.3170114791543561;0.20515248496555455;0.20515248496555455;0.20515248496555455
1.0;0.3032392174315614;0.2581988897471611;0.2581988897471611;0.2581988897471611;0.3032392174315614;0.2581988897471611;0.2581988897471611;0.2581988897471611;0.3032392174315614;0.2581988897471611;0.2581988897471611;0.2581988897471611;0.6567895774291854;0.655825835783953;0.655825835783953;0.655825835783953;0.6567895774291854;0.655825835783953;0.655825835783953;0.655825835783953;0.3032392174315614;0.2581988897471611;0.2581988897471611;0.2581988897471611
0.0;0.3256694736394648;0.22256595362986284;0.22256595362986284;0.22256595362986284;0.3256694736394648;0.22256595362986284;0.22256595362986284;0.22256595362986284;0.3256694736394648;0.22256595362986284;0.22256595362986284;0.22256595362986284;0.7147416898918633;0.6951816970931012;0.6951816970931012;0.6951816970931012;0.7147416898918633;0.6951816970931012;0.6951816970931012;0.6951816970931012;0.3256694736394648;0.22256595362986284;0.22256595362986284;0.22256595362986284
0.0;0.16081688022566926;0.12060453783110546;0.12060453783110546;0.12060453783110546;0.16081688022566926;0.12060453783110546;0.12060453783110546;0.12060453783110546;0.16081688022566926;0.12060453783110546;0.12060453783110546;0.12060453783110546;0.5786375623578447;0.5916079783099615;0.5916079783099615;0.5916079783099615;0.5786375623578447;0.5916079783099615;0.5916079783099615;0.5916079783099615;0.16081688022566926;0.12060453783110546;0.12060453783110546;0.12060453783110546
0.0;0.16718346377260587;0.07071067811865474;0.06900655593423542;0.06900655593423542;0.16718346377260587;0.07071067811865474;0.06900655593423542;0.06900655593423542;0.16718346377260587;0.07071067811865474;0.06900655593423542;0.06900655593423542;0.554321862524587;0.5527707983925666;0.5406205059012896;0.5406205059012896;0.554321862524587;0.5527707983925666;0.5406205059012896;0.5406205059012896;0.16718346377260587;0.07071067811865474;0.06900655593423542;0.06900655593423542
0.0;0.14708710135363803;0.0545544725589981;0.0545544725589981;0.0545544725589981;0.14708710135363803;0.0545544725589981;0.0545544725589981;0.0545544725589981;0.14708710135363803;0.0545544725589981;0.0545544725589981;0.0545544725589981;0.5590169943749475;0.5516772843673704;0.5516772843673704;0.5516772843673704;0.5590169943749475;0.5516772843673704;0.5516772843673704;0.5516772843673704;0.14708710135363803;0.0545544725589981;0.0545544725589981;0.0545544725589981
0.6666666666666666;0.0944911182523068;0.0;0.0;0.0;0.0944911182523068;0.0;0.0;0.0;0.0944911182523068;0.0;0.0;0.0;0.77898083770452;0.7660323462854266;0.7660323462854266;0.7660323462854266;0.77898083770452;0.7660323462854266;0.7660323462854266;0.7660323462854266;0.0944911182523068;0.0;0.0;0.0
0.3333333333333333;0.1885618083164127;0.15512630699850574;0.15512630699850574;0.15512630699850574;0.1885618083164127;0.15512630699850574;0.15512630699850574;0.15512630699850574;0.1885618083164127;0.15512630699850574;0.15512630699850574;0.15512630699850574;0.5559369874958259;0.56;0.5883484054145521;0.5883484054145521;0.5559369874958259;0.56;0.5883484054145521;0.5883484054145521;0.1885618083164127;0.15512630699850574;0.15512630699850574;0.15512630699850574
1.0;0.10526315789473682;0.05716619504750295;0.05716619504750295;0.05716619504750295;0.10526315789473682;0.05716619504750295;0.05716619504750295;0.05716619504750295;0.10526315789473682;0.05716619504750295;0.05716619504750295;0.05716619504750295;0.6416236526819377;0.6405126152203486;0.6405126152203486;0.6405126152203486;0.6416236526819377;0.6405126152203486;0.6405126152203486;0.6405126152203486;0.10526315789473682;0.05716619504750295;0.05716619504750295;0.05716619504750295
0.6666666666666666;0.1543033499620919;0.06019292654288461;0.06019292654288461;0.06019292654288461;0.1543033499620919;0.06019292654288461;0.06019292654288461;0.06019292654288461;0.1543033499620919;0.06019292654288461;0.06019292654288461;0.06019292654288461;0.6232502388407516;0.6420578831241025;0.6420578831241025;0.6420578831241025;0.6232502388407516;0.6420578831241025;0.6420578831241025;0.6420578831241025;0.1543033499620919;0.06019292654288461;0.06019292654288461;0.06019292654288461
0.3333333333333333;0.07254762501100116;0.0;0.0;0.0;0.07254762501100116;0.0;0.0;0.0;0.07254762501100116;0.0;0.0;0.0;0.5330017908890261;0.5518254055364691;0.5518254055364691;0.5518254055364691;0.5330017908890261;0.5518254055364691;0.5518254055364691;0.5518254055364691;0.07254762501100116;0.0;0.0;0.0
0.3333333333333333;0.12;0.04550157551932901;0.04550157551932901;0.04550157551932901;0.12;0.04550157551932901;0.04550157551932901;0.04550157551932901;0.12;0.04550157551932901;0.04550157551932901;0.04550157551932901;0.618718433538229;0.6132223631495076;0.6132223631495076;0.6132223631495076;0.618718433538229;0.6132223631495076;0.6132223631495076;0.6132223631495076;0.12;0.04550157551932901;0.04550157551932901;0.04550157551932901
0.0;0.10482848367219183;0.11396057645963795;0.11396057645963795;0.11396057645963795;0.10482848367219183;0.11396057645963795;0.11396057645963795;0.11396057645963795;0.10482848367219183;0.11396057645963795;0.11396057645963795;0.11396057645963795;0.5146749286021823;0.5838403593598094;0.5838403593598094;0.5838403593598094;0.5146749286021823;0.5838403593598094;0.5838403593598094;0.5838403593598094;0.10482848367219183;0.11396057645963795;0.11396057645963795;0.11396057645963795
0.3333333333333333;0.2065591117977289;0.18898223650461363;0.18898223650461363;0.18898223650461363;0.2065591117977289;0.18898223650461363;0.18898223650461363;0.18898223650461363;0.2065591117977289;0.18898223650461363;0.18898223650461363;0.18898223650461363;0.5640760748177662;0.6390096504226938;0.6390096504226938;0.6390096504226938;0.5640760748177662;0.6390096504226938;0.6390096504226938;0.6390096504226938;0.2065591117977289;0.18898223650461363;0.18898223650461363;0.18898223650461363
0.0;0.09901475429766744;0.0;0.0;0.0;0.09901475429766744;0.0;0.0;0.0;0.09901475429766744;0.0;0.0;0.0;0.629940788348712;0.6240377207533828;0.6240377207533828;0.6240377207533828;0.629940788348712;0.6240377207533828;0.6240377207533828;0.6240377207533828;0.09901475429766744;0.0;0.0;0.0
0.0;0.08451542547285165;0.0;0.0;0.0;0.08451542547285165;0.0;0.0;0.0;0.08451542547285165;0.0;0.0;0.0;0.7267220926874316;0.7108186533109108;0.7108186533109108;0.7108186533109108;0.7267220926874316;0.7108186533109108;0.7108186533109108;0.7108186533109108;0.08451542547285165;0.0;0.0;0.0
0.0;0.2461829819586655;0.2022599587389726;0.2022599587389726;0.2022599587389726;0.2461829819586655;0.2022599587389726;0.2022599587389726;0.2022599587389726;0.2461829819586655;0.2022599587389726;0.2022599587389726;0.2022599587389726;0.5393193716300061;0.5613413993878117;0.5613413993878117;0.5613413993878117;0.5393193716300061;0.5613413993878117;0.5613413993878117;0.5613413993878117;0.2461829819586655;0.2022599587389726;0.2022599587389726;0.2022599587389726
0.3333333333333333;0.12964074471043288;0.07216878364870323;0.07216878364870323;0.07216878364870323;0.12964074471043288;0.07216878364870323;0.07216878364870323;0.07216878364870323;0.12964074471043288;0.07216878364870323;0.07216878364870323;0.07216878364870323;0.6197506830096349;0.6172133998483678;0.6172133998483678;0.6172133998483678;0.6197506830096349;0.6172133998483678;0.6172133998483678;0.6172133998483678;0.12964074471043288;0.07216878364870323;0.07216878364870323;0.07216878364870323
0.3333333333333333;0.1987866419864727;0.09805806756909202;0.09622504486493763;0.09622504486493763;0.1987866419864727;0.09805806756909202;0.09622504486493763;0.09622504486493763;0.1987866419864727;0.09805806756909202;0.09622504486493763;0.09622504486493763;0.5138560194537569;0.508328567775349;0.48291213938658145;0.48291213938658145;0.5138560194537569;0.508328567775349;0.48291213938658145;0.48291213938658145;0.1987866419864727;0.09805806756909202;0.09622504486493763;0.09622504486493763
0.6666666666666666;0.11616046389935497;0.08728715609439695;0.08728715609439695;0.08728715609439695;0.11616046389935497;0.08728715609439695;0.08728715609439695;0.08728715609439695;0.11616046389935497;0.08728715609439695;0.08728715609439695;0.08728715609439695;0.6022163014102245;0.6468431588153823;0.6468431588153823;0.6468431588153823;0.6022163014102245;0.6468431588153823;0.6468431588153823;0.6468431588153823;0.11616046389935497;0.08728715609439695;0.08728715609439695;0.08728715609439695
0.3333333333333333;0.15075567228888181;0.11547005383792514;0.11547005383792514;0.11547005383792514;0.15075567228888181;0.11547005383792514;0.11547005383792514;0.11547005383792514;0.15075567228888181;0.11547005383792514;0.11547005383792514;0.11547005383792514;0.5516772843673704;0.570087712549569;0.570087712549569;0.570087712549569;0.5516772843673704;0.570087712549569;0.570087712549569;0.570087712549569;0.15075567228888181;0.11547005383792514;0.11547005383792514;0.11547005383792514
0.0;0.16609095970747995;0.09072184232530289;0.09072184232530289;0.09072184232530289;0.16609095970747995;0.09072184232530289;0.09072184232530289;0.09072184232530289;0.16609095970747995;0.09072184232530289;0.09072184232530289;0.09072184232530289;0.5732367797686337;0.5679301390639018;0.592156525463792;0.592156525463792;0.5732367797686337;0.5679301390639018;0.592156525463792;0.592156525463792;0.16609095970747995;0.09072184232530289;0.09072184232530289;0.09072184232530289
0.3333333333333333;0.19245008972987526;0.11396057645963795;0.11145564251507058;0.11145564251507058;0.19245008972987526;0.11396057645963795;0.11145564251507058;0.11145564251507058;0.19245008972987526;0.11396057645963795;0.11145564251507058;0.11145564251507058;0.45324710388668105;0.4622501635210243;0.45360921162651446;0.45360921162651446;0.45324710388668105;0.4622501635210243;0.45360921162651446;0.45360921162651446;0.19245008972987526;0.11396057645963795;0.11145564251507058;0.11145564251507058
0.0;0.16666666666666666;0.0944911182523068;0.0944911182523068;0.0944911182523068;0.16666666666666666;0.0944911182523068;0.0944911182523068;0.0944911182523068;0.16666666666666666;0.0944911182523068;0.0944911182523068;0.0944911182523068;0.5669467095138409;0.5547001962252291;0.5547001962252291;0.5547001962252291;0.5669467095138409;0.5547001962252291;0.5547001962252291;0.5547001962252291;0.16666666666666666;0.0944911182523068;0.0944911182523068;0.0944911182523068
0.0;0.21081851067789195;0.12510864843424485;0.12510864843424485;0.12510864843424485;0.21081851067789195;0.12510864843424485;0.12510864843424485;0.12510864843424485;0.21081851067789195;0.12510864843424485;0.12510864843424485;0.12510864843424485;0.60324934681779;0.6154574548966636;0.6363636363636364;0.6363636363636364;0.60324934681779;0.6154574548966636;0.6363636363636364;0.6363636363636364;0.21081851067789195;0.12510864843424485;0.12510864843424485;0.12510864843424485
0.0;0.17213259316477406;0.09428090415820635;0.09428090415820635;0.09428090415820635;0.17213259316477406;0.09428090415820635;0.09428090415820635;0.09428090415820635;0.17213259316477406;0.09428090415820635;0.09428090415820635;0.09428090415820635;0.592156525463792;0.5635759629410776;0.5635759629410776;0.5635759629410776;0.592156525463792;0.5635759629410776;0.5635759629410776;0.5635759629410776;0.17213259316477406;0.09428090415820635;0.09428090415820635;0.09428090415820635
0.0;0.10425720702853739;0.05913123959890826;0.05913123959890826;0.05913123959890826;0.10425720702853739;0.05913123959890826;0.05913123959890826;0.05913123959890826;0.10425720702853739;0.05913123959890826;0.05913123959890826;0.05913123959890826;0.630061919161936;0.64;0.6667948594698258;0.6667948594698258;0.630061919161936;0.64;0.6667948594698258;0.6667948594698258;0.10425720702853739;0.05913123959890826;0.05913123959890826;0.05913123959890826
0.3333333333333333;0.19047619047619047;0.05716619504750295;0.05716619504750295;0.05716619504750295;0.19047619047619047;0.05716619504750295;0.05716619504750295;0.05716619504750295;0.19047619047619047;0.05716619504750295;0.05716619504750295;0.05716619504750295;0.48154341234307685;0.41962716370814124;0.41962716370814124;0.41962716370814124;0.48154341234307685;0.41962716370814124;0.41962716370814124;0.41962716370814124;0.19047619047619047;0.05716619504750295;0.05716619504750295;0.05716619504750295
0.0;0.18556740475630137;0.12909944487358055;0.12909944487358055;0.12909944487358055;0.18556740475630137;0.12909944487358055;0.12909944487358055;0.12909944487358055;0.18556740475630137;0.12909944487358055;0.12909944487358055;0.12909944487358055;0.6507913734559684;0.6669729688499156;0.6669729688499156;0.6669729688499156;0.6507913734559684;0.6669729688499156;0.6669729688499156;0.6669729688499156;0.18556740475630137;0.12909944487358055;0.12909944487358055;0.12909944487358055
0.0;0.1924500897298753;0.1636634176769943;0.1636634176769943;0.1636634176769943;0.1924500897298753;0.1636634176769943;0.1636634176769943;0.1636634176769943;0.1924500897298753;0.1636634176769943;0.1636634176769943;0.1636634176769943;0.5929994533288809;0.6123724356957946;0.6123724356957946;0.6123724356957946;0.5929994533288809;0.6123724356957946;0.6123724356957946;0.6123724356957946;0.1924500897298753;0.1636634176769943;0.1636634176769943;0.1636634176769943
0.3333333333333333;0.2946278254943948;0.2004459314343183;0.2004459314343183;0.2004459314343183;0.2946278254943948;0.2004459314343183;0.2004459314343183;0.2004459314343183;0.2946278254943948;0.2004459314343183;0.2004459314343183;0.2004459314343183;0.5855400437691199;0.5407380704358752;0.5407380704358752;0.5407380704358752;0.5855400437691199;0.5407380704358752;0.5407380704358752;0.5407380704358752;0.2946278254943948;0.2004459314343183;0.2004459314343183;0.2004459314343183
0.3333333333333333;0.1815682598006407;0.1342312110428049;0.1342312110428049;0.1342312110428049;0.1815682598006407;0.1342312110428049;0.1342312110428049;0.1342312110428049;0.1815682598006407;0.1342312110428049;0.1342312110428049;0.1342312110428049;0.5477743344639721;0.5580809183750252;0.5580809183750252;0.5580809183750252;0.5477743344639721;0.5580809183750252;0.5580809183750252;0.5580809183750252;0.1815682598006407;0.1342312110428049;0.1342312110428049;0.1342312110428049
1.0;0.06063390625908324;0.0;0.0;0.0;0.06063390625908324;0.0;0.0;0.0;0.06063390625908324;0.0;0.0;0.0;0.5128776445321725;0.5006261743217588;0.5006261743217588;0.5006261743217588;0.5128776445321725;0.5006261743217588;0.5006261743217588;0.5006261743217588;0.06063390625908324;0.0;0.0;0.0
0.0;0.1936007731655916;0.08944271909999159;0.08944271909999159;0.08944271909999159;0.1936007731655916;0.08944271909999159;0.08944271909999159;0.08944271909999159;0.1936007731655916;0.08944271909999159;0.08944271909999159;0.08944271909999159;0.6947125179709105;0.6972899219794573;0.6972899219794573;0.6972899219794573;0.6947125179709105;0.6972899219794573;0.6972899219794573;0.6972899219794573;0.1936007731655916;0.08944271909999159;0.08944271909999159;0.08944271909999159
0.0;0.09513029883089881;0.05270462766947299;0.05184758473652128;0.05184758473652128;0.09513029883089881;0.05270462766947299;0.05184758473652128;0.05184758473652128;0.09513029883089881;0.05270462766947299;0.05184758473652128;0.05184758473652128;0.6694386813952029;0.6864064729836442;0.6770671742301191;0.6770671742301191;0.6694386813952029;0.6864064729836442;0.6770671742301191;0.6770671742301191;0.09513029883089881;0.05270462766947299;0.05184758473652128;0.05184758473652128
0.3333333333333333;0.2041241452319315;0.13987572123604708;0.13987572123604708;0.13987572123604708;0.2041241452319315;0.13987572123604708;0.13987572123604708;0.13987572123604708;0.2041241452319315;0.13987572123604708;0.13987572123604708;0.13987572123604708;0.5333333333333333;0.5728918992315464;0.5728918992315464;0.5728918992315464;0.5333333333333333;0.5728918992315464;0.5728918992315464;0.5728918992315464;0.2041241452319315;0.13987572123604708;0.13987572123604708;0.13987572123604708
0.0;0.2445579940222592;0.1767766952966369;0.1767766952966369;0.1767766952966369;0.2445579940222592;0.1767766952966369;0.1767766952966369;0.1767766952966369;0.2445579940222592;0.1767766952966369;0.1767766952966369;0.1767766952966369;0.6708203932499369;0.7108057085060271;0.7108057085060271;0.7108057085060271;0.6708203932499369;0.7108057085060271;0.7108057085060271;0.7108057085060271;0.2445579940222592;0.1767766952966369;0.1767766952966369;0.1767766952966369
0.3333333333333333;0.11877113736973438;0.0;0.0;0.0;0.11877113736973438;0.0;0.0;0.0;0.11877113736973438;0.0;0.0;0.0;0.548539601632042;0.520997454872055;0.5120092829661708;0.5120092829661708;0.5457051563317492;0.5175491695067657;0.5085476277156078;0.5085476277156078;0.11877113736973438;0.0;0.0;0.0
0.3333333333333333;0.13834289277321493;0.08574929257125441;0.08333333333333333;0.08333333333333333;0.13834289277321493;0.08574929257125441;0.08333333333333333;0.08333333333333333;0.13834289277321493;0.08574929257125441;0.08333333333333333;0.08333333333333333;0.6238794669049377;0.6639173079224207;0.653819117799559;0.653819117799559;0.6211299937499416;0.6614769048245084;0.6510592946331425;0.6510592946331425;0.13834289277321493;0.08574929257125441;0.08333333333333333;0.08333333333333333
0.3333333333333333;0.27852424952911653;0.22470176588194152;0.22470176588194152;0.22470176588194152;0.27852424952911653;0.22470176588194152;0.22470176588194152;0.22470176588194152;0.27852424952911653;0.22470176588194152;0.22470176588194152;0.22470176588194152;0.6149186938124421;0.5923488777590924;0.5923488777590924;0.5923488777590924;0.6149186938124421;0.5923488777590924;0.5923488777590924;0.5923488777590924;0.27852424952911653;0.22470176588194152;0.22470176588194152;0.22470176588194152
0.6666666666666666;0.2253744679276044;0.12909944487358055;0.12909944487358055;0.12909944487358055;0.2253744679276044;0.12909944487358055;0.12909944487358055;0.12909944487358055;0.2253744679276044;0.12909944487358055;0.12909944487358055;0.12909944487358055;0.6305838039516608;0.6353380872022658;0.6353380872022658;0.6353380872022658;0.6305838039516608;0.6353380872022658;0.6353380872022658;0.6353380872022658;0.2253744679276044;0.12909944487358055;0.12909944487358055;0.12909944487358055
0.0;0.11858541225631422;0.04376881095324086;0.04376881095324086;0.04376881095324086;0.11858541225631422;0.04376881095324086;0.04376881095324086;0.04376881095324086;0.11858541225631422;0.04376881095324086;0.04376881095324086;0.04376881095324086;0.6636833832206752;0.6713445400103972;0.6713445400103972;0.6713445400103972;0.6625891564490792;0.6701240287602748;0.6701240287602748;0.6701240287602748;0.11858541225631422;0.04376881095324086;0.04376881095324086;0.04376881095324086
0.0;0.1843024451936214;0.08520286456846099;0.08520286456846099;0.08520286456846099;0.1843024451936214;0.08520286456846099;0.08520286456846099;0.08520286456846099;0.1843024451936214;0.08520286456846099;0.08520286456846099;0.08520286456846099;0.6694763580774189;0.6893838011261045;0.6893838011261045;0.6893838011261045;0.6681531047810609;0.6882472016116852;0.6882472016116852;0.6882472016116852;0.1843024451936214;0.08520286456846099;0.08520286456846099;0.08520286456846099
0.0;0.17213259316477408;0.14433756729740643;0.14433756729740643;0.14433756729740643;0.17213259316477408;0.14433756729740643;0.14433756729740643;0.14433756729740643;0.17213259316477408;0.14433756729740643;0.14433756729740643;0.14433756729740643;0.6362847629757779;0.6555622813752365;0.6555622813752365;0.6555622813752365;0.6362847629757779;0.6555622813752365;0.6555622813752365;0.6555622813752365;0.17213259316477408;0.14433756729740643;0.14433756729740643;0.14433756729740643
0.0;0.15191090506255;0.11322770341445959;0.1111111111111111;0.1111111111111111;0.15191090506255;0.11322770341445959;0.1111111111111111;0.1111111111111111;0.15191090506255;0.11322770341445959;0.1111111111111111;0.1111111111111111;0.5669467095138407;0.5768599504012304;0.5677749739576687;0.5677749739576687;0.5669467095138407;0.5768599504012304;0.5677749739576687;0.5677749739576687;0.15191090506255;0.11322770341445959;0.1111111111111111;0.1111111111111111
