Human;WBSM Lin StanfordCoreNLPv3_9_1;WBSM Lin BioCNLPTokenizer;WBSM Lin WhiteSpace;WBSM Cai StanfordCoreNLPv3_9_1;WBSM Cai BioCNLPTokenizer;WBSM Cai WhiteSpace;WBSM Resnik StanfordCoreNLPv3_9_1;WBSM Resnik BioCNLPTokenizer;WBSM Resnik WhiteSpace;WBSM WuPalmerFast StanfordCoreNLPv3_9_1;WBSM WuPalmerFast BioCNLPTokenizer;WBSM WuPalmerFast WhiteSpace;WBSM JiangConrath StanfordCoreNLPv3_9_1;WBSM JiangConrath BioCNLPTokenizer;WBSM JiangConrath WhiteSpace;WBSM CosNormJConrath StanfordCoreNLPv3_9_1;WBSM CosNormJConrath BioCNLPTokenizer;WBSM CosNormJConrath WhiteSpace
2.6666666666666665;0.3730019232961255;0.3903600291794133;0.3903600291794133;0.3730019232961255;0.3903600291794133;0.3903600291794133;0.3730019232961255;0.3903600291794133;0.3903600291794133;0.727392967453308;0.7559289460184545;0.7559289460184545;0.7559289460184545;0.727392967453308;0.7559289460184545;0.3730019232961255;0.3903600291794133;0.3903600291794133
1.3333333333333333;0.12262786789699315;0.13245323570650439;0.13245323570650439;0.12262786789699315;0.13245323570650439;0.13245323570650439;0.12262786789699315;0.13245323570650439;0.13245323570650439;0.4935819976516537;0.5181991426446977;0.5181991426446977;0.512989176042577;0.4879500364742666;0.512989176042577;0.12262786789699315;0.13245323570650439;0.13245323570650439
4.0;0.3077935056255462;0.3077935056255462;0.3077935056255462;0.3077935056255462;0.3077935056255462;0.3077935056255462;0.3077935056255462;0.3077935056255462;0.3077935056255462;0.6881445113564779;0.6881445113564779;0.6881445113564779;0.6849495194215732;0.6849495194215732;0.6849495194215732;0.3077935056255462;0.3077935056255462;0.3077935056255462
2.6666666666666665;0.27386127875258304;0.28603877677367767;0.28603877677367767;0.27386127875258304;0.28603877677367767;0.28603877677367767;0.27386127875258304;0.28603877677367767;0.28603877677367767;0.6950384967272144;0.7181645746567549;0.7181645746567549;0.7147416898918633;0.6913011298202835;0.7147416898918633;0.27386127875258304;0.28603877677367767;0.28603877677367767
2.6666666666666665;0.24494897427831783;0.2558408596267325;0.2558408596267325;0.24494897427831783;0.2558408596267325;0.2558408596267325;0.24494897427831783;0.2558408596267325;0.2558408596267325;0.636929755298482;0.6600983619844495;0.6600983619844495;0.6600983619844495;0.636929755298482;0.6600983619844495;0.24494897427831783;0.2558408596267325;0.2558408596267325
1.6666666666666667;0.32539568672798425;0.24343224778007383;0.24343224778007383;0.32539568672798425;0.24343224778007383;0.24343224778007383;0.32539568672798425;0.24343224778007383;0.24343224778007383;0.7348469228349535;0.7112867591590193;0.7112867591590193;0.7112867591590193;0.7348469228349535;0.7112867591590193;0.32539568672798425;0.24343224778007383;0.24343224778007383
2.3333333333333335;0.4036036763977875;0.4036036763977875;0.4036036763977875;0.4036036763977875;0.4036036763977875;0.4036036763977875;0.4036036763977875;0.4036036763977875;0.4036036763977875;0.5892556509887896;0.5892556509887896;0.5892556509887896;0.5892556509887896;0.5892556509887896;0.5892556509887896;0.4036036763977875;0.4036036763977875;0.4036036763977875
1.0;0.16222142113076254;0.17149858514250885;0.17149858514250885;0.16222142113076254;0.17149858514250885;0.17149858514250885;0.16222142113076254;0.17149858514250885;0.17149858514250885;0.554321862524587;0.5813776741499453;0.5813776741499453;0.5813776741499453;0.554321862524587;0.5813776741499453;0.16222142113076254;0.17149858514250885;0.17149858514250885
1.6666666666666667;0.42700841014689905;0.4626519455729923;0.4626519455729923;0.42700841014689905;0.4626519455729923;0.4626519455729923;0.42700841014689905;0.4626519455729923;0.4626519455729923;0.7120516440958823;0.7648661601319408;0.7648661601319408;0.7648661601319408;0.7120516440958823;0.7648661601319408;0.42700841014689905;0.4626519455729923;0.4626519455729923
3.0;0.3241018617760822;0.3450327796711771;0.3450327796711771;0.3241018617760822;0.3450327796711771;0.3450327796711771;0.3241018617760822;0.3450327796711771;0.3450327796711771;0.6668859288553501;0.7029594915666377;0.7029594915666377;0.7029594915666377;0.6668859288553501;0.7029594915666377;0.3241018617760822;0.3450327796711771;0.3450327796711771
1.6666666666666667;0.2760262237369417;0.2760262237369417;0.2760262237369417;0.2760262237369417;0.2760262237369417;0.2760262237369417;0.2760262237369417;0.2760262237369417;0.2760262237369417;0.6851601597031488;0.6851601597031488;0.6851601597031488;0.6851601597031488;0.6851601597031488;0.6851601597031488;0.2760262237369417;0.2760262237369417;0.2760262237369417
1.3333333333333333;0.2153527608232662;0.2253744679276044;0.2253744679276044;0.2153527608232662;0.2253744679276044;0.2253744679276044;0.2153527608232662;0.2253744679276044;0.2253744679276044;0.5594309277855157;0.5813776741499453;0.5813776741499453;0.5813776741499453;0.5594309277855157;0.5813776741499453;0.2153527608232662;0.2253744679276044;0.2253744679276044
1.3333333333333333;0.26681493838602804;0.214422506967559;0.214422506967559;0.26681493838602804;0.214422506967559;0.214422506967559;0.26681493838602804;0.214422506967559;0.214422506967559;0.6510981903111251;0.632126727471794;0.632126727471794;0.6301961180038697;0.649405416832664;0.6301961180038697;0.26681493838602804;0.214422506967559;0.214422506967559
1.0;0.16064386578049977;0.16609095970747995;0.16609095970747995;0.16064386578049977;0.16609095970747995;0.16609095970747995;0.16064386578049977;0.16609095970747995;0.16609095970747995;0.5294850549069265;0.5474387739175928;0.5474387739175928;0.5459208336840117;0.5280168968110514;0.5459208336840117;0.16064386578049977;0.16609095970747995;0.16609095970747995
1.6666666666666667;0.21081851067789195;0.22360679774997896;0.22360679774997896;0.21081851067789195;0.22360679774997896;0.22360679774997896;0.21081851067789195;0.22360679774997896;0.22360679774997896;0.4714045207910317;0.5;0.5;0.5;0.4714045207910317;0.5;0.21081851067789195;0.22360679774997896;0.22360679774997896
2.3333333333333335;0.2858309752375147;0.30316953129541624;0.30316953129541624;0.2858309752375147;0.30316953129541624;0.30316953129541624;0.2858309752375147;0.30316953129541624;0.30316953129541624;0.5714285714285714;0.6007514091861106;0.6007514091861106;0.6007514091861106;0.5714285714285714;0.6007514091861106;0.2858309752375147;0.30316953129541624;0.30316953129541624
3.0;0.3619613829965134;0.3796283011826483;0.3796283011826483;0.3619613829965134;0.3796283011826483;0.3796283011826483;0.3619613829965134;0.3796283011826483;0.3796283011826483;0.6086956521739131;0.6370220572706062;0.6370220572706062;0.6370220572706062;0.6086956521739131;0.6370220572706062;0.3619613829965134;0.3796283011826483;0.3796283011826483
2.3333333333333335;0.15990053726670783;0.16770509831248423;0.16770509831248423;0.15990053726670783;0.16770509831248423;0.16770509831248423;0.15990053726670783;0.16770509831248423;0.16770509831248423;0.6;0.6255432421712243;0.6255432421712243;0.6255432421712243;0.6;0.6255432421712243;0.15990053726670783;0.16770509831248423;0.16770509831248423
3.0;0.23132597278649614;0.24209101306752098;0.24209101306752098;0.23132597278649614;0.24209101306752098;0.24209101306752098;0.23132597278649614;0.24209101306752098;0.24209101306752098;0.7487048859271456;0.7769677791040542;0.7769677791040542;0.7769677791040542;0.7487048859271456;0.7769677791040542;0.23132597278649614;0.24209101306752098;0.24209101306752098
1.6666666666666667;0.32163376045133846;0.26943012562182533;0.26943012562182533;0.32163376045133846;0.26943012562182533;0.26943012562182533;0.32163376045133846;0.26943012562182533;0.26943012562182533;0.6761234037828132;0.6567895774291854;0.6567895774291854;0.6567895774291854;0.6761234037828132;0.6567895774291854;0.32163376045133846;0.26943012562182533;0.26943012562182533
3.0;0.41702882811414954;0.41702882811414954;0.41702882811414954;0.41702882811414954;0.41702882811414954;0.41702882811414954;0.41702882811414954;0.41702882811414954;0.41702882811414954;0.6847367880174607;0.6847367880174607;0.6847367880174607;0.6847367880174607;0.6847367880174607;0.6847367880174607;0.41702882811414954;0.41702882811414954;0.41702882811414954
2.6666666666666665;0.15430334996209194;0.15430334996209194;0.15430334996209194;0.15430334996209194;0.15430334996209194;0.15430334996209194;0.15430334996209194;0.15430334996209194;0.15430334996209194;0.5039526306789697;0.5039526306789697;0.5039526306789697;0.5039526306789697;0.5039526306789697;0.5039526306789697;0.15430334996209194;0.15430334996209194;0.15430334996209194
1.6666666666666667;0.1143323900950059;0.1143323900950059;0.1143323900950059;0.1143323900950059;0.1143323900950059;0.1143323900950059;0.1143323900950059;0.1143323900950059;0.1143323900950059;0.4662524041201569;0.4662524041201569;0.4662524041201569;0.4662524041201569;0.4662524041201569;0.4662524041201569;0.1143323900950059;0.1143323900950059;0.1143323900950059
3.0;0.3279680246763151;0.3279680246763151;0.3279680246763151;0.3279680246763151;0.3279680246763151;0.3279680246763151;0.3279680246763151;0.3279680246763151;0.3279680246763151;0.5855400437691199;0.5855400437691199;0.5855400437691199;0.5855400437691199;0.5855400437691199;0.5855400437691199;0.3279680246763151;0.3279680246763151;0.3279680246763151
2.6666666666666665;0.45501575519329013;0.47836487323493987;0.47836487323493987;0.45501575519329013;0.47836487323493987;0.47836487323493987;0.45501575519329013;0.47836487323493987;0.47836487323493987;0.64;0.6672461249826392;0.6672461249826392;0.6672461249826392;0.64;0.6672461249826392;0.45501575519329013;0.47836487323493987;0.47836487323493987
2.6666666666666665;0.41247895569215276;0.44095855184409843;0.44095855184409843;0.41247895569215276;0.44095855184409843;0.44095855184409843;0.41247895569215276;0.44095855184409843;0.44095855184409843;0.6155870112510924;0.6507913734559685;0.6507913734559685;0.6507913734559685;0.6155870112510924;0.6507913734559685;0.41247895569215276;0.44095855184409843;0.44095855184409843
2.0;0.45175395145262565;0.40201512610368484;0.40201512610368484;0.45175395145262565;0.40201512610368484;0.40201512610368484;0.45175395145262565;0.40201512610368484;0.40201512610368484;0.6616931598844269;0.6374552583116766;0.6374552583116766;0.6374552583116766;0.6616931598844269;0.6374552583116766;0.45175395145262565;0.40201512610368484;0.40201512610368484
2.0;0.16151457061744964;0.1734944795898721;0.1734944795898721;0.16151457061744964;0.1734944795898721;0.1734944795898721;0.16151457061744964;0.1734944795898721;0.1734944795898721;0.6285393610547089;0.6564879518897745;0.6564879518897745;0.6564879518897745;0.6285393610547089;0.6564879518897745;0.16151457061744964;0.1734944795898721;0.1734944795898721
2.6666666666666665;0.5743796858006127;0.593855686848672;0.593855686848672;0.5743796858006127;0.593855686848672;0.593855686848672;0.5743796858006127;0.593855686848672;0.593855686848672;0.7807200583588265;0.8040302522073696;0.8040302522073696;0.8040302522073696;0.7807200583588265;0.8040302522073696;0.5743796858006127;0.593855686848672;0.593855686848672
1.0;0.360301879288836;0.3734080224074693;0.3734080224074693;0.360301879288836;0.3734080224074693;0.3734080224074693;0.360301879288836;0.3734080224074693;0.3734080224074693;0.6207522318391883;0.6425396041156863;0.6425396041156863;0.6425396041156863;0.6207522318391883;0.6425396041156863;0.360301879288836;0.3734080224074693;0.3734080224074693
3.0;0.15877683720748895;0.1690308509457033;0.1690308509457033;0.15877683720748895;0.1690308509457033;0.1690308509457033;0.15877683720748895;0.1690308509457033;0.1690308509457033;0.6582426287630115;0.6888747637021416;0.6888747637021416;0.6888747637021416;0.6582426287630115;0.6888747637021416;0.15877683720748895;0.1690308509457033;0.1690308509457033
3.0;0.23112508176051216;0.23112508176051216;0.23112508176051216;0.23112508176051216;0.23112508176051216;0.23112508176051216;0.23112508176051216;0.23112508176051216;0.23112508176051216;0.5306686305052324;0.5306686305052324;0.5306686305052324;0.5306686305052324;0.5306686305052324;0.5306686305052324;0.23112508176051216;0.23112508176051216;0.23112508176051216
1.0;0.23782574707724707;0.23782574707724707;0.23782574707724707;0.23782574707724707;0.23782574707724707;0.23782574707724707;0.23782574707724707;0.23782574707724707;0.23782574707724707;0.6207522318391883;0.6207522318391883;0.6207522318391883;0.6207522318391883;0.6207522318391883;0.6207522318391883;0.23782574707724707;0.23782574707724707;0.23782574707724707
2.0;0.17039954414774927;0.17039954414774927;0.17039954414774927;0.17039954414774927;0.17039954414774927;0.17039954414774927;0.17039954414774927;0.17039954414774927;0.17039954414774927;0.5646597025732799;0.5646597025732799;0.5646597025732799;0.5646597025732799;0.5646597025732799;0.5646597025732799;0.17039954414774927;0.17039954414774927;0.17039954414774927
2.0;0.4085297439895141;0.4085297439895141;0.4085297439895141;0.4085297439895141;0.4085297439895141;0.4085297439895141;0.4085297439895141;0.4085297439895141;0.4085297439895141;0.806801581908253;0.806801581908253;0.806801581908253;0.806801581908253;0.806801581908253;0.806801581908253;0.4085297439895141;0.4085297439895141;0.4085297439895141
0.0;0.06537204504606135;0.06537204504606135;0.06537204504606135;0.06537204504606135;0.06537204504606135;0.06537204504606135;0.06537204504606135;0.06537204504606135;0.06537204504606135;0.5740378478819278;0.5740378478819278;0.5740378478819278;0.5740378478819278;0.5740378478819278;0.5740378478819278;0.06537204504606135;0.06537204504606135;0.06537204504606135
1.3333333333333333;0.14433756729740646;0.14433756729740646;0.14433756729740646;0.14433756729740646;0.14433756729740646;0.14433756729740646;0.14433756729740646;0.14433756729740646;0.14433756729740646;0.608697642933518;0.608697642933518;0.608697642933518;0.608697642933518;0.608697642933518;0.608697642933518;0.14433756729740646;0.14433756729740646;0.14433756729740646
2.3333333333333335;0.22271770159368698;0.22271770159368698;0.22271770159368698;0.22271770159368698;0.22271770159368698;0.22271770159368698;0.22271770159368698;0.22271770159368698;0.22271770159368698;0.7217761317151776;0.7217761317151776;0.7217761317151776;0.7201579347479219;0.7201579347479219;0.7201579347479219;0.22271770159368698;0.22271770159368698;0.22271770159368698
0.3333333333333333;0.12573892269238632;0.12573892269238632;0.12573892269238632;0.12573892269238632;0.12573892269238632;0.12573892269238632;0.12573892269238632;0.12573892269238632;0.12573892269238632;0.756978119245116;0.756978119245116;0.756978119245116;0.756978119245116;0.756978119245116;0.756978119245116;0.12573892269238632;0.12573892269238632;0.12573892269238632
1.0;0.29957234475763905;0.29957234475763905;0.29957234475763905;0.29957234475763905;0.29957234475763905;0.29957234475763905;0.29957234475763905;0.29957234475763905;0.29957234475763905;0.7111590022187595;0.7111590022187595;0.7111590022187595;0.7111590022187595;0.7111590022187595;0.7111590022187595;0.29957234475763905;0.29957234475763905;0.29957234475763905
3.0;0.40406101782088427;0.40406101782088427;0.40406101782088427;0.40406101782088427;0.40406101782088427;0.40406101782088427;0.40406101782088427;0.40406101782088427;0.40406101782088427;0.7201931413999583;0.7201931413999583;0.7201931413999583;0.7201931413999583;0.7201931413999583;0.7201931413999583;0.40406101782088427;0.40406101782088427;0.40406101782088427
2.0;0.30618621784789724;0.26648544566940835;0.26648544566940835;0.30618621784789724;0.26648544566940835;0.26648544566940835;0.30618621784789724;0.26648544566940835;0.26648544566940835;0.7356521196761696;0.7431505414602935;0.7431505414602935;0.7431505414602935;0.7356521196761696;0.7431505414602935;0.30618621784789724;0.26648544566940835;0.26648544566940835
1.0;0.33601075251612356;0.2680281337094487;0.2680281337094487;0.33601075251612356;0.2680281337094487;0.2680281337094487;0.33601075251612356;0.2680281337094487;0.2680281337094487;0.5786375623578447;0.5445100807792042;0.5445100807792042;0.5445100807792042;0.5786375623578447;0.5445100807792042;0.33601075251612356;0.2680281337094487;0.2680281337094487
1.3333333333333333;0.20515248496555455;0.21320071635561041;0.21320071635561041;0.20515248496555455;0.21320071635561041;0.21320071635561041;0.20515248496555455;0.21320071635561041;0.21320071635561041;0.6960116625691227;0.7145752309013801;0.7145752309013801;0.7145752309013801;0.6960116625691227;0.7145752309013801;0.20515248496555455;0.21320071635561041;0.21320071635561041
1.6666666666666667;0.22677868380553634;0.16357216402190616;0.16357216402190616;0.22677868380553634;0.16357216402190616;0.16357216402190616;0.22677868380553634;0.16357216402190616;0.16357216402190616;0.6766606493215211;0.6573757351339165;0.6573757351339165;0.6573757351339165;0.6766606493215211;0.6573757351339165;0.22677868380553634;0.16357216402190616;0.16357216402190616
0.6666666666666666;0.22821773229381923;0.15152288168283162;0.15152288168283162;0.22821773229381923;0.15152288168283162;0.15152288168283162;0.22821773229381923;0.15152288168283162;0.15152288168283162;0.7241484252352938;0.70610876274229;0.70610876274229;0.7035264706814485;0.7219295436604962;0.7035264706814485;0.22821773229381923;0.15152288168283162;0.15152288168283162
1.3333333333333333;0.5100613704506707;0.4779521193992432;0.4779521193992432;0.5100613704506707;0.4779521193992432;0.4779521193992432;0.5100613704506707;0.4779521193992432;0.4779521193992432;0.7195524177001852;0.7042952122737638;0.7042952122737638;0.7042952122737638;0.7195524177001852;0.7042952122737638;0.5100613704506707;0.4779521193992432;0.4779521193992432
2.0;0.3644054444067475;0.32954102182865386;0.32954102182865386;0.3644054444067475;0.32954102182865386;0.32954102182865386;0.3644054444067475;0.32954102182865386;0.32954102182865386;0.7156282175958394;0.7035623639735143;0.7035623639735143;0.7035623639735143;0.7156282175958394;0.7035623639735143;0.3644054444067475;0.32954102182865386;0.32954102182865386
2.0;0.2904737509655563;0.3006688971514774;0.3006688971514774;0.2904737509655563;0.3006688971514774;0.3006688971514774;0.2904737509655563;0.3006688971514774;0.3006688971514774;0.7389335066653341;0.7581297814690037;0.7581297814690037;0.7581297814690037;0.7389335066653341;0.7581297814690037;0.2904737509655563;0.3006688971514774;0.3006688971514774
0.6666666666666666;0.14142135623730953;0.15430334996209194;0.15430334996209194;0.14142135623730953;0.15430334996209194;0.15430334996209194;0.14142135623730953;0.15430334996209194;0.15430334996209194;0.5188745216627708;0.5604485383178051;0.5604485383178051;0.5604485383178051;0.5188745216627708;0.5604485383178051;0.14142135623730953;0.15430334996209194;0.15430334996209194
3.0;0.4796011377111684;0.46709936649691375;0.46709936649691375;0.4796011377111684;0.46709936649691375;0.46709936649691375;0.4796011377111684;0.46709936649691375;0.46709936649691375;0.7223078957062172;0.7264829345013957;0.7264829345013957;0.7248824356090754;0.7205766921228922;0.7248824356090754;0.4796011377111684;0.46709936649691375;0.46709936649691375
3.0;0.2946278254943948;0.3077287274483318;0.3077287274483318;0.2946278254943948;0.3077287274483318;0.3077287274483318;0.2946278254943948;0.3077287274483318;0.3077287274483318;0.7385489458759964;0.7675225788801975;0.7675225788801975;0.7675225788801975;0.7385489458759964;0.7675225788801975;0.2946278254943948;0.3077287274483318;0.3077287274483318
1.3333333333333333;0.3105295017040594;0.25979436665882194;0.25979436665882194;0.3105295017040594;0.25979436665882194;0.25979436665882194;0.3105295017040594;0.25979436665882194;0.25979436665882194;0.7217549671170539;0.7068454221751479;0.7068454221751479;0.7068454221751479;0.7217549671170539;0.7068454221751479;0.3105295017040594;0.25979436665882194;0.25979436665882194
2.0;0.4291975376394761;0.4036036763977875;0.4036036763977875;0.4291975376394761;0.4036036763977875;0.4036036763977875;0.4291975376394761;0.4036036763977875;0.4036036763977875;0.7496587917803454;0.7548398491282626;0.7548398491282626;0.7548398491282626;0.7496587917803454;0.7548398491282626;0.4291975376394761;0.4036036763977875;0.4036036763977875
2.0;0.2558408596267325;0.2667325346846322;0.2667325346846322;0.2558408596267325;0.2667325346846322;0.2667325346846322;0.2558408596267325;0.2667325346846322;0.2667325346846322;0.7187499999999999;0.7423218080230882;0.7423218080230882;0.7423218080230882;0.7187499999999999;0.7423218080230882;0.2558408596267325;0.2667325346846322;0.2667325346846322
1.0;0.0657951694959769;0.06917144638660747;0.06917144638660747;0.0657951694959769;0.06917144638660747;0.06917144638660747;0.0657951694959769;0.06917144638660747;0.06917144638660747;0.5;0.5212860351426869;0.5212860351426869;0.5212860351426869;0.5;0.5212860351426869;0.0657951694959769;0.06917144638660747;0.06917144638660747
1.6666666666666667;0.14625448482542613;0.14969623771302396;0.14969623771302396;0.14625448482542613;0.14969623771302396;0.14969623771302396;0.14625448482542613;0.14969623771302396;0.14969623771302396;0.683536555146996;0.6976315752707978;0.6976315752707978;0.6976315752707978;0.683536555146996;0.6976315752707978;0.14625448482542613;0.14969623771302396;0.14969623771302396
2.0;0.27788500718836423;0.23539595453459985;0.23539595453459985;0.27788500718836423;0.23539595453459985;0.23539595453459985;0.27788500718836423;0.23539595453459985;0.23539595453459985;0.7606275151922063;0.7506834775278317;0.7506834775278317;0.7501628134177435;0.7601520456152053;0.7501628134177435;0.27788500718836423;0.23539595453459985;0.23539595453459985
0.3333333333333333;0.200643088476282;0.13093073414159545;0.13093073414159545;0.200643088476282;0.13093073414159545;0.13093073414159545;0.200643088476282;0.13093073414159545;0.13093073414159545;0.677643998637108;0.6575355056394069;0.6575355056394069;0.6575355056394069;0.677643998637108;0.6575355056394069;0.200643088476282;0.13093073414159545;0.13093073414159545
2.3333333333333335;0.3233808333817773;0.2857142857142857;0.2857142857142857;0.3233808333817773;0.2857142857142857;0.2857142857142857;0.3233808333817773;0.2857142857142857;0.2857142857142857;0.7212050874165417;0.710010722691882;0.710010722691882;0.710010722691882;0.7212050874165417;0.710010722691882;0.3233808333817773;0.2857142857142857;0.2857142857142857
2.0;0.21693045781865616;0.21693045781865616;0.21693045781865616;0.21693045781865616;0.21693045781865616;0.21693045781865616;0.21693045781865616;0.21693045781865616;0.21693045781865616;0.6917144638660746;0.6917144638660746;0.6917144638660746;0.6917144638660746;0.6917144638660746;0.6917144638660746;0.21693045781865616;0.21693045781865616;0.21693045781865616
1.3333333333333333;0.2653343152526162;0.2653343152526162;0.2653343152526162;0.2653343152526162;0.2653343152526162;0.2653343152526162;0.2653343152526162;0.2653343152526162;0.2653343152526162;0.5627748595326503;0.5627748595326503;0.5627748595326503;0.5627748595326503;0.5627748595326503;0.5627748595326503;0.2653343152526162;0.2653343152526162;0.2653343152526162
2.6666666666666665;0.762000762001143;0.7458698539828915;0.7458698539828915;0.762000762001143;0.7458698539828915;0.7458698539828915;0.762000762001143;0.7458698539828915;0.7458698539828915;0.762000762001143;0.7458698539828915;0.7458698539828915;0.7458698539828915;0.762000762001143;0.7458698539828915;0.762000762001143;0.7458698539828915;0.7458698539828915
1.0;0.07412493166611013;0.07412493166611013;0.07412493166611013;0.07412493166611013;0.07412493166611013;0.07412493166611013;0.07412493166611013;0.07412493166611013;0.07412493166611013;0.5144957554275266;0.5144957554275266;0.5144957554275266;0.5144957554275266;0.5144957554275266;0.5144957554275266;0.07412493166611013;0.07412493166611013;0.07412493166611013
0.3333333333333333;0.2130071614211525;0.140028008402801;0.140028008402801;0.2130071614211525;0.140028008402801;0.140028008402801;0.2130071614211525;0.140028008402801;0.140028008402801;0.636929755298482;0.6123724356957945;0.6123724356957945;0.6123724356957945;0.636929755298482;0.6123724356957945;0.2130071614211525;0.140028008402801;0.140028008402801
1.3333333333333333;0.3721042037676254;0.3721042037676254;0.3721042037676254;0.3721042037676254;0.3721042037676254;0.3721042037676254;0.3721042037676254;0.3721042037676254;0.3721042037676254;0.6831300510639733;0.6831300510639733;0.6831300510639733;0.6831300510639733;0.6831300510639733;0.6831300510639733;0.3721042037676254;0.3721042037676254;0.3721042037676254
1.3333333333333333;0.24764219818702876;0.2530855341217655;0.2530855341217655;0.24764219818702876;0.2530855341217655;0.2530855341217655;0.24764219818702876;0.2530855341217655;0.2530855341217655;0.5901317066594033;0.6025568946215831;0.6025568946215831;0.6025568946215831;0.5901317066594033;0.6025568946215831;0.24764219818702876;0.2530855341217655;0.2530855341217655
2.3333333333333335;0.14888750009563956;0.1543033499620919;0.1543033499620919;0.14888750009563956;0.1543033499620919;0.1543033499620919;0.14888750009563956;0.1543033499620919;0.1543033499620919;0.6266795614405122;0.6465790872963897;0.6465790872963897;0.6465790872963897;0.6266795614405122;0.6465790872963897;0.14888750009563956;0.1543033499620919;0.1543033499620919
3.0;0.4151682458530185;0.4151682458530185;0.4151682458530185;0.4151682458530185;0.4151682458530185;0.4151682458530185;0.4151682458530185;0.4151682458530185;0.4151682458530185;0.747017880833996;0.747017880833996;0.747017880833996;0.747017880833996;0.747017880833996;0.747017880833996;0.4151682458530185;0.4151682458530185;0.4151682458530185
3.0;0.21161947784524243;0.21442250696755896;0.21442250696755896;0.21161947784524243;0.21442250696755896;0.21442250696755896;0.21161947784524243;0.21442250696755896;0.21442250696755896;0.6590284933204408;0.6670170091506027;0.6670170091506027;0.6670170091506027;0.6590284933204408;0.6670170091506027;0.21161947784524243;0.21442250696755896;0.21442250696755896
3.0;0.3644054444067475;0.32954102182865386;0.32954102182865386;0.3644054444067475;0.32954102182865386;0.32954102182865386;0.3644054444067475;0.32954102182865386;0.32954102182865386;0.6876492456329315;0.6740723421552236;0.6740723421552236;0.6740723421552236;0.6876492456329315;0.6740723421552236;0.3644054444067475;0.32954102182865386;0.32954102182865386
1.3333333333333333;0.3698001308168194;0.3287979746107146;0.3287979746107146;0.3698001308168194;0.3287979746107146;0.3287979746107146;0.3698001308168194;0.3287979746107146;0.3287979746107146;0.7029399400673935;0.6880237084407945;0.6880237084407945;0.6880237084407945;0.7029399400673935;0.6880237084407945;0.3698001308168194;0.3287979746107146;0.3287979746107146
3.0;0.3135447206678483;0.3135447206678483;0.3135447206678483;0.3135447206678483;0.3135447206678483;0.3135447206678483;0.3135447206678483;0.3135447206678483;0.3135447206678483;0.6678944147908079;0.6678944147908079;0.6678944147908079;0.6678944147908079;0.6678944147908079;0.6678944147908079;0.3135447206678483;0.3135447206678483;0.3135447206678483
1.3333333333333333;0.16116459280507606;0.08770580193070293;0.08770580193070293;0.16116459280507606;0.08770580193070293;0.08770580193070293;0.16116459280507606;0.08770580193070293;0.08770580193070293;0.6269355057278587;0.6032506032509048;0.6032506032509048;0.6032506032509048;0.6269355057278587;0.6032506032509048;0.16116459280507606;0.08770580193070293;0.08770580193070293
4.0;0.2618614682831909;0.2618614682831909;0.2618614682831909;0.2618614682831909;0.2618614682831909;0.2618614682831909;0.2618614682831909;0.2618614682831909;0.2618614682831909;0.5717933519134906;0.5717933519134906;0.5717933519134906;0.5717933519134906;0.5717933519134906;0.5717933519134906;0.2618614682831909;0.2618614682831909;0.2618614682831909
2.6666666666666665;0.41247895569215276;0.43082021842766455;0.43082021842766455;0.41247895569215276;0.43082021842766455;0.43082021842766455;0.41247895569215276;0.43082021842766455;0.43082021842766455;0.7257747386024231;0.7542472332656508;0.7542472332656508;0.7542472332656508;0.7257747386024231;0.7542472332656508;0.41247895569215276;0.43082021842766455;0.43082021842766455
0.3333333333333333;0.09304842103984709;0.09304842103984709;0.09304842103984709;0.09304842103984709;0.09304842103984709;0.09304842103984709;0.09304842103984709;0.09304842103984709;0.09304842103984709;0.5098499285104608;0.5098499285104608;0.5098499285104608;0.5098499285104608;0.5098499285104608;0.5098499285104608;0.09304842103984709;0.09304842103984709;0.09304842103984709
0.0;0.058722021951470346;0.06085806194501844;0.06085806194501844;0.058722021951470346;0.06085806194501844;0.06085806194501844;0.058722021951470346;0.06085806194501844;0.06085806194501844;0.44946657497549475;0.4637388957601683;0.4637388957601683;0.4637388957601683;0.44946657497549475;0.4637388957601683;0.058722021951470346;0.06085806194501844;0.06085806194501844
0.0;0.11470786693528086;0.041594516540385144;0.041594516540385144;0.11470786693528086;0.041594516540385144;0.041594516540385144;0.11470786693528086;0.041594516540385144;0.041594516540385144;0.563436169819011;0.5378528742004771;0.5378528742004771;0.5378528742004771;0.563436169819011;0.5378528742004771;0.11470786693528086;0.041594516540385144;0.041594516540385144
0.0;0.1734944795898721;0.1734944795898721;0.1734944795898721;0.1734944795898721;0.1734944795898721;0.1734944795898721;0.1734944795898721;0.1734944795898721;0.1734944795898721;0.694022093788567;0.694022093788567;0.694022093788567;0.694022093788567;0.694022093788567;0.694022093788567;0.1734944795898721;0.1734944795898721;0.1734944795898721
0.6666666666666666;0.2727723627949905;0.18394180184548972;0.18394180184548972;0.2727723627949905;0.18394180184548972;0.18394180184548972;0.2727723627949905;0.18394180184548972;0.18394180184548972;0.6689936080056726;0.6390096504226938;0.6390096504226938;0.6390096504226938;0.6689936080056726;0.6390096504226938;0.2727723627949905;0.18394180184548972;0.18394180184548972
0.3333333333333333;0.2076136996343499;0.17342199390482402;0.17342199390482402;0.2076136996343499;0.17342199390482402;0.17342199390482402;0.2076136996343499;0.17342199390482402;0.17342199390482402;0.5622331348243796;0.5474286073884874;0.5474286073884874;0.5474286073884874;0.5622331348243796;0.5474286073884874;0.2076136996343499;0.17342199390482402;0.17342199390482402
0.6666666666666666;0.2551551815399144;0.1709408646894569;0.1709408646894569;0.2551551815399144;0.1709408646894569;0.1709408646894569;0.2551551815399144;0.1709408646894569;0.1709408646894569;0.7577722283113839;0.7395739969534468;0.7395739969534468;0.7395739969534468;0.7577722283113839;0.7395739969534468;0.2551551815399144;0.1709408646894569;0.1709408646894569
0.3333333333333333;0.20228869496966947;0.20228869496966947;0.20228869496966947;0.20228869496966947;0.20228869496966947;0.20228869496966947;0.20228869496966947;0.20228869496966947;0.20228869496966947;0.6937819061732103;0.6937819061732103;0.6937819061732103;0.6937819061732103;0.6937819061732103;0.6937819061732103;0.20228869496966947;0.20228869496966947;0.20228869496966947
0.3333333333333333;0.11952286093343936;0.11952286093343936;0.11952286093343936;0.11952286093343936;0.11952286093343936;0.11952286093343936;0.11952286093343936;0.11952286093343936;0.11952286093343936;0.6265969327670922;0.6265969327670922;0.6265969327670922;0.6265969327670922;0.6265969327670922;0.6265969327670922;0.11952286093343936;0.11952286093343936;0.11952286093343936
0.0;0.23570226039551587;0.23570226039551587;0.23570226039551587;0.23570226039551587;0.23570226039551587;0.23570226039551587;0.23570226039551587;0.23570226039551587;0.23570226039551587;0.5380275868489702;0.5380275868489702;0.5380275868489702;0.5380275868489702;0.5380275868489702;0.5380275868489702;0.23570226039551587;0.23570226039551587;0.23570226039551587
0.0;0.15491933384829668;0.16151457061744964;0.16151457061744964;0.15491933384829668;0.16151457061744964;0.16151457061744964;0.15491933384829668;0.16151457061744964;0.16151457061744964;0.6407116072277477;0.6617241025372945;0.6617241025372945;0.6617241025372945;0.6407116072277477;0.6617241025372945;0.15491933384829668;0.16151457061744964;0.16151457061744964
0.0;0.12524485821702988;0.1333333333333333;0.1333333333333333;0.12524485821702988;0.1333333333333333;0.1333333333333333;0.12524485821702988;0.1333333333333333;0.1333333333333333;0.6708203932499369;0.6993786061802354;0.6993786061802354;0.6993786061802354;0.6708203932499369;0.6993786061802354;0.12524485821702988;0.1333333333333333;0.1333333333333333
1.0;0.1563858105428061;0.1636634176769943;0.1636634176769943;0.1563858105428061;0.1636634176769943;0.1636634176769943;0.1563858105428061;0.1636634176769943;0.1636634176769943;0.56;0.5838403593598094;0.5838403593598094;0.5838403593598094;0.56;0.5838403593598094;0.1563858105428061;0.1636634176769943;0.1636634176769943
0.0;0.13245323570650439;0.07106690545187015;0.07106690545187015;0.13245323570650439;0.07106690545187015;0.07106690545187015;0.13245323570650439;0.07106690545187015;0.07106690545187015;0.7327907262791404;0.7207353602116796;0.7207353602116796;0.7207353602116796;0.7327907262791404;0.7207353602116796;0.13245323570650439;0.07106690545187015;0.07106690545187015
0.0;0.0;0.0;0.0;0.0;0.0;0.0;0.0;0.0;0.0;0.5570860145311556;0.6;0.6;0.6;0.5570860145311556;0.6;0.0;0.0;0.0
0.0;0.20100756305184242;0.11180339887498948;0.11180339887498948;0.20100756305184242;0.11180339887498948;0.11180339887498948;0.20100756305184242;0.11180339887498948;0.11180339887498948;0.5910828046793255;0.5563486402641868;0.5563486402641868;0.5563486402641868;0.5910828046793255;0.5563486402641868;0.20100756305184242;0.11180339887498948;0.11180339887498948
0.6666666666666666;0.25;0.18333969940564224;0.18333969940564224;0.25;0.18333969940564224;0.18333969940564224;0.25;0.18333969940564224;0.18333969940564224;0.6753032524419089;0.6556100681071858;0.6556100681071858;0.6556100681071858;0.6753032524419089;0.6556100681071858;0.25;0.18333969940564224;0.18333969940564224
0.0;0.13764944032233706;0.14552137502179976;0.14552137502179976;0.13764944032233706;0.14552137502179976;0.14552137502179976;0.13764944032233706;0.14552137502179976;0.14552137502179976;0.740656079818041;0.7666518779999278;0.7666518779999278;0.7666518779999278;0.740656079818041;0.7666518779999278;0.13764944032233706;0.14552137502179976;0.14552137502179976
0.0;0.1684303842133038;0.17213259316477408;0.17213259316477408;0.1684303842133038;0.17213259316477408;0.17213259316477408;0.1684303842133038;0.17213259316477408;0.17213259316477408;0.6873583444270215;0.7018306334609805;0.7018306334609805;0.7004379105839639;0.6859943405700353;0.7004379105839639;0.1684303842133038;0.17213259316477408;0.17213259316477408
0.6666666666666666;0.05270462766947299;0.05270462766947299;0.05270462766947299;0.05270462766947299;0.05270462766947299;0.05270462766947299;0.05270462766947299;0.05270462766947299;0.05270462766947299;0.5773502691896257;0.5773502691896257;0.5773502691896257;0.5773502691896257;0.5773502691896257;0.5773502691896257;0.05270462766947299;0.05270462766947299;0.05270462766947299
0.0;0.0;0.0;0.0;0.0;0.0;0.0;0.0;0.0;0.0;0.49147318718299055;0.49147318718299055;0.49147318718299055;0.49147318718299055;0.49147318718299055;0.49147318718299055;0.0;0.0;0.0
0.0;0.03509312031717982;0.036369648372665396;0.036369648372665396;0.03509312031717982;0.036369648372665396;0.036369648372665396;0.03509312031717982;0.036369648372665396;0.036369648372665396;0.5823251360731082;0.5974529834860508;0.5974529834860508;0.5974529834860508;0.5823251360731082;0.5974529834860508;0.03509312031717982;0.036369648372665396;0.036369648372665396
0.6666666666666666;0.14269544824634825;0.14269544824634825;0.14269544824634825;0.14269544824634825;0.14269544824634825;0.14269544824634825;0.14269544824634825;0.14269544824634825;0.14269544824634825;0.5773502691896258;0.5773502691896258;0.5773502691896258;0.5773502691896258;0.5773502691896258;0.5773502691896258;0.14269544824634825;0.14269544824634825;0.14269544824634825
0.3333333333333333;0.07974522228289001;0.07974522228289001;0.07974522228289001;0.07974522228289001;0.07974522228289001;0.07974522228289001;0.07974522228289001;0.07974522228289001;0.07974522228289001;0.5444148423081901;0.5444148423081901;0.5444148423081901;0.5444148423081901;0.5444148423081901;0.5444148423081901;0.07974522228289001;0.07974522228289001;0.07974522228289001
0.0;0.0;0.0;0.0;0.0;0.0;0.0;0.0;0.0;0.0;0.4615663313770509;0.48304589153964794;0.48304589153964794;0.48304589153964794;0.4615663313770509;0.48304589153964794;0.0;0.0;0.0
0.3333333333333333;0.14782809899727065;0.15130688316720062;0.15130688316720062;0.14782809899727065;0.15130688316720062;0.15130688316720062;0.14782809899727065;0.15130688316720062;0.15130688316720062;0.6469838429078801;0.6606060492152316;0.6606060492152316;0.6595744680851063;0.6459735337763902;0.6595744680851063;0.14782809899727065;0.15130688316720062;0.15130688316720062
0.3333333333333333;0.1147078669352809;0.11785113019775792;0.11785113019775792;0.1147078669352809;0.11785113019775792;0.11785113019775792;0.1147078669352809;0.11785113019775792;0.11785113019775792;0.6939542359352536;0.7102848052045775;0.7102848052045775;0.7102848052045775;0.6939542359352536;0.7102848052045775;0.1147078669352809;0.11785113019775792;0.11785113019775792
0.0;0.042447635997800895;0.04688072309384954;0.04688072309384954;0.042447635997800895;0.04688072309384954;0.04688072309384954;0.042447635997800895;0.04688072309384954;0.04688072309384954;0.6097013950210626;0.6459422414661737;0.6459422414661737;0.6459422414661737;0.6097013950210626;0.6459422414661737;0.042447635997800895;0.04688072309384954;0.04688072309384954
1.0;0.22333125014345928;0.2272843225242474;0.2272843225242474;0.22333125014345928;0.2272843225242474;0.2272843225242474;0.22333125014345928;0.2272843225242474;0.2272843225242474;0.5714368226512444;0.5806937759307067;0.5806937759307067;0.5790685773616372;0.5698028822981898;0.5790685773616372;0.22333125014345928;0.2272843225242474;0.2272843225242474
0.0;0.08980265101338746;0.09284766908852593;0.09284766908852593;0.08980265101338746;0.09284766908852593;0.09284766908852593;0.08980265101338746;0.09284766908852593;0.09284766908852593;0.618984460590173;0.636929755298482;0.636929755298482;0.636929755298482;0.618984460590173;0.636929755298482;0.08980265101338746;0.09284766908852593;0.09284766908852593
0.3333333333333333;0.1679677532867563;0.1679677532867563;0.1679677532867563;0.1679677532867563;0.1679677532867563;0.1679677532867563;0.1679677532867563;0.1679677532867563;0.1679677532867563;0.5622535302317492;0.5622535302317492;0.5622535302317492;0.5622535302317492;0.5622535302317492;0.5622535302317492;0.1679677532867563;0.1679677532867563;0.1679677532867563
0.6666666666666666;0.04794633014853841;0.04794633014853841;0.04794633014853841;0.04794633014853841;0.04794633014853841;0.04794633014853841;0.04794633014853841;0.04794633014853841;0.04794633014853841;0.5462309935991352;0.5462309935991352;0.5462309935991352;0.5462309935991352;0.5462309935991352;0.5462309935991352;0.04794633014853841;0.04794633014853841;0.04794633014853841
0.0;0.13750477455423168;0.14269544824634825;0.14269544824634825;0.13750477455423168;0.14269544824634825;0.14269544824634825;0.13750477455423168;0.14269544824634825;0.14269544824634825;0.608511063404532;0.6266795614405122;0.6266795614405122;0.6266795614405122;0.608511063404532;0.6266795614405122;0.13750477455423168;0.14269544824634825;0.14269544824634825
0.0;0.042562826537937436;0.044455422447438706;0.044455422447438706;0.042562826537937436;0.044455422447438706;0.044455422447438706;0.042562826537937436;0.044455422447438706;0.044455422447438706;0.6672976811635084;0.686643649130512;0.686643649130512;0.686643649130512;0.6672976811635084;0.686643649130512;0.042562826537937436;0.044455422447438706;0.044455422447438706
0.3333333333333333;0.0;0.0;0.0;0.0;0.0;0.0;0.0;0.0;0.0;0.3985266984930429;0.412514323662695;0.412514323662695;0.412514323662695;0.3985266984930429;0.412514323662695;0.0;0.0;0.0
0.0;0.09534625892455921;0.10050378152592121;0.10050378152592121;0.09534625892455921;0.10050378152592121;0.10050378152592121;0.09534625892455921;0.10050378152592121;0.10050378152592121;0.598799460624895;0.6232502388407516;0.6232502388407516;0.6232502388407516;0.598799460624895;0.6232502388407516;0.09534625892455921;0.10050378152592121;0.10050378152592121
1.0;0.04351941398892446;0.045454545454545456;0.045454545454545456;0.04351941398892446;0.045454545454545456;0.045454545454545456;0.04351941398892446;0.045454545454545456;0.045454545454545456;0.5486726407127174;0.5666666666666667;0.5666666666666667;0.5666666666666667;0.5486726407127174;0.5666666666666667;0.04351941398892446;0.045454545454545456;0.045454545454545456
0.0;0.11338934190276817;0.04089304100547654;0.04089304100547654;0.11338934190276817;0.04089304100547654;0.04089304100547654;0.11338934190276817;0.04089304100547654;0.04089304100547654;0.6495983543529201;0.6296001877353568;0.6296001877353568;0.6296001877353568;0.6495983543529201;0.6296001877353568;0.11338934190276817;0.04089304100547654;0.04089304100547654
0.0;0.06085806194501846;0.0629940788348712;0.0629940788348712;0.06085806194501846;0.0629940788348712;0.0629940788348712;0.06085806194501846;0.0629940788348712;0.0629940788348712;0.649519052838329;0.6708203932499369;0.6708203932499369;0.6708203932499369;0.649519052838329;0.6708203932499369;0.06085806194501846;0.0629940788348712;0.0629940788348712
0.3333333333333333;0.1522773975253762;0.08247860988423225;0.08247860988423225;0.1522773975253762;0.08247860988423225;0.08247860988423225;0.1522773975253762;0.08247860988423225;0.08247860988423225;0.6398771166858558;0.618718433538229;0.618718433538229;0.618718433538229;0.6398771166858558;0.618718433538229;0.1522773975253762;0.08247860988423225;0.08247860988423225
0.0;0.07332355751067665;0.0;0.0;0.07332355751067665;0.0;0.0;0.07332355751067665;0.0;0.0;0.6298366572977736;0.6097013950210626;0.6097013950210626;0.6097013950210626;0.6298366572977736;0.6097013950210626;0.07332355751067665;0.0;0.0
0.3333333333333333;0.06356417261637282;0.06502560887623551;0.06502560887623551;0.06356417261637282;0.06502560887623551;0.06502560887623551;0.06356417261637282;0.06502560887623551;0.06502560887623551;0.6375767130633383;0.649722122736315;0.649722122736315;0.649722122736315;0.6375767130633383;0.649722122736315;0.06356417261637282;0.06502560887623551;0.06502560887623551
0.0;0.04264014327112208;0.044455422447438706;0.044455422447438706;0.04264014327112208;0.044455422447438706;0.044455422447438706;0.04264014327112208;0.044455422447438706;0.044455422447438706;0.6857142857142857;0.7061878636037996;0.7061878636037996;0.7061878636037996;0.6857142857142857;0.7061878636037996;0.04264014327112208;0.044455422447438706;0.044455422447438706
0.0;0.13416407864998736;0.13987572123604708;0.13987572123604708;0.13416407864998736;0.13987572123604708;0.13987572123604708;0.13416407864998736;0.13987572123604708;0.13987572123604708;0.7484071817047089;0.7705971579367543;0.7705971579367543;0.7693218186208295;0.747017880833996;0.7693218186208295;0.13416407864998736;0.13987572123604708;0.13987572123604708
0.3333333333333333;0.12909944487358058;0.09284766908852593;0.09284766908852593;0.12909944487358058;0.09284766908852593;0.09284766908852593;0.12909944487358058;0.09284766908852593;0.09284766908852593;0.6393508022779113;0.638726581032719;0.638726581032719;0.636929755298482;0.6375355777548621;0.636929755298482;0.12909944487358058;0.09284766908852593;0.09284766908852593
1.0;0.08362420100070908;0.09090909090909091;0.09090909090909091;0.08362420100070908;0.09090909090909091;0.09090909090909091;0.08362420100070908;0.09090909090909091;0.09090909090909091;0.5636018619766345;0.6;0.6;0.6;0.5636018619766345;0.6;0.08362420100070908;0.09090909090909091;0.09090909090909091
0.0;0.06299407883487121;0.06299407883487121;0.06299407883487121;0.06299407883487121;0.06299407883487121;0.06299407883487121;0.06299407883487121;0.06299407883487121;0.06299407883487121;0.59336610396393;0.59336610396393;0.59336610396393;0.59336610396393;0.59336610396393;0.59336610396393;0.06299407883487121;0.06299407883487121;0.06299407883487121
0.3333333333333333;0.1754656015858991;0.11322770341445958;0.11322770341445958;0.1754656015858991;0.11322770341445958;0.11322770341445958;0.1754656015858991;0.11322770341445958;0.11322770341445958;0.6866689896169299;0.6702119129718895;0.6702119129718895;0.6667259338283313;0.6835990727814749;0.6667259338283313;0.1754656015858991;0.11322770341445958;0.11322770341445958
0.6666666666666666;0.12499999999999997;0.12909944487358055;0.12909944487358055;0.12499999999999997;0.12909944487358055;0.12909944487358055;0.12499999999999997;0.12909944487358055;0.12909944487358055;0.6572510331941623;0.6712180866978945;0.6712180866978945;0.6677703836348308;0.6537104851338885;0.6677703836348308;0.12499999999999997;0.12909944487358055;0.12909944487358055
0.0;0.08891084489487741;0.0;0.0;0.08891084489487741;0.0;0.0;0.08891084489487741;0.0;0.0;0.6132223631495076;0.586555725441001;0.586555725441001;0.586555725441001;0.6132223631495076;0.586555725441001;0.08891084489487741;0.0;0.0
0.6666666666666666;0.2653343152526162;0.20515248496555455;0.20515248496555455;0.2653343152526162;0.20515248496555455;0.20515248496555455;0.2653343152526162;0.20515248496555455;0.20515248496555455;0.6677238550056085;0.6473528793258518;0.6473528793258518;0.6462303276414968;0.6667366910003156;0.6462303276414968;0.2653343152526162;0.20515248496555455;0.20515248496555455
1.0;0.24618298195866545;0.2581988897471611;0.2581988897471611;0.24618298195866545;0.2581988897471611;0.2581988897471611;0.24618298195866545;0.2581988897471611;0.2581988897471611;0.6350006350009525;0.655825835783953;0.655825835783953;0.655825835783953;0.6350006350009525;0.655825835783953;0.24618298195866545;0.2581988897471611;0.2581988897471611
0.0;0.3003757045930553;0.22256595362986284;0.22256595362986284;0.3003757045930553;0.22256595362986284;0.22256595362986284;0.3003757045930553;0.22256595362986284;0.22256595362986284;0.7181324987175317;0.6951816970931012;0.6951816970931012;0.6951816970931012;0.7181324987175317;0.6951816970931012;0.3003757045930553;0.22256595362986284;0.22256595362986284
0.0;0.11605177063713189;0.12060453783110546;0.12060453783110546;0.11605177063713189;0.12060453783110546;0.12060453783110546;0.11605177063713189;0.12060453783110546;0.12060453783110546;0.5715476066494082;0.5916079783099615;0.5916079783099615;0.5916079783099615;0.5715476066494082;0.5916079783099615;0.11605177063713189;0.12060453783110546;0.12060453783110546
0.0;0.06454972243679027;0.07071067811865474;0.07071067811865474;0.06454972243679027;0.07071067811865474;0.07071067811865474;0.06454972243679027;0.07071067811865474;0.07071067811865474;0.5244044240850757;0.5527707983925666;0.5527707983925666;0.5527707983925666;0.5244044240850757;0.5527707983925666;0.06454972243679027;0.07071067811865474;0.07071067811865474
0.0;0.0545544725589981;0.0545544725589981;0.0545544725589981;0.0545544725589981;0.0545544725589981;0.0545544725589981;0.0545544725589981;0.0545544725589981;0.0545544725589981;0.5516772843673704;0.5516772843673704;0.5516772843673704;0.5516772843673704;0.5516772843673704;0.5516772843673704;0.0545544725589981;0.0545544725589981;0.0545544725589981
0.6666666666666666;0.0;0.0;0.0;0.0;0.0;0.0;0.0;0.0;0.0;0.7660323462854266;0.7660323462854266;0.7660323462854266;0.7660323462854266;0.7660323462854266;0.7660323462854266;0.0;0.0;0.0
0.3333333333333333;0.14852213144650114;0.15512630699850574;0.15512630699850574;0.14852213144650114;0.15512630699850574;0.15512630699850574;0.14852213144650114;0.15512630699850574;0.15512630699850574;0.5388602512436507;0.56;0.56;0.56;0.5388602512436507;0.56;0.14852213144650114;0.15512630699850574;0.15512630699850574
1.0;0.05716619504750295;0.05716619504750295;0.05716619504750295;0.05716619504750295;0.05716619504750295;0.05716619504750295;0.05716619504750295;0.05716619504750295;0.05716619504750295;0.6405126152203486;0.6405126152203486;0.6405126152203486;0.6405126152203486;0.6405126152203486;0.6405126152203486;0.05716619504750295;0.05716619504750295;0.05716619504750295
0.6666666666666666;0.05773502691896258;0.06019292654288461;0.06019292654288461;0.05773502691896258;0.06019292654288461;0.06019292654288461;0.05773502691896258;0.06019292654288461;0.06019292654288461;0.6195224741298931;0.6420578831241025;0.6420578831241025;0.6420578831241025;0.6195224741298931;0.6420578831241025;0.05773502691896258;0.06019292654288461;0.06019292654288461
0.3333333333333333;0.0;0.0;0.0;0.0;0.0;0.0;0.0;0.0;0.0;0.524890659167824;0.5518254055364691;0.5518254055364691;0.5518254055364691;0.524890659167824;0.5518254055364691;0.0;0.0;0.0
0.3333333333333333;0.04347826086956522;0.04550157551932901;0.04550157551932901;0.04347826086956522;0.04550157551932901;0.04550157551932901;0.04347826086956522;0.04550157551932901;0.04550157551932901;0.594913076530892;0.6132223631495076;0.6132223631495076;0.6132223631495076;0.594913076530892;0.6132223631495076;0.04347826086956522;0.04550157551932901;0.04550157551932901
0.0;0.1091089451179962;0.11396057645963795;0.11396057645963795;0.1091089451179962;0.11396057645963795;0.11396057645963795;0.1091089451179962;0.11396057645963795;0.11396057645963795;0.5618006477335896;0.5838403593598094;0.5838403593598094;0.5838403593598094;0.5618006477335896;0.5838403593598094;0.1091089451179962;0.11396057645963795;0.11396057645963795
0.3333333333333333;0.16718346377260587;0.18898223650461363;0.18898223650461363;0.16718346377260587;0.18898223650461363;0.18898223650461363;0.16718346377260587;0.18898223650461363;0.18898223650461363;0.5853694070049635;0.6390096504226938;0.6390096504226938;0.6390096504226938;0.5853694070049635;0.6390096504226938;0.16718346377260587;0.18898223650461363;0.18898223650461363
0.0;0.0;0.0;0.0;0.0;0.0;0.0;0.0;0.0;0.0;0.6240377207533828;0.6240377207533828;0.6240377207533828;0.6240377207533828;0.6240377207533828;0.6240377207533828;0.0;0.0;0.0
0.0;0.0;0.0;0.0;0.0;0.0;0.0;0.0;0.0;0.0;0.7108186533109108;0.7108186533109108;0.7108186533109108;0.7108186533109108;0.7108186533109108;0.7108186533109108;0.0;0.0;0.0
0.0;0.2022599587389726;0.2022599587389726;0.2022599587389726;0.2022599587389726;0.2022599587389726;0.2022599587389726;0.2022599587389726;0.2022599587389726;0.2022599587389726;0.5613413993878117;0.5613413993878117;0.5613413993878117;0.5613413993878117;0.5613413993878117;0.5613413993878117;0.2022599587389726;0.2022599587389726;0.2022599587389726
0.3333333333333333;0.07216878364870323;0.07216878364870323;0.07216878364870323;0.07216878364870323;0.07216878364870323;0.07216878364870323;0.07216878364870323;0.07216878364870323;0.07216878364870323;0.6172133998483678;0.6172133998483678;0.6172133998483678;0.6172133998483678;0.6172133998483678;0.6172133998483678;0.07216878364870323;0.07216878364870323;0.07216878364870323
0.3333333333333333;0.15328483487124145;0.09805806756909202;0.09805806756909202;0.15328483487124145;0.09805806756909202;0.09805806756909202;0.15328483487124145;0.09805806756909202;0.09805806756909202;0.5320159167473419;0.508328567775349;0.508328567775349;0.508328567775349;0.5320159167473419;0.508328567775349;0.15328483487124145;0.09805806756909202;0.09805806756909202
0.6666666666666666;0.0839921051131616;0.08728715609439695;0.08728715609439695;0.0839921051131616;0.08728715609439695;0.08728715609439695;0.0839921051131616;0.08728715609439695;0.08728715609439695;0.6286185570937123;0.6468431588153823;0.6468431588153823;0.6468431588153823;0.6286185570937123;0.6468431588153823;0.0839921051131616;0.08728715609439695;0.08728715609439695
0.3333333333333333;0.10846522890932808;0.11547005383792514;0.11547005383792514;0.10846522890932808;0.11547005383792514;0.11547005383792514;0.10846522890932808;0.11547005383792514;0.11547005383792514;0.543557306504609;0.570087712549569;0.570087712549569;0.570087712549569;0.543557306504609;0.570087712549569;0.10846522890932808;0.11547005383792514;0.11547005383792514
0.0;0.09072184232530289;0.09072184232530289;0.09072184232530289;0.09072184232530289;0.09072184232530289;0.09072184232530289;0.09072184232530289;0.09072184232530289;0.09072184232530289;0.5679301390639018;0.5679301390639018;0.5679301390639018;0.5679301390639018;0.5679301390639018;0.5679301390639018;0.09072184232530289;0.09072184232530289;0.09072184232530289
0.3333333333333333;0.1091089451179962;0.11396057645963795;0.11396057645963795;0.1091089451179962;0.11396057645963795;0.11396057645963795;0.1091089451179962;0.11396057645963795;0.11396057645963795;0.44543540318737396;0.4622501635210243;0.4622501635210243;0.4622501635210243;0.44543540318737396;0.4622501635210243;0.1091089451179962;0.11396057645963795;0.11396057645963795
0.0;0.0944911182523068;0.0944911182523068;0.0944911182523068;0.0944911182523068;0.0944911182523068;0.0944911182523068;0.0944911182523068;0.0944911182523068;0.0944911182523068;0.5547001962252291;0.5547001962252291;0.5547001962252291;0.5547001962252291;0.5547001962252291;0.5547001962252291;0.0944911182523068;0.0944911182523068;0.0944911182523068
0.0;0.19245008972987526;0.12510864843424485;0.12510864843424485;0.19245008972987526;0.12510864843424485;0.12510864843424485;0.19245008972987526;0.12510864843424485;0.12510864843424485;0.6377481392176931;0.6154574548966636;0.6154574548966636;0.6154574548966636;0.6377481392176931;0.6154574548966636;0.19245008972987526;0.12510864843424485;0.12510864843424485
0.0;0.09428090415820635;0.09428090415820635;0.09428090415820635;0.09428090415820635;0.09428090415820635;0.09428090415820635;0.09428090415820635;0.09428090415820635;0.09428090415820635;0.5635759629410776;0.5635759629410776;0.5635759629410776;0.5635759629410776;0.5635759629410776;0.5635759629410776;0.09428090415820635;0.09428090415820635;0.09428090415820635
0.0;0.05504818825631802;0.05913123959890826;0.05913123959890826;0.05504818825631802;0.05913123959890826;0.05913123959890826;0.05504818825631802;0.05913123959890826;0.05913123959890826;0.6158402871356008;0.64;0.64;0.64;0.6158402871356008;0.64;0.05504818825631802;0.05913123959890826;0.05913123959890826
0.3333333333333333;0.1538967528127731;0.05716619504750295;0.05716619504750295;0.1538967528127731;0.05716619504750295;0.05716619504750295;0.1538967528127731;0.05716619504750295;0.05716619504750295;0.4690415759823429;0.41962716370814124;0.41962716370814124;0.41962716370814124;0.4690415759823429;0.41962716370814124;0.1538967528127731;0.05716619504750295;0.05716619504750295
0.0;0.12048289933537483;0.12909944487358055;0.12909944487358055;0.12048289933537483;0.12909944487358055;0.12909944487358055;0.12048289933537483;0.12909944487358055;0.12909944487358055;0.6308932681440448;0.6669729688499156;0.6669729688499156;0.6669729688499156;0.6308932681440448;0.6669729688499156;0.12048289933537483;0.12909944487358055;0.12909944487358055
0.0;0.1563858105428061;0.1636634176769943;0.1636634176769943;0.1563858105428061;0.1636634176769943;0.1636634176769943;0.1563858105428061;0.1636634176769943;0.1636634176769943;0.5892556509887896;0.6123724356957946;0.6123724356957946;0.6123724356957946;0.5892556509887896;0.6123724356957946;0.1563858105428061;0.1636634176769943;0.1636634176769943
0.3333333333333333;0.2004459314343183;0.2004459314343183;0.2004459314343183;0.2004459314343183;0.2004459314343183;0.2004459314343183;0.2004459314343183;0.2004459314343183;0.2004459314343183;0.5407380704358752;0.5407380704358752;0.5407380704358752;0.5407380704358752;0.5407380704358752;0.5407380704358752;0.2004459314343183;0.2004459314343183;0.2004459314343183
0.3333333333333333;0.1289651760438322;0.1342312110428049;0.1342312110428049;0.1289651760438322;0.1342312110428049;0.1342312110428049;0.1289651760438322;0.1342312110428049;0.1342312110428049;0.5435828322181409;0.5580809183750252;0.5580809183750252;0.5580809183750252;0.5435828322181409;0.5580809183750252;0.1289651760438322;0.1342312110428049;0.1342312110428049
1.0;0.0;0.0;0.0;0.0;0.0;0.0;0.0;0.0;0.0;0.5006261743217588;0.5006261743217588;0.5006261743217588;0.5006261743217588;0.5006261743217588;0.5006261743217588;0.0;0.0;0.0
0.0;0.16412198797244362;0.08944271909999159;0.08944271909999159;0.16412198797244362;0.08944271909999159;0.08944271909999159;0.16412198797244362;0.08944271909999159;0.08944271909999159;0.7145774380937867;0.6972899219794573;0.6972899219794573;0.6972899219794573;0.7145774380937867;0.6972899219794573;0.16412198797244362;0.08944271909999159;0.08944271909999159
0.0;0.05270462766947299;0.05270462766947299;0.05270462766947299;0.05270462766947299;0.05270462766947299;0.05270462766947299;0.05270462766947299;0.05270462766947299;0.05270462766947299;0.6864064729836442;0.6864064729836442;0.6864064729836442;0.6864064729836442;0.6864064729836442;0.6864064729836442;0.05270462766947299;0.05270462766947299;0.05270462766947299
0.3333333333333333;0.1333662673423161;0.13987572123604708;0.13987572123604708;0.1333662673423161;0.13987572123604708;0.13987572123604708;0.1333662673423161;0.13987572123604708;0.13987572123604708;0.5520524474738834;0.5728918992315464;0.5728918992315464;0.5728918992315464;0.5520524474738834;0.5728918992315464;0.1333662673423161;0.13987572123604708;0.13987572123604708
0.0;0.16770509831248423;0.1767766952966369;0.1767766952966369;0.16770509831248423;0.1767766952966369;0.1767766952966369;0.16770509831248423;0.1767766952966369;0.1767766952966369;0.6849495194215732;0.7108057085060271;0.7108057085060271;0.7108057085060271;0.6849495194215732;0.7108057085060271;0.16770509831248423;0.1767766952966369;0.1767766952966369
0.3333333333333333;0.08606629658238703;0.0;0.0;0.08606629658238703;0.0;0.0;0.08606629658238703;0.0;0.0;0.5516662039668712;0.520997454872055;0.520997454872055;0.5175491695067657;0.5486726407127174;0.5175491695067657;0.08606629658238703;0.0;0.0
0.3333333333333333;0.07868894753646336;0.08574929257125441;0.08574929257125441;0.07868894753646336;0.08574929257125441;0.08574929257125441;0.07868894753646336;0.08574929257125441;0.08574929257125441;0.628260280518221;0.6639173079224207;0.6639173079224207;0.6614769048245084;0.6252863350010924;0.6614769048245084;0.07868894753646336;0.08574929257125441;0.08574929257125441
0.3333333333333333;0.22470176588194152;0.22470176588194152;0.22470176588194152;0.22470176588194152;0.22470176588194152;0.22470176588194152;0.22470176588194152;0.22470176588194152;0.22470176588194152;0.5923488777590924;0.5923488777590924;0.5923488777590924;0.5923488777590924;0.5923488777590924;0.5923488777590924;0.22470176588194152;0.22470176588194152;0.22470176588194152
0.6666666666666666;0.18190171877724973;0.12909944487358055;0.12909944487358055;0.18190171877724973;0.12909944487358055;0.12909944487358055;0.18190171877724973;0.12909944487358055;0.12909944487358055;0.6517265337144673;0.6353380872022658;0.6353380872022658;0.6353380872022658;0.6517265337144673;0.6353380872022658;0.18190171877724973;0.12909944487358055;0.12909944487358055
0.0;0.04303314829119352;0.04376881095324086;0.04376881095324086;0.04303314829119352;0.04376881095324086;0.04376881095324086;0.04303314829119352;0.04376881095324086;0.04376881095324086;0.6626816668825531;0.6713445400103972;0.6713445400103972;0.6701240287602748;0.6614769048245084;0.6701240287602748;0.04303314829119352;0.04376881095324086;0.04376881095324086
0.0;0.11952286093343938;0.08520286456846099;0.08520286456846099;0.11952286093343938;0.08520286456846099;0.08520286456846099;0.11952286093343938;0.08520286456846099;0.08520286456846099;0.6877435160561093;0.6893838011261045;0.6893838011261045;0.6882472016116852;0.6865437954763621;0.6882472016116852;0.11952286093343938;0.08520286456846099;0.08520286456846099
0.0;0.1392715036327889;0.14433756729740643;0.14433756729740643;0.1392715036327889;0.14433756729740643;0.14433756729740643;0.1392715036327889;0.14433756729740643;0.14433756729740643;0.6375982524533231;0.6555622813752365;0.6555622813752365;0.6555622813752365;0.6375982524533231;0.6555622813752365;0.1392715036327889;0.14433756729740643;0.14433756729740643
0.0;0.11322770341445959;0.11322770341445959;0.11322770341445959;0.11322770341445959;0.11322770341445959;0.11322770341445959;0.11322770341445959;0.11322770341445959;0.11322770341445959;0.5768599504012304;0.5768599504012304;0.5768599504012304;0.5768599504012304;0.5768599504012304;0.5768599504012304;0.11322770341445959;0.11322770341445959;0.11322770341445959
