Human;BioWordVec_extrinsic None;BioWordVec_extrinsic Default;BioWordVec_extrinsic BIOSSES;BioWordVec_extrinsic Blagec;BioWordVec_intrinsic None;BioWordVec_intrinsic Default;BioWordVec_intrinsic BIOSSES;BioWordVec_intrinsic Blagec;bioc_skipgram_defaultchar None;bioc_skipgram_defaultchar Default;bioc_skipgram_defaultchar BIOSSES;bioc_skipgram_defaultchar Blagec;bioc_skipgram_Nonechar200dim None;bioc_skipgram_Nonechar200dim Default;bioc_skipgram_Nonechar200dim BIOSSES;bioc_skipgram_Nonechar200dim Blagec;stanf_skipgram_defaultchar200dim None;stanf_skipgram_defaultchar200dim Default;stanf_skipgram_defaultchar200dim BIOSSES;stanf_skipgram_defaultchar200dim Blagec;BioNLP2016_PubMed-shuffle-win-2 None;BioNLP2016_PubMed-shuffle-win-2 Default;BioNLP2016_PubMed-shuffle-win-2 BIOSSES;BioNLP2016_PubMed-shuffle-win-2 Blagec;BioNLP2016_PubMed-shuffle-win-30 None;BioNLP2016_PubMed-shuffle-win-30 Default;BioNLP2016_PubMed-shuffle-win-30 BIOSSES;BioNLP2016_PubMed-shuffle-win-30 Blagec
4.0;0.9161268790515281;0.8766436674886803;0.9570154709187588;0.9570154709187588;0.9473011310703401;0.914135987643934;0.9744071892165848;0.9744071892165848;0.8801406998917862;0.8801406998917862;0.9658226409554963;0.9658226409554963;0.9317911295043715;0.8945704704643788;0.9723939958273828;0.9723939958273828;0.8902480960192337;0.8902480960192337;0.9689655992083374;0.9689655992083374;0.8326790197853715;0.8434599981955407;0.9112305471539668;0.9112305471539668;0.8479417866351779;0.8507359746821265;0.9303041418893186;0.9303041418893186
3.0;0.9514464665954765;0.9124428987489263;0.9579040238704012;0.9579040238704012;0.9721268092796013;0.9494594437534243;0.975451663285509;0.975451663285509;0.9255088785353754;0.9255088785353754;0.9615448091078689;0.9615448091078689;0.9711571375766609;0.9487193150421913;0.973088161048593;0.973088161048593;0.9411620723840836;0.9411620723840836;0.9684314384620796;0.9684314384620796;0.9028179137385954;0.8581414864779958;0.9290447030779863;0.9290447030779863;0.9183913973824219;0.8806072210869303;0.9459581758262823;0.9459581758262823
2.2;0.9045334781089664;0.9045334781089664;0.948499921673979;0.948499921673979;0.928982745482043;0.928982745482043;0.9641115077552112;0.9641115077552112;0.9087118664156248;0.9087118664156248;0.9546447711601136;0.9546447711601136;0.9175692178010858;0.92508976795905;0.9631693182401079;0.9631693182401079;0.9235550880819694;0.9235550880819694;0.9625688346461424;0.9625688346461424;0.8657199355755528;0.8657199355755528;0.9197503093661554;0.9197503093661554;0.8875785564392803;0.8875785564392803;0.9308066663732527;0.9308066663732527
3.2;0.9634624285872837;0.9540475884626001;0.9744014559042183;0.9744014559042183;0.9752528014532217;0.9688153642504874;0.9848956652940248;0.9848956652940248;0.9685239623555238;0.9655911188533784;0.9837305164992551;0.9837305164992551;0.9778191050310799;0.9723561365127449;0.9885416229480417;0.9885416229480417;0.9754534537978685;0.9730251650173466;0.9874399349632108;0.9874399349632108;0.9336125020326757;0.9205682122037117;0.947649212008317;0.947649212008317;0.9528909887130866;0.9366863484505062;0.961134810988951;0.961134810988951
3.2;0.9429727229621786;0.9381574929259793;0.9471808345744983;0.9471808345744983;0.9655260584742691;0.9608070110551665;0.9727043826313474;0.9727043826313474;0.9540748155368983;0.9540748155368983;0.968639963384244;0.968639963384244;0.9662858603627704;0.964897995172853;0.9777189541626736;0.9777189541626736;0.9618219901235271;0.9618219901235271;0.9740858869313008;0.9740858869313008;0.8985967787647007;0.8989610244193279;0.9026764238183427;0.9026764238183427;0.9260917351491665;0.9225243315794603;0.9421784878480899;0.9421784878480899
3.2;0.8920962700928188;0.8943686042973397;0.9467158521651808;0.9467158521651808;0.9167413901372938;0.919945967700847;0.9626039144626339;0.9626039144626339;0.8880290385564809;0.8880290385564809;0.9587174899290989;0.9587174899290989;0.9261287615532234;0.9007293151414041;0.9683017583294082;0.9683017583294082;0.9015036185856083;0.9015036185856083;0.9659104011411374;0.9659104011411374;0.8668399571630481;0.8613880797490581;0.9231627946747917;0.9231627946747917;0.8940003515984996;0.8915970271967345;0.9329297043590946;0.9329297043590946
1.4;0.7967887807629331;0.7967887807629331;0.8884993792565831;0.8884993792565831;0.8526254390154121;0.8526254390154121;0.9250715798332082;0.9250715798332082;0.8238321303966673;0.8238321303966673;0.912005422658737;0.912005422658737;0.8432866409210307;0.8432866409210307;0.9277344902964841;0.9277344902964841;0.8453727423268189;0.8453727423268189;0.9269632172283022;0.9269632172283022;0.7498052327632001;0.7498052327632001;0.8529421275876152;0.8529421275876152;0.7835683112110058;0.7835683112110058;0.8758271324351864;0.8758271324351864
3.0;0.937534878380786;0.9364166452379474;0.9567230433194424;0.9567230433194424;0.9602063004719363;0.9587370209900437;0.9734000634533058;0.9734000634533058;0.947202681495432;0.9434733275886492;0.9648471447909864;0.9648471447909864;0.9602221056936483;0.9588343395746991;0.9741363610187703;0.9741363610187703;0.9561488704995526;0.9528058865447413;0.9710968559802222;0.9710968559802222;0.90410404460804;0.901910327762869;0.9299472904460618;0.9299472904460618;0.924391874861423;0.9192548279447251;0.9474933039938072;0.9474933039938072
1.4;0.8795360253116196;0.8795360253116196;0.9100279272820065;0.9100279272820065;0.9230686598660957;0.9230686598660957;0.9397195363456706;0.9397195363456706;0.8696516445082313;0.8696516445082313;0.8932166124963773;0.8932166124963773;0.8959532906065897;0.9068453374917166;0.9256200832563792;0.9256200832563792;0.8978850352912002;0.8978850352912002;0.9192505376246444;0.9192505376246444;0.8324439074749681;0.8396812742016109;0.8754665359646835;0.8754665359646835;0.8433417784445003;0.8560770825400317;0.8894514165869953;0.8894514165869953
3.0;0.9250908738549319;0.9250908738549319;0.9652339778372662;0.9652339778372662;0.9521928685473118;0.9521928685473118;0.9792155785802494;0.9792155785802494;0.9355166933293687;0.9355166933293687;0.9632657170091272;0.9632657170091272;0.9581869130257674;0.9568758482985269;0.9758304415593544;0.9758304415593544;0.948206341055121;0.948206341055121;0.9718243898170373;0.9718243898170373;0.8933534748143455;0.891056695576534;0.9475578700463153;0.9475578700463153;0.9200312288867618;0.9161868292475144;0.9611400209889165;0.9611400209889165
3.0;0.9328653265911706;0.9259368225752075;0.9620913605818845;0.9620913605818845;0.9571710023835749;0.9520106697672177;0.9764314688870872;0.9764314688870872;0.9461957446990008;0.9417821772704267;0.9688129734819598;0.9688129734819598;0.9637220970676565;0.9590158292223401;0.9794227137129774;0.9794227137129774;0.9572469175089868;0.952411114708938;0.9758324122303936;0.9758324122303936;0.8978766007553851;0.8916573821218544;0.9367117634711181;0.9367117634711181;0.9150230992424008;0.9060714109222373;0.9464891616940861;0.9464891616940861
1.0;0.8430178609753982;0.8430178609753982;0.9063163157528982;0.9063163157528982;0.8951766064797525;0.8951766064797525;0.9390813892554298;0.9390813892554298;0.8678927711982626;0.8678927711982626;0.9241924394660247;0.9241924394660247;0.9122144116045211;0.9122144116045211;0.9498902804216538;0.9498902804216538;0.89370048231387;0.89370048231387;0.9391938545153726;0.9391938545153726;0.7622836468435683;0.7622836468435683;0.8400965140056521;0.8400965140056521;0.8002698685618251;0.8002698685618251;0.8717922801990423;0.8717922801990423
3.0;0.8259992143072902;0.8259992143072902;0.8879947778938138;0.8879947778938138;0.8682888941100504;0.8682888941100504;0.9251965594851385;0.9251965594851385;0.8484920982103848;0.8484920982103848;0.9113196468123224;0.9113196468123224;0.8499893924396965;0.8499893924396965;0.9259934175748028;0.9259934175748028;0.8619613876561787;0.8619613876561787;0.9224722261094379;0.9224722261094379;0.7494231871578012;0.7494231871578012;0.8105723431733995;0.8105723431733995;0.8165314091936807;0.8165314091936807;0.8667330358034638;0.8667330358034638
2.0;0.920098006860656;0.9227611458172937;0.958784159055626;0.958784159055626;0.945429842697803;0.9476728266931708;0.9720542836376632;0.9720542836376632;0.8992449108586038;0.9417050110146399;0.9644642337303231;0.9644642337303231;0.9660464066077087;0.957820771886495;0.9729101710366698;0.9729101710366698;0.9121960556612739;0.9540228507912069;0.9724856501702899;0.9724856501702899;0.8642533065748211;0.8781605739077184;0.9324421525992032;0.9324421525992032;0.868579410108703;0.8814343259701474;0.9353160177145347;0.9353160177145347
2.4;0.9595703693847386;0.9619702246350242;0.9580122460274366;0.9580122460274366;0.9707919278715367;0.9737316231412274;0.9721267343682639;0.9721267343682639;0.9729052827869463;0.9729052827869463;0.9672714564993261;0.9672714564993261;0.9683944193892864;0.9779107324904969;0.9710821613248544;0.9710821613248544;0.9747769433821626;0.9747769433821626;0.9667458308866395;0.9667458308866395;0.9024941938570064;0.8871809154691715;0.9142208246526382;0.9142208246526382;0.9017920074382187;0.9062257398174605;0.9296446440865742;0.9296446440865742
3.4;0.9542715599982895;0.9541331446220931;0.9720827071978531;0.9720827071978531;0.9708024469564704;0.9722231321119604;0.9848924945958081;0.9848924945958081;0.9098677676670219;0.9651541707436105;0.9810388845424688;0.9810388845424688;0.9552250186128306;0.9735420767826987;0.9864337466066382;0.9864337466066382;0.9232956415232626;0.9713230767990213;0.984460242896109;0.984460242896109;0.925225413332868;0.9283307011338134;0.947927010908251;0.947927010908251;0.9283347684769692;0.930455922053552;0.9576667684083111;0.9576667684083111
3.0;0.9346965007699293;0.932424595362689;0.9642754455480519;0.9642754455480519;0.953222239252173;0.9518346341657643;0.9755717985459791;0.9755717985459791;0.9065511002958876;0.9349820717555888;0.9508804626521536;0.9508804626521536;0.9460084693936124;0.9478729858057067;0.9734861484383394;0.9734861484383394;0.9210449937704431;0.9436510778113019;0.9605319500747801;0.9605319500747801;0.9054661206367192;0.9009653056886247;0.9398988260895743;0.9398988260895743;0.9072287706943636;0.91117320609504;0.9506390178054115;0.9506390178054115
2.0;0.851404907047021;0.8408089389247869;0.9070628971909422;0.9070628971909422;0.8975147506364298;0.8882633103941678;0.937551693749218;0.937551693749218;0.8420778598337529;0.8627828339201347;0.9179418297654341;0.9179418297654341;0.8864640711837602;0.8771118005945694;0.934416071097511;0.934416071097511;0.8496925187760324;0.8749119757551171;0.9270262229342249;0.9270262229342249;0.8195792508175221;0.8024122165485355;0.8786872251042963;0.8786872251042963;0.831997518964521;0.818054852879548;0.8792506585230335;0.8792506585230335
3.2;0.9208590178538418;0.9461929199393496;0.9546040436089425;0.9546040436089425;0.9441413172226082;0.9654873261761204;0.9681826882208175;0.9681826882208175;0.9476418970226892;0.9476418970226892;0.9532506407529239;0.9532506407529239;0.9415183453370342;0.9603894111136718;0.9643670890513132;0.9643670890513132;0.9546181398208975;0.9546181398208975;0.9600135367128942;0.9600135367128942;0.9001093881309307;0.9152027538379794;0.9374208734022776;0.9374208734022776;0.8966261183471145;0.9157061427239841;0.9298773505902158;0.9298773505902158
2.0;0.9142220338238435;0.9210172157051254;0.9187792854959654;0.9187792854959654;0.9336330496433457;0.9372788964132498;0.9361209503507159;0.9361209503507159;0.9241576360600214;0.9241576360600214;0.9126534025741954;0.9126534025741954;0.9311259691628344;0.9364946493967857;0.9303722947232083;0.9303722947232083;0.932166338056134;0.932166338056134;0.9214513062365673;0.9214513062365673;0.9211448889539612;0.9207579214873236;0.908589989780314;0.908589989780314;0.9225650300614447;0.9221079474314676;0.9175689279577163;0.9175689279577163
3.0;0.9102643529651889;0.8670905227792144;0.9514100375423532;0.9514100375423532;0.9413324098381853;0.9047166950973679;0.9705412765890397;0.9705412765890397;0.8935235985101285;0.8935235985101285;0.9652408238836321;0.9652408238836321;0.9448337736383067;0.9181009354453727;0.9735012818591684;0.9735012818591684;0.9086347949362841;0.9086347949362841;0.970018661864855;0.970018661864855;0.8533077582677623;0.8258786631090931;0.9133800374506685;0.9133800374506685;0.8847623488255503;0.8514069146691078;0.9330109494380442;0.9330109494380442
1.2;0.8791882040208996;0.8770373603803902;0.9229609722625461;0.9229609722625461;0.927118019588588;0.9254542149121653;0.9496748141148024;0.9496748141148024;0.9085942594381164;0.9085942594381164;0.9437386628396861;0.9437386628396861;0.9187641815756016;0.9220121492082818;0.955491556356068;0.955491556356068;0.9259280947132466;0.9259280947132466;0.9547409718333997;0.9547409718333997;0.7671364948460292;0.7550262244776094;0.8694122192366565;0.8694122192366565;0.8068003752718598;0.7917351410350713;0.893520672883501;0.893520672883501
3.4;0.9279182613042536;0.8947048551168097;0.9472487783334292;0.9472487783334292;0.9568198927845372;0.9340558719125233;0.970865776820187;0.970865776820187;0.9174810539479671;0.9191129596455808;0.9664490599177132;0.9664490599177132;0.9579013609504466;0.9346201586397537;0.9739100688369764;0.9739100688369764;0.9299159573067037;0.9324180069418435;0.9731650423419875;0.9731650423419875;0.8667907251088054;0.8264276735133477;0.8812511603809532;0.8812511603809532;0.8964549273886577;0.8482441899017451;0.8962196297108339;0.8962196297108339
1.8;0.8768383458258705;0.8753421352528518;0.9022520507220301;0.9022520507220301;0.9152748183853281;0.9185056883108643;0.9376904263051111;0.9376904263051111;0.8864344352901457;0.8873837303282565;0.9053933799331065;0.9053933799331065;0.8620539088232233;0.9216900386358715;0.9331585973078433;0.9331585973078433;0.908926853023819;0.9109654000803006;0.9257957928379703;0.9257957928379703;0.8544761297355385;0.850057977990173;0.8857065073271986;0.8857065073271986;0.867823726824909;0.8587327979874414;0.8870691735675658;0.8870691735675658
3.6;0.8851362073409298;0.8310448918310233;0.9344390384409533;0.9344390384409533;0.927612662786526;0.882431923945365;0.9585043374084791;0.9585043374084791;0.8142524902542023;0.8142524902542023;0.9453838001641762;0.9453838001641762;0.9143772861688467;0.8652813705317064;0.9606802032957275;0.9606802032957275;0.8439919779021396;0.8439919779021396;0.9540165971656862;0.9540165971656862;0.8040585080209923;0.7679393233108774;0.8957786700582658;0.8957786700582658;0.841872854448248;0.7791688157787372;0.8974076884263488;0.8974076884263488
2.0;0.8576883668410138;0.8329177016362825;0.9167152905237581;0.9167152905237581;0.892960565586938;0.8745029056570585;0.9406010808116791;0.9406010808116791;0.8313545381205201;0.8313545381205201;0.9173249635421232;0.9173249635421232;0.8951456635465019;0.8798213488337865;0.9419301247852099;0.9419301247852099;0.8643658519586638;0.8643658519586638;0.9309927055054386;0.9309927055054386;0.8416941054343076;0.8227648024307338;0.8922856351879249;0.8922856351879249;0.8404999744760892;0.8302064946627964;0.8970960236358211;0.8970960236358211
2.4;0.8290042953598378;0.8035139714114938;0.9245014164025933;0.9245014164025933;0.8763730960925663;0.8480598208950817;0.9441005368742209;0.9441005368742209;0.8160114689893325;0.8160114689893325;0.9290396933467835;0.9290396933467835;0.8919390316063658;0.8703783071308072;0.9539539044111446;0.9539539044111446;0.855139468110708;0.855139468110708;0.9443437667077892;0.9443437667077892;0.7890043065697132;0.7866525293698138;0.9035907803611093;0.9035907803611093;0.786915225747665;0.7841625878644134;0.902485591823204;0.902485591823204
3.4;0.8553031644065471;0.8553031644065471;0.9080560495801634;0.9080560495801634;0.890863990494333;0.890863990494333;0.9325364733778023;0.9325364733778023;0.8619602392403176;0.8619602392403176;0.9101820025015817;0.9101820025015817;0.8763227943298634;0.8763227943298634;0.9305790162088101;0.9305790162088101;0.8857230298234776;0.8857230298234776;0.9300429657514586;0.9300429657514586;0.7684832810669895;0.7684832810669895;0.8377032603657777;0.8377032603657777;0.8314730527559431;0.8314730527559431;0.8863634583999564;0.8863634583999564
3.0;0.9376500001762454;0.9132850248926416;0.9446309224764244;0.9446309224764244;0.9636765571520709;0.9504829256937138;0.9710709155513538;0.9710709155513538;0.9372510269654416;0.9372510269654416;0.9644258001002053;0.9644258001002053;0.9633264838939387;0.9458290001669701;0.9718397603278913;0.9718397603278913;0.9440521330397736;0.9440521330397736;0.9692556904469296;0.9692556904469296;0.8885813285392378;0.8443492477269434;0.8909640075469197;0.8909640075469197;0.9159092542450785;0.8815172665635052;0.9238702163580568;0.9238702163580568
4.0;0.9182763839986732;0.9146650288766184;0.9279019287260437;0.9279019287260437;0.9539048707935732;0.9528477913578413;0.9619158201145908;0.9619158201145908;0.9341642620528671;0.9281044935833425;0.9373457400876255;0.9373457400876255;0.9435676144912382;0.9451379843589527;0.9541580390733865;0.9541580390733865;0.9469443752716672;0.9419671997114669;0.9502940797719451;0.9502940797719451;0.8044491123403777;0.7999598515963957;0.8379426260965237;0.8379426260965237;0.8627422776146101;0.8669747860375902;0.8935522169934074;0.8935522169934074
4.0;0.9287964940241582;0.9287964940241582;0.9478889162192436;0.9478889162192436;0.950931195621458;0.950931195621458;0.9663449384094446;0.9663449384094446;0.935651281391808;0.935651281391808;0.955274783306915;0.955274783306915;0.9487642242972949;0.9487642242972949;0.9662451053743628;0.9662451053743628;0.9474816478251609;0.9474816478251609;0.9648715766175173;0.9648715766175173;0.8923925401742658;0.8923925401742658;0.9274081309759016;0.9274081309759016;0.9251492365827536;0.9251492365827536;0.9403066717837479;0.9403066717837479
3.4;0.9619307758331404;0.9462201059217703;0.9556867069611595;0.9556867069611595;0.9767144724271433;0.9667489681921945;0.9747745849201528;0.9747745849201528;0.956153415025042;0.956153415025042;0.9752289906077958;0.9752289906077958;0.9765068336445951;0.9664209718717315;0.9813502551534147;0.9813502551534147;0.9642424707332442;0.9642424707332442;0.979017796193587;0.979017796193587;0.8682972037493312;0.8682972037493312;0.9096440510668695;0.9096440510668695;0.9048997320164911;0.9048997320164911;0.9308982966260658;0.9308982966260658
3.4;0.9335081161270158;0.9335081161270158;0.9458964969928394;0.9458964969928394;0.9548760534451984;0.9548760534451984;0.9643808981922236;0.9643808981922236;0.9415448553072241;0.9415448553072241;0.9532321973125584;0.9532321973125584;0.9524289020455239;0.9524289020455239;0.9632656272730771;0.9632656272730771;0.9484541296346358;0.9484541296346358;0.9589556136094637;0.9589556136094637;0.8171965874853727;0.8171965874853727;0.8752250920847663;0.8752250920847663;0.872435150221965;0.872435150221965;0.9139097561414196;0.9139097561414196
3.0;0.8832345002071034;0.7957906266264333;0.9004922203622389;0.9004922203622389;0.9218730515431737;0.8562341708957645;0.9396200533653731;0.9396200533653731;0.7888338583380766;0.7888338583380766;0.9269390661331215;0.9269390661331215;0.9196894223663268;0.8386610964221779;0.9466426594045054;0.9466426594045054;0.8231394888426147;0.8231394888426147;0.9374991063257725;0.9374991063257725;0.74394068494294;0.6737590443375597;0.7864835571438702;0.7864835571438702;0.8098914215252985;0.7404436952009896;0.8171762516102846;0.8171762516102846
2.0;0.8526932039059857;0.8526932039059857;0.8835560247793044;0.8835560247793044;0.877113568439905;0.877113568439905;0.9097535445204591;0.9097535445204591;0.8623414669072401;0.8623414669072401;0.893312741574896;0.893312741574896;0.8797427487752825;0.8797427487752825;0.9130990320585075;0.9130990320585075;0.8685168486958404;0.8685168486958404;0.8999696266625279;0.8999696266625279;0.7683382189415552;0.7683382189415552;0.7992627008243444;0.7992627008243444;0.7928273652970229;0.7928273652970229;0.8289360973531305;0.8289360973531305
3.8;0.9314164182712162;0.9205173129920031;0.9578680937511413;0.9578680937511413;0.9507761527582277;0.9392353421812417;0.9702035516602476;0.9702035516602476;0.922993708017653;0.9226831423707246;0.9634907851485306;0.9634907851485306;0.966115338026213;0.938921989996262;0.9752386895732129;0.9752386895732129;0.9319417605294789;0.9307032071300819;0.9684102614686408;0.9684102614686408;0.886140831122468;0.8654576070852602;0.9252509038542638;0.9252509038542638;0.9116288256263858;0.876370269796619;0.930088785156784;0.930088785156784
3.4;0.9103056969238933;0.9105439218784668;0.9509581782593487;0.9509581782593487;0.937173819377255;0.9424569385585507;0.967363222381011;0.967363222381011;0.9247642835593803;0.935028837236118;0.9536286510600239;0.9536286510600239;0.9547024156410722;0.9470488238425094;0.9685668010305882;0.9685668010305882;0.9375669992037002;0.9453340395929469;0.9639672972081701;0.9639672972081701;0.8591814682384437;0.8641559667382983;0.9352899114976895;0.9352899114976895;0.8822219250459596;0.872248580783681;0.9365657529108421;0.9365657529108421
2.0;0.8665463577137327;0.8247036687903039;0.9089051423654962;0.9089051423654962;0.9015195864457675;0.8724878341025153;0.946251382093791;0.946251382093791;0.852388230947007;0.852388230947007;0.9418130088369442;0.9418130088369442;0.898919969546199;0.8844625779189049;0.9580709392670786;0.9580709392670786;0.8785030718624953;0.8785030718624953;0.9527840859506341;0.9527840859506341;0.7003562631859779;0.6444360905805552;0.8044466396860378;0.8044466396860378;0.6907585776295387;0.6377796531163752;0.8327244023178676;0.8327244023178676
4.0;0.9231144157891373;0.8933038404886386;0.9361413820168972;0.9361413820168972;0.9382414927638533;0.9137295964444611;0.9499743454833317;0.9499743454833317;0.8712655347240902;0.8712655347240902;0.9207541871602362;0.9207541871602362;0.9338553874350582;0.9106201316279338;0.9474693951534834;0.9474693951534834;0.8932267571963445;0.8932267571963445;0.9354717524361261;0.9354717524361261;0.8339415136100143;0.8153445802148678;0.8739196669363992;0.8739196669363992;0.8197380998369191;0.7862255004779352;0.8627647152170165;0.8627647152170165
3.2;0.9228300850052448;0.9263733481421746;0.9577581481027857;0.9577581481027857;0.9419865230186891;0.9440804160830312;0.9706840954415118;0.9706840954415118;0.9311803675228328;0.9311803675228328;0.9622592298959122;0.9622592298959122;0.942667265485875;0.947657329283855;0.9731138094670506;0.9731138094670506;0.9451075146778155;0.9451075146778155;0.9711085559828978;0.9711085559828978;0.9010212751014588;0.9010212751014588;0.9259722768536051;0.9259722768536051;0.8970812642279475;0.8970812642279475;0.9290148477914474;0.9290148477914474
2.2;0.7632008606539336;0.724412608902686;0.8529414276670622;0.8529414276670622;0.8239835031856385;0.791042988024109;0.8953990380126277;0.8953990380126277;0.7681483377726885;0.7681483377726885;0.8832003256424991;0.8832003256424991;0.8375774113860137;0.8119099595901977;0.9135527406451226;0.9135527406451226;0.8020597726267116;0.8020597726267116;0.9024938566815378;0.9024938566815378;0.6639833047293072;0.6510783486021531;0.7999528608180692;0.7999528608180692;0.6608142188011961;0.6465238943678938;0.8108422862702069;0.8108422862702069
3.0;0.926499440933522;0.9259986502179249;0.9579828257345148;0.9579828257345148;0.9483775095472153;0.9477060022584377;0.9693634007298016;0.9693634007298016;0.8270998268759115;0.920178543147437;0.9060588054449964;0.9060588054449964;0.9521356448759429;0.9457529717014043;0.9699499134975046;0.9699499134975046;0.8178054593999805;0.9306693719294645;0.921276127380996;0.921276127380996;0.8953804831995719;0.8910499845794019;0.9344526576201756;0.9344526576201756;0.9034886839594479;0.8907398593111611;0.9340241157334052;0.9340241157334052
2.0;0.8904272060145239;0.867249512051786;0.9322099330613105;0.9322099330613105;0.9201811369644923;0.9003585688282313;0.9489806979748925;0.9489806979748925;0.7563158740323775;0.868065675121824;0.8905130848706209;0.8905130848706209;0.9163564280792614;0.9031960507578023;0.9464054120597736;0.9464054120597736;0.7847593561345378;0.8917659833639964;0.9118335774861546;0.9118335774861546;0.816043636149749;0.8234110837609963;0.8895588166984286;0.8895588166984286;0.7961346854897299;0.8076025867377525;0.8809955184354464;0.8809955184354464
0.6;0.9238374651562015;0.8973041407439123;0.9523544220624492;0.9523544220624492;0.9491189056244221;0.9258331535194824;0.9662813486910988;0.9662813486910988;0.9146847060359715;0.9146847060359715;0.956497288172433;0.956497288172433;0.9444403288620893;0.9398351930520547;0.9720403107080864;0.9720403107080864;0.9313965083361795;0.9313965083361795;0.9656083986888344;0.9656083986888344;0.8549875589310647;0.8594198786217876;0.9239182967363004;0.9239182967363004;0.8617937342370546;0.8728531869332429;0.9312463450416953;0.9312463450416953
3.2;0.9353123029878179;0.934852031646476;0.9525736702205264;0.9525736702205264;0.9545522278605886;0.955092789731793;0.968949318338774;0.968949318338774;0.9444623702417139;0.9444623702417139;0.9588392367813791;0.9588392367813791;0.9491165456925356;0.9548214597756556;0.9678376185986861;0.9678376185986861;0.9535455651845156;0.9535455651845156;0.9646470543721738;0.9646470543721738;0.8820211969818493;0.8888837652531467;0.9194219735110399;0.9194219735110399;0.9021325266149914;0.9096750487855357;0.9305999837415972;0.9305999837415972
3.6;0.9105772077588123;0.9105772077588123;0.9455346650158073;0.9455346650158073;0.9350145269010803;0.9350145269010803;0.9623551656142373;0.9623551656142373;0.9173780524616406;0.9173780524616406;0.9512895211054213;0.9512895211054213;0.9307230478019158;0.9307230478019158;0.9633120829945803;0.9633120829945803;0.9259721641340732;0.9259721641340732;0.9582513439792101;0.9582513439792101;0.8472413547015979;0.8472413547015979;0.9047418085795277;0.9047418085795277;0.8790305166041505;0.8790305166041505;0.9223938635631278;0.9223938635631278
1.0;0.8675265424520412;0.8793131334273295;0.9280902603802585;0.9280902603802585;0.902015820621738;0.9126374066343733;0.9458641458246277;0.9458641458246277;0.8848376275281962;0.8848376275281962;0.9359757683427392;0.9359757683427392;0.9096700328863534;0.9126187479574825;0.9509268055140667;0.9509268055140667;0.9005519705341873;0.9005519705341873;0.943168552800762;0.943168552800762;0.8243782340073805;0.8376042730568131;0.9078391978346291;0.9078391978346291;0.8233982190073836;0.8383537521710468;0.9034755501292105;0.9034755501292105
1.8;0.8711054315290491;0.8199287393532636;0.9186331184924581;0.9186331184924581;0.9010358905444433;0.8626074438897935;0.9406151869545267;0.9406151869545267;0.8583456706783716;0.8583456706783716;0.9298563846363544;0.9298563846363544;0.9175061554990291;0.8938496254663468;0.9536782231979993;0.9536782231979993;0.8650453937269933;0.8650453937269933;0.9403437164345717;0.9403437164345717;0.8011474406128593;0.7802510475598707;0.8895021867563376;0.8895021867563376;0.8284124404760939;0.7980533392798732;0.8966643117010623;0.8966643117010623
2.8;0.783246000377666;0.8584033923272884;0.851841779790829;0.851841779790829;0.859647586796977;0.9111302735970458;0.9002996439319991;0.9002996439319991;0.7863242681593668;0.8787272468438191;0.8406668072935742;0.8406668072935742;0.8495455698330566;0.912564706253875;0.8766123338624998;0.8766123338624998;0.8148230137680624;0.9021455647913891;0.8596653804789027;0.8596653804789027;0.8023501957177726;0.7768764956148458;0.869279879005294;0.869279879005294;0.7919335736769427;0.7780143750426912;0.8871646153247612;0.8871646153247612
2.8;0.8049434111114528;0.8644125547446532;0.8661724909755854;0.8661724909755854;0.8817958770004145;0.9218182931050548;0.9140468075933281;0.9140468075933281;0.7841161483416286;0.8848654696635213;0.8578252816007829;0.8578252816007829;0.8678092538020734;0.9145128992495137;0.8893143226180806;0.8893143226180806;0.8117822135483691;0.9046965015791368;0.8698768653297572;0.8698768653297572;0.8070211420050011;0.758285732843581;0.8501978695562274;0.8501978695562274;0.8389219151654852;0.8093330680971572;0.894505949415475;0.894505949415475
1.8;0.903522495932247;0.9278539421272993;0.8828776657327827;0.8828776657327827;0.9352815607218852;0.9510362494912588;0.9157557627178279;0.9157557627178279;0.8500525963799509;0.9213396041513252;0.8804722319219903;0.8804722319219903;0.9344559946140515;0.9460201289252447;0.9126076280381618;0.9126076280381618;0.8622427561845902;0.929371475488849;0.8983153738973702;0.8983153738973702;0.8949936388659092;0.8491284986006669;0.9125065832733774;0.9125065832733774;0.8887501614654942;0.8637758534172301;0.9215518797231822;0.9215518797231822
1.8;0.8897800003028123;0.8738029657374716;0.9250859078981728;0.9250859078981728;0.9090988582533334;0.8969185594598196;0.9398465577176818;0.9398465577176818;0.8608137858094516;0.8608137858094516;0.910761193874848;0.910761193874848;0.9174089348089162;0.8930065592476413;0.938768260236588;0.938768260236588;0.8772401741191027;0.8772401741191027;0.9276132317571383;0.9276132317571383;0.8515090350338722;0.8439740977891212;0.9103686151888128;0.9103686151888128;0.8490838838732481;0.8436971231912888;0.9023625564235254;0.9023625564235254
2.6;0.9071558829113581;0.8704110600284612;0.9469992897126981;0.9469992897126981;0.9374682638567174;0.9113358883803652;0.9654494867483857;0.9654494867483857;0.8683002192164708;0.8683002192164708;0.9499248123613611;0.9499248123613611;0.9276126624999113;0.9017887063028573;0.9638019841825135;0.9638019841825135;0.8866450033696249;0.8866450033696249;0.9582612921315793;0.9582612921315793;0.8834278214631528;0.8506450343504249;0.9193447329482205;0.9193447329482205;0.8960552893952836;0.8527918813064733;0.9336729508070322;0.9336729508070322
1.4;0.8100011841419806;0.8100011841419806;0.8341236042600318;0.8341236042600318;0.8500834977672488;0.8500834977672488;0.8637922256441399;0.8637922256441399;0.7769508554668978;0.7769508554668978;0.7695176555369425;0.7695176555369425;0.8593320816979085;0.8223710039586525;0.827873947330903;0.827873947330903;0.7971081572114462;0.7971081572114462;0.8004798973054316;0.8004798973054316;0.7731251312806194;0.7731251312806194;0.8180294415831693;0.8180294415831693;0.7792644030047766;0.7792644030047766;0.8044564056979113;0.8044564056979113
3.0;0.8487804233994055;0.8512917404504875;0.9016557155350206;0.9016557155350206;0.8977232418381723;0.9010420276973994;0.9326997115376745;0.9326997115376745;0.8723287993254388;0.8723287993254388;0.9134990948265855;0.9134990948265855;0.8992779434297397;0.9059201980905173;0.9382848649122043;0.9382848649122043;0.8913411997190772;0.8913411997190772;0.9282743924773161;0.9282743924773161;0.7901361799354153;0.7899557741174438;0.8471627880845767;0.8471627880845767;0.7849700551940719;0.7943352060548204;0.8556626641993099;0.8556626641993099
0.6;0.8377256368577075;0.8458816924350553;0.9208202301426344;0.9208202301426344;0.8778820995113115;0.8859141178213272;0.9442833221787692;0.9442833221787692;0.8341198504287166;0.8598802918171168;0.9017639943708643;0.9017639943708643;0.8712960573217087;0.8773719975112364;0.9357628641503398;0.9357628641503398;0.8571085897402049;0.8747767564911719;0.9192204886728398;0.9192204886728398;0.7828575790699631;0.7729746080518795;0.862713925462686;0.862713925462686;0.8169715951881825;0.8053814373925041;0.8895316785540817;0.8895316785540817
1.8;0.8572703393299363;0.8292192550734132;0.9130065892290052;0.9130065892290052;0.891251005122447;0.86774224678372;0.9370334229398257;0.9370334229398257;0.8541901076113135;0.8541901076113135;0.9290170071379409;0.9290170071379409;0.896529077493277;0.8781122790641394;0.9463688448814338;0.9463688448814338;0.8749254851845387;0.8749254851845387;0.9443969349475503;0.9443969349475503;0.8048069806091209;0.7895480807415821;0.8603305447014891;0.8603305447014891;0.8246295589275812;0.806298125857382;0.8909505780716931;0.8909505780716931
3.0;0.831415160546855;0.8636428865321205;0.8690459655003434;0.8690459655003434;0.8681047550528723;0.8953246888549788;0.8958244822443475;0.8958244822443475;0.8878563441140144;0.9098014692390405;0.8878058859942997;0.8878058859942997;0.8944074258615646;0.9192064234021736;0.9139419440220319;0.9139419440220319;0.8812839796721642;0.8993576398202884;0.890857724635138;0.890857724635138;0.8093737057814362;0.8107363146472311;0.8847492046442166;0.8847492046442166;0.8087421632926154;0.8393679508565689;0.8981821794349729;0.8981821794349729
3.0;0.9227821680188322;0.9292998028925727;0.9566012051833075;0.9566012051833075;0.9445093008203084;0.9487400589326103;0.9704127594139524;0.9704127594139524;0.9210356968573233;0.9297278329631382;0.9582068969012947;0.9582068969012947;0.937938496059453;0.9448006600658228;0.9691853051706273;0.9691853051706273;0.9352590429494156;0.9422894551258093;0.965429226368958;0.965429226368958;0.89445943571867;0.9056200153178529;0.9389445217965179;0.9389445217965179;0.9020331514504701;0.9117765668265743;0.9426515992824872;0.9426515992824872
3.8;0.966762156407141;0.9612997570673887;0.9699166660846137;0.9699166660846137;0.9802432997462068;0.9769863658485594;0.9789684210552693;0.9789684210552693;0.9764079177727234;0.9764079177727234;0.9765416977678861;0.9765416977678861;0.9781518948554934;0.98082253656309;0.9827354001704433;0.9827354001704433;0.9795931408107167;0.9795931408107167;0.9811204689251134;0.9811204689251134;0.9503374479865967;0.9417440394579285;0.966725218582538;0.966725218582538;0.9605413189107211;0.9522263815675006;0.9734217636165962;0.9734217636165962
2.4;0.8998190107834628;0.9047670958894499;0.9420784418681;0.9420784418681;0.9328557735696158;0.9378332581747326;0.9624336649527853;0.9624336649527853;0.9278333344204295;0.9278333344204295;0.9498408614527519;0.9498408614527519;0.9372012387533907;0.9436325980252122;0.9658044324239967;0.9658044324239967;0.9361557093647962;0.9361557093647962;0.9576297407890606;0.9576297407890606;0.8633724727692292;0.8614842719956101;0.8995014738476184;0.8995014738476184;0.8860051850381716;0.8831212710466914;0.9105123066973159;0.9105123066973159
3.6;0.9429704842059605;0.9408977449025534;0.9610718514917416;0.9610718514917416;0.9593935762607121;0.9580053128260257;0.9729645483202009;0.9729645483202009;0.946410397051851;0.946410397051851;0.9651200863363817;0.9651200863363817;0.9637098372777327;0.9610337656182256;0.9754596630270915;0.9754596630270915;0.953696570461417;0.953696570461417;0.9711172233299916;0.9711172233299916;0.9310865852385449;0.9310865852385449;0.9529360026116783;0.9529360026116783;0.9348238617946437;0.9348238617946437;0.9541838658006508;0.9541838658006508
2.8;0.8784711613643293;0.8784711613643293;0.9350033211506971;0.9350033211506971;0.9151263400392353;0.9151263400392353;0.9583750107276597;0.9583750107276597;0.9105593043884446;0.9105593043884446;0.9565791239200723;0.9565791239200723;0.9465790962711925;0.9255675637979941;0.9663748681825517;0.9663748681825517;0.9288805311902213;0.9288805311902213;0.9659136117707179;0.9659136117707179;0.8276361256272756;0.8276361256272756;0.893690140949732;0.893690140949732;0.8286376510964225;0.8286376510964225;0.910722517601209;0.910722517601209
3.6;0.9415135180219237;0.9415130352474195;0.968766257702443;0.968766257702443;0.9618128846483794;0.9620918027303824;0.9802965724086184;0.9802965724086184;0.9542310873097299;0.9509647024008734;0.9751268414127501;0.9751268414127501;0.9671453676818335;0.9662537071846548;0.9839470590709825;0.9839470590709825;0.9609982819897135;0.9591037530840322;0.9798814312853306;0.9798814312853306;0.8983495401294042;0.9009905275287725;0.9371736792357398;0.9371736792357398;0.9292534052225562;0.930541056958692;0.9576532226406868;0.9576532226406868
3.0;0.9380178918047283;0.9057979865038953;0.954661410853096;0.954661410853096;0.95700783698338;0.9361281069466547;0.9700130405495218;0.9700130405495218;0.9202665343533;0.909605736778216;0.9660114076013615;0.9660114076013615;0.9605597039510506;0.9374942237255842;0.9761490591949348;0.9761490591949348;0.9340951297426935;0.924010563894807;0.9716259758393786;0.9716259758393786;0.8877883969721825;0.8602323051777384;0.9213737451702215;0.9213737451702215;0.8984340287216382;0.8699962716788688;0.9303553119678986;0.9303553119678986
0.0;0.704901045391867;0.717832558929829;0.8190031998307062;0.8190031998307062;0.776151111747204;0.7832870760390181;0.8680667463089028;0.8680667463089028;0.6699290204228152;0.6699290204228152;0.7589428853249721;0.7589428853249721;0.683353168701756;0.723320829370602;0.8184248544358592;0.8184248544358592;0.6899774617597175;0.6899774617597175;0.7883444667663799;0.7883444667663799;0.6521876866709283;0.672251902086144;0.8031770339108798;0.8031770339108798;0.698156596579257;0.711999086489646;0.8090011327756838;0.8090011327756838
0.0;0.8375594785730995;0.8389656325189587;0.9269184430124269;0.9269184430124269;0.8925937527791219;0.8940692826102842;0.9526644979664501;0.9526644979664501;0.7357377187658989;0.849236567484105;0.8680801750309179;0.8680801750309179;0.8894425124056314;0.8966355669880753;0.9503611309004069;0.9503611309004069;0.7888603531218112;0.8885586443936133;0.8956694857317895;0.8956694857317895;0.7489575263079464;0.7554770487541056;0.8829967620183263;0.8829967620183263;0.7548600771124663;0.7632733481308769;0.885255896798941;0.885255896798941
0.2;0.7584567439748764;0.7846433274029107;0.8640737418953783;0.8640737418953783;0.8202216961250453;0.8375942401208388;0.9000523724000993;0.9000523724000993;0.7838745723678094;0.7838745723678094;0.8653721017253863;0.8653721017253863;0.8321280719670864;0.8448994504813143;0.9095777267669518;0.9095777267669518;0.8173001401449211;0.8173001401449211;0.8886841878765779;0.8886841878765779;0.6977477177419208;0.7206876329514132;0.8336044934609016;0.8336044934609016;0.6820877935124964;0.7136897686237262;0.8255467830067837;0.8255467830067837
0.0;0.7960553118757993;0.792605757510874;0.9107392124049364;0.9107392124049364;0.8432846108570319;0.8467708546862257;0.9386093851989997;0.9386093851989997;0.7838276280875249;0.754670659286839;0.8904742360583303;0.8904742360583303;0.8240778210241227;0.8336159987386863;0.9237765320035561;0.9237765320035561;0.8271355093150728;0.8040455725344203;0.9112342873900616;0.9112342873900616;0.7297465556315357;0.7107388978245314;0.8638435372287592;0.8638435372287592;0.7273105861037269;0.7214081762774479;0.8781097675650928;0.8781097675650928
0.2;0.7976949027823924;0.7976949027823924;0.8750586259418124;0.8750586259418124;0.8573300461831865;0.8573300461831865;0.9070326156853932;0.9070326156853932;0.8042250593394294;0.8042250593394294;0.8665670469118026;0.8665670469118026;0.8535975550365893;0.8435881740205192;0.9008433338109831;0.9008433338109831;0.8392536205249742;0.8392536205249742;0.8907446893225991;0.8907446893225991;0.7742680157132346;0.7667259160459196;0.8655536548801898;0.8655536548801898;0.7778031562919522;0.7671248470055575;0.863722774134515;0.863722774134515
0.2;0.8365913319871283;0.8289291230892127;0.9131355121405061;0.9131355121405061;0.8846547444566148;0.8788727646961015;0.9363972104465839;0.9363972104465839;0.8345973273471897;0.8345973273471897;0.9134593727088698;0.9134593727088698;0.8861318834330597;0.8745218037309073;0.9384810981266521;0.9384810981266521;0.8729075933890074;0.8729075933890074;0.9334509445214528;0.9334509445214528;0.8059093045610144;0.796359809096398;0.8933032788323934;0.8933032788323934;0.8037917830834278;0.7934659332502135;0.8844565645020361;0.8844565645020361
1.8;0.8808855784264572;0.876849358414466;0.8986388560721356;0.8986388560721356;0.9222580604215035;0.9197857610795669;0.9381074397946866;0.9381074397946866;0.8767591069613634;0.8892187803672446;0.9101000251540178;0.9101000251540178;0.9192289113761406;0.9224741528280613;0.940497755870489;0.940497755870489;0.9005750542033812;0.9073144870726155;0.9265245723833611;0.9265245723833611;0.7728744345855023;0.7681810264643262;0.8122743894538926;0.8122743894538926;0.8311629980031755;0.8326452457927946;0.8625132906985079;0.8625132906985079
1.4;0.8584414494316555;0.8556930088882754;0.9026973925166714;0.9026973925166714;0.9065874233203933;0.903335842209587;0.9315265606896427;0.9315265606896427;0.8705728303904517;0.8647202522174984;0.9037646579975356;0.9037646579975356;0.8709224950461432;0.8796957412795414;0.9216090627267087;0.9216090627267087;0.888950906363694;0.8832623886171588;0.9188018521122404;0.9188018521122404;0.8522071188244892;0.8512925777201346;0.900441165411976;0.900441165411976;0.8697520841588691;0.8658961251315435;0.9126493805024624;0.9126493805024624
1.8;0.8435253207517538;0.8333044129978588;0.8916115437923445;0.8916115437923445;0.8904989855938515;0.8853798664496813;0.9273184141067904;0.9273184141067904;0.8639161735340667;0.8639161735340667;0.9098022545385281;0.9098022545385281;0.8972986290596214;0.8866481370613362;0.9309947983657119;0.9309947983657119;0.8881473424866304;0.8881473424866304;0.9261887784695112;0.9261887784695112;0.7575038732179926;0.7463387536644813;0.8379560103140772;0.8379560103140772;0.7907279086181107;0.7769589093542277;0.8526933055731702;0.8526933055731702
2.0;0.8883685670930891;0.8799030232471367;0.9290407725800502;0.9290407725800502;0.9201677884989298;0.9165795342338804;0.9519334215646925;0.9519334215646925;0.9002980222507037;0.9002980222507037;0.9431949256605785;0.9431949256605785;0.9150026345607423;0.919165758197823;0.9588549684113162;0.9588549684113162;0.9114621882225848;0.9114621882225848;0.9536996402745286;0.9536996402745286;0.7773824234263982;0.7796677644772013;0.864530632968664;0.864530632968664;0.8209771151882339;0.8281231411320659;0.8927068880573799;0.8927068880573799
0.0;0.78615258091422;0.7870613337677539;0.9110732624192698;0.9110732624192698;0.8417739891089634;0.8425005424648747;0.9343865644791558;0.9343865644791558;0.8193912366443511;0.8193912366443511;0.9256123416702656;0.9256123416702656;0.8662995797423779;0.8625564678625954;0.9447334052074465;0.9447334052074465;0.8531473230873987;0.8531473230873987;0.9363012028178163;0.9363012028178163;0.77913677567374;0.7817405291059853;0.9079580869805542;0.9079580869805542;0.7624368934928963;0.7655851101319449;0.8948473975296382;0.8948473975296382
0.8;0.8873587001601586;0.8872896374646644;0.955545826855682;0.955545826855682;0.9289455537871338;0.9279655523072637;0.9745305807208131;0.9745305807208131;0.9095904687378706;0.9095904687378706;0.9683820426197538;0.9683820426197538;0.9259340604654757;0.9251247832865146;0.9755387473622791;0.9755387473622791;0.9242821381448102;0.9242821381448102;0.9734888746100184;0.9734888746100184;0.8508672112333956;0.8513861645094382;0.9271424836042036;0.9271424836042036;0.8842411826730523;0.8821882579442057;0.9492920224125853;0.9492920224125853
2.2;0.8898133923352741;0.9018819680720487;0.9314442476366607;0.9314442476366607;0.9214424903104905;0.9343302308032315;0.9582290574065618;0.9582290574065618;0.9185925054009236;0.9214395986649243;0.9390308106513335;0.9390308106513335;0.9326355908618972;0.9427446937141185;0.9570343835289469;0.9570343835289469;0.934367409617233;0.9372077026524992;0.9523005592899935;0.9523005592899935;0.8510745973263341;0.8547910027639328;0.8953270097551298;0.8953270097551298;0.8937578076413145;0.8953195380393861;0.9239922915559305;0.9239922915559305
1.4;0.8564494170839055;0.8747261135869056;0.8953742994332572;0.8953742994332572;0.8933205778460843;0.9149350679795862;0.9285004800887354;0.9285004800887354;0.8970247087002983;0.9041117358370827;0.9129253506163264;0.9129253506163264;0.9081784949280902;0.9278040496319856;0.937124184383664;0.937124184383664;0.9101517327614497;0.9175365851957292;0.92334111262507;0.92334111262507;0.8028425841825119;0.8020169901211517;0.8329836630300258;0.8329836630300258;0.8428819105857434;0.8462364370982495;0.875331162311888;0.875331162311888
1.8;0.8823053990448798;0.8806321753477295;0.9369083839569854;0.9369083839569854;0.9134519149908047;0.9134006985133568;0.9546838249494086;0.9546838249494086;0.8684906391311011;0.8684906391311011;0.9261267864612434;0.9261267864612434;0.9021423746304164;0.9052630903195183;0.9501072620144879;0.9501072620144879;0.8947989219554142;0.8947989219554142;0.9420427625250075;0.9420427625250075;0.8401014644294276;0.8401014644294276;0.9154353112703888;0.9154353112703888;0.8498555934877349;0.8498555934877349;0.9164766365883132;0.9164766365883132
3.0;0.9259725560731191;0.9115037243308739;0.9621158114069341;0.9621158114069341;0.9469982972379528;0.9389833629753637;0.9743698740637067;0.9743698740637067;0.884854365288111;0.9168087047426261;0.9564933529537847;0.9564933529537847;0.948193694859255;0.9268922862496044;0.9703906382836451;0.9703906382836451;0.8969781735895676;0.924954747599494;0.9639284486437327;0.9639284486437327;0.8534300735222072;0.8397779142883247;0.9256760012900445;0.9256760012900445;0.8810387480252122;0.865756322966155;0.9368358072753181;0.9368358072753181
1.2;0.9086834094977213;0.8984148311280626;0.9453406341535788;0.9453406341535788;0.9355766905539052;0.9288674114313015;0.9636158002399255;0.9636158002399255;0.9039415593272767;0.9064281518381787;0.9460429330801563;0.9460429330801563;0.9242644591962852;0.9155670019861244;0.9560745356238242;0.9560745356238242;0.9115818344313656;0.9145452174012582;0.9540006541963726;0.9540006541963726;0.8029454927468861;0.77987246473979;0.8657772715304314;0.8657772715304314;0.8354031824717353;0.8341501486619065;0.9036926686990366;0.9036926686990366
0.2;0.7770205955508013;0.7571778930779308;0.8750572470439053;0.8750572470439053;0.8347586242310411;0.8187224754506496;0.9074353453596234;0.9074353453596234;0.7395601949857039;0.7395601949857039;0.8549312985264819;0.8549312985264819;0.8253080975828389;0.7993812146366508;0.8979033051054995;0.8979033051054995;0.7752852315715928;0.7752852315715928;0.8789850904058361;0.8789850904058361;0.7333601597914012;0.7215125749740942;0.8343449546299125;0.8343449546299125;0.7127871233117495;0.7008164159035619;0.824218156123507;0.824218156123507
0.2;0.7586311760015416;0.7781185882162105;0.8372061367809962;0.8372061367809962;0.824551555314586;0.8574655080253493;0.8889536183512026;0.8889536183512026;0.8274287592201949;0.8274287592201949;0.8358699715504967;0.8358699715504967;0.8037228263877175;0.8725676790017068;0.8763433176567477;0.8763433176567477;0.8589598404638016;0.8589598404638016;0.8670339017575518;0.8670339017575518;0.7226706750328697;0.6874807478472319;0.8193113972818963;0.8193113972818963;0.6882863395822794;0.7272644416782301;0.8497466804512485;0.8497466804512485
0.6;0.7985118022309965;0.8121181717144516;0.8828984175640606;0.8828984175640606;0.8707191309215849;0.8835843003431085;0.9302399910019878;0.9302399910019878;0.837556619118719;0.837556619118719;0.8997098709534224;0.8997098709534224;0.8706960139041588;0.8838570375679196;0.9321961889900046;0.9321961889900046;0.8786265108514721;0.8786265108514721;0.9222389468743053;0.9222389468743053;0.716669121137222;0.7223594382889462;0.835381369683651;0.835381369683651;0.7535202422321784;0.7578334271502668;0.8623784062165316;0.8623784062165316
0.2;0.7879464708705036;0.7537271302664723;0.8904817836053801;0.8904817836053801;0.851174175190105;0.8194723637183235;0.9260205306960567;0.9260205306960567;0.772714661926565;0.772714661926565;0.9009774186834565;0.9009774186834565;0.8479108421829015;0.8195216030409123;0.925651509237288;0.925651509237288;0.8031680177489908;0.8031680177489908;0.9142286936697963;0.9142286936697963;0.7531083059396877;0.6926305124223384;0.8582090385461688;0.8582090385461688;0.7183818276752012;0.6465556226587913;0.8366285285533415;0.8366285285533415
0.2;0.7531507425219441;0.7488889926988426;0.8392773826541439;0.8392773826541439;0.8003583689671196;0.7944297667517831;0.8726413828331742;0.8726413828331742;0.7386652873495845;0.7386652873495845;0.8252559408435891;0.8252559408435891;0.7898117023892118;0.7876344810502812;0.8653182990222725;0.8653182990222725;0.7785954300801395;0.7785954300801395;0.8549489327552322;0.8549489327552322;0.7400925764977112;0.7293240637607927;0.8322744232628966;0.8322744232628966;0.7243471309201805;0.7143935621865459;0.8177127036033142;0.8177127036033142
0.0;0.7466137473575493;0.7696973279865166;0.8765041317910344;0.8765041317910344;0.7973299983567357;0.8190726918026541;0.9076220232930218;0.9076220232930218;0.8010393149764101;0.7851798706597448;0.8904911617152574;0.8904911617152574;0.8154318984640784;0.838851156607989;0.9170378486787336;0.9170378486787336;0.8349162067615936;0.8214607318948397;0.9091507414182455;0.9091507414182455;0.7209282339483927;0.7005411004955269;0.849106834615445;0.849106834615445;0.6762241826694949;0.6858908038097866;0.8427710758208489;0.8427710758208489
0.2;0.744344267953391;0.6935289358257876;0.8616276994796669;0.8616276994796669;0.8038690444383619;0.7549664275518498;0.8955475514046812;0.8955475514046812;0.6740974177988653;0.6740974177988653;0.8564893067894169;0.8564893067894169;0.7728129488093002;0.7347102716996077;0.8914774703336518;0.8914774703336518;0.7009414813627544;0.7009414813627544;0.8741223369601614;0.8741223369601614;0.6547429404326207;0.6191164155341504;0.8168315643445584;0.8168315643445584;0.6299249207266333;0.5765512265366098;0.7942093241606256;0.7942093241606256
0.2;0.7733314341540086;0.7347842067795988;0.8695789221444182;0.8695789221444182;0.8268229242595095;0.8028181326107969;0.9021999163177481;0.9021999163177481;0.7403692913328049;0.7403692913328049;0.8747065601999136;0.8747065601999136;0.8018530148016161;0.7936105018558441;0.9034843959548424;0.9034843959548424;0.777072943776323;0.777072943776323;0.8923981411093015;0.8923981411093015;0.7388508114674277;0.6698523205758605;0.8509226337316033;0.8509226337316033;0.7259499467916277;0.6736749200110991;0.8473405353102998;0.8473405353102998
2.0;0.8329589115843699;0.8329589115843699;0.8614290682353367;0.8614290682353367;0.8835088109818545;0.8835088109818545;0.9056053556394131;0.9056053556394131;0.8416254764936787;0.8416254764936787;0.8749722765968095;0.8749722765968095;0.8803929054638945;0.8803929054638945;0.9091123281351428;0.9091123281351428;0.8718849309976899;0.8718849309976899;0.9002849459326241;0.9002849459326241;0.7825218378573792;0.7825218378573792;0.8066903198958877;0.8066903198958877;0.8088730180141417;0.8088730180141417;0.8264476401006665;0.8264476401006665
2.8;0.9248511598985696;0.9260363652167274;0.9429370733598262;0.9429370733598262;0.9497585092231986;0.951125677546813;0.9639672342946767;0.9639672342946767;0.941571393280956;0.941571393280956;0.956570093774674;0.956570093774674;0.9552798642365442;0.9576486535014342;0.9689326138963151;0.9689326138963151;0.9516550037846476;0.9516550037846476;0.9635558516586066;0.9635558516586066;0.9064668156314326;0.9010001557544303;0.906691592904418;0.906691592904418;0.9095115738815962;0.9013586967492995;0.9119647710832125;0.9119647710832125
2.0;0.7583655002720964;0.6603636255826457;0.8615685021527962;0.8615685021527962;0.837098234339698;0.759159589688835;0.9095120136002599;0.9095120136002599;0.6659043053203524;0.6659043053203524;0.864595881134052;0.864595881134052;0.8314321472972235;0.73878266634293;0.9013436242567218;0.9013436242567218;0.7160631536738824;0.7160631536738824;0.8878343388972433;0.8878343388972433;0.6355608923223733;0.5548187537988218;0.77902553693216;0.77902553693216;0.6509480881604883;0.5545456605815012;0.7770017124458328;0.7770017124458328
4.0;0.9655985953917444;0.936871292546729;0.9685083620930206;0.9685083620930206;0.9782695202502326;0.9621381289987142;0.9804404861036408;0.9804404861036408;0.9473467874262834;0.9473467874262834;0.976032940073195;0.976032940073195;0.9765842992063524;0.9615125165779708;0.9815861680887117;0.9815861680887117;0.957301069689682;0.957301069689682;0.9795067362905692;0.9795067362905692;0.9322581912349259;0.8996411279347298;0.9430879714003565;0.9430879714003565;0.9534420245573516;0.9267995342373547;0.9506041415698664;0.9506041415698664
3.0;0.8701445898936156;0.8677180023895895;0.9176403978641982;0.9176403978641982;0.9201437004941634;0.9166329698700322;0.9529065128034272;0.9529065128034272;0.8985739290435736;0.8985739290435736;0.9406687770108152;0.9406687770108152;0.922427252591973;0.9151851049656526;0.9564373672655946;0.9564373672655946;0.9102197159566288;0.9102197159566288;0.9502880560946287;0.9502880560946287;0.7997433743354174;0.7906112766120618;0.8611039668568994;0.8611039668568994;0.8618822488636337;0.85256633818468;0.907314858999424;0.907314858999424
3.2;0.8961763487022256;0.8981525115305861;0.9525618322000123;0.9525618322000123;0.9397727454847817;0.9413443703581161;0.9733186972112768;0.9733186972112768;0.9142148954476226;0.9142148954476226;0.9580184071121214;0.9580184071121214;0.9354446781711402;0.9385596144024433;0.9711309234803936;0.9711309234803936;0.9247571094488573;0.9247571094488573;0.9636423433156444;0.9636423433156444;0.8498063967424114;0.852191797150938;0.9227160275135737;0.9227160275135737;0.8664666451352955;0.8719420318757258;0.9383128888523672;0.9383128888523672
1.6;0.875902610850076;0.8552083260052535;0.9144809299276427;0.9144809299276427;0.9020758567479368;0.8877295089583186;0.9379900478159373;0.9379900478159373;0.8598919145125177;0.8598919145125177;0.9189211825565238;0.9189211825565238;0.9064719032615979;0.8923156538953056;0.9428143551939239;0.9428143551939239;0.8818643591147567;0.8818643591147567;0.9346164107520513;0.9346164107520513;0.8164345873555093;0.7953500302208811;0.8651223319489135;0.8651223319489135;0.8339757595530785;0.8147570464656331;0.8819695922301135;0.8819695922301135
2.4;0.8835934796805017;0.8721853835423081;0.9249482062312145;0.9249482062312145;0.9117585720226157;0.9002376777408986;0.9407263422871862;0.9407263422871862;0.8279503003712638;0.876149416853775;0.9197497344549093;0.9197497344549093;0.8966117502533808;0.8944687266574293;0.9393622699139144;0.9393622699139144;0.8598412807389263;0.8908586152730674;0.931985366246444;0.931985366246444;0.8063803074316552;0.8174884279280469;0.9185467104155126;0.9185467104155126;0.7820668796327984;0.7905793973031764;0.9136893270445648;0.9136893270445648
3.2;0.890402923692929;0.8921991837919667;0.9276879089326471;0.9276879089326471;0.9334669602982832;0.934628535173396;0.9569044454082337;0.9569044454082337;0.9232095345725733;0.9248693133193217;0.9493069505611279;0.9493069505611279;0.946087981263899;0.9467594465072742;0.9650522520045519;0.9650522520045519;0.9373638238962834;0.9384475358678036;0.9591563364565379;0.9591563364565379;0.8249557521357892;0.8292749863962098;0.8847298203505644;0.8847298203505644;0.8383488617754914;0.8434860842427315;0.8877261393006817;0.8877261393006817
1.8;0.8365587206945674;0.7655285244280398;0.8446920589738243;0.8446920589738243;0.8660434031326566;0.8193480039958608;0.889498030914764;0.889498030914764;0.7784331502573705;0.7784331502573705;0.8823249710152518;0.8823249710152518;0.877762092339909;0.81309898103366;0.9098315524121401;0.9098315524121401;0.8003929726683904;0.8003929726683904;0.8943991992055863;0.8943991992055863;0.6736784515132679;0.5961737954580201;0.7152637858601731;0.7152637858601731;0.7128853056413265;0.618340876696238;0.7183374747883751;0.7183374747883751
