Human;sent2vec None;sent2vec Default;sent2vec BIOSSES;sent2vec Blagec
3.5;0.975770300740094;0.9586757041657976;0.9551677428242578;0.9551677428242578
2.5;0.8355769785362034;0.8267539115098456;0.8267539115098456;0.8267539115098456
3.45;0.8293202737107035;0.8119276318708842;0.8119276318708842;0.8119276318708842
4.0;0.9594274325558795;0.9648234132220527;0.9598240559145425;0.9598240559145425
3.0;0.5954553440630445;0.5757870344821654;0.5950801838319287;0.5950801838319287
2.0;0.640674218665349;0.6552645221828359;0.6552645221828359;0.6552645221828359
2.5;0.8433334721154143;0.861464268220002;0.8476316082431375;0.8476316082431375
3.0;0.7723498820503228;0.7857021529432374;0.7857021529432374;0.7857021529432374
0.0;0.37378468315588687;0.3601053149464766;0.3601053149464766;0.3601053149464766
2.5;0.7127074060276992;0.7116103333027419;0.7116103333027419;0.7116103333027419
3.0;0.9075428378294601;0.9203415644777324;0.9203415644777324;0.9203415644777324
0.5;0.49118870457110325;0.4670332916142434;0.484493261061755;0.484493261061755
3.0;0.7844818490292215;0.7514236580397958;0.780899619527461;0.780899619527461
4.1;0.9157379265103345;0.9121385441273134;0.9121385441273134;0.9121385441273134
3.5;0.7531759731094104;0.8135383827499875;0.8135383827499875;0.8135383827499875
4.0;0.9700392495076205;0.9652062137762676;0.9652062137762676;0.9652062137762676
2.5;0.7555996722918491;0.723747382708242;0.7487575408423955;0.7487575408423955
4.0;0.9613556341845354;0.9580988599505242;0.958493393780074;0.958493393780074
4.0;0.9272030446273034;0.925473808906506;0.9269326405083976;0.9269326405083976
4.1;0.8423211710645578;0.8030887611806754;0.8030887611806754;0.8030887611806754
4.0;0.8896174701444868;0.8901071154670085;0.8901071154670085;0.8901071154670085
3.0;0.9114410264211905;0.903392480657619;0.9051109792480131;0.9051109792480131
4.0;0.880956980577817;0.8951921021143049;0.8951921021143049;0.8951921021143049
3.0;0.8384709911510398;0.8493403118559184;0.8493403118559184;0.8493403118559184
4.5;0.9736323044669744;0.9666898530275703;0.9610000619698792;0.9610000619698792
3.5;0.8764046102800214;0.9028421181355674;0.9034572535960779;0.9034572535960779
3.5;0.5422413172007698;0.5338960545348952;0.5338960545348952;0.5338960545348952
3.0;0.9196387163080628;0.9148094591518228;0.9133725691209584;0.9133725691209584
3.5;0.966711655632584;0.9693161044696645;0.9693161044696645;0.9693161044696645
4.0;0.9930549554658624;0.992328633872789;0.9912839348216838;0.9912839348216838
4.0;0.9868722287777404;0.9801641227954034;0.981896275304287;0.981896275304287
4.0;0.9341550245254108;0.9464835845755362;0.9433731077701043;0.9433731077701043
3.0;0.831918805876303;0.8845579971308702;0.8424228163319782;0.8424228163319782
2.5;0.891090338827759;0.8741678671075696;0.8741678671075696;0.8741678671075696
2.5;0.6397479082512731;0.6517297260180857;0.6517297260180857;0.6517297260180857
3.0;0.7591081909733152;0.8497064581094939;0.8497064581094939;0.8497064581094939
0.0;0.2741772486065493;0.257042509423525;0.257042509423525;0.257042509423525
4.25;0.8443329290618313;0.8234134175702483;0.8234134175702483;0.8234134175702483
3.0;0.7508766229550661;0.7426961873645156;0.7298026919778767;0.7298026919778767
3.0;0.7664096338847622;0.767322111353931;0.7652847624908191;0.7652847624908191
4.0;0.8119218060049149;0.7994664019099715;0.8159532843993123;0.8159532843993123
0.0;0.4364279476742653;0.4328594318430134;0.40286817413502185;0.40286817413502185
3.5;0.8440206741202955;0.8215264083200425;0.8215264083200425;0.8215264083200425
1.0;0.5018198236792973;0.4797068386913042;0.4838618495573493;0.4838618495573493
0.0;0.35231514686565396;0.3524183796810935;0.3524183796810935;0.3524183796810935
1.5;0.6877843320699752;0.7029024855334151;0.7029024855334151;0.7029024855334151
3.6;0.7599630749287073;0.7442488480476954;0.7442488480476954;0.7442488480476954
3.0;0.894953427833232;0.910903519621569;0.910903519621569;0.910903519621569
3.0;0.8759577009516145;0.8938708501154423;0.8929693595176277;0.8929693595176277
5.0;0.9031266012800758;0.9064116635985602;0.8723771347182868;0.8723771347182868
3.5;0.6290029987756506;0.6063460224475776;0.6063460224475776;0.6063460224475776
0.0;0.37865741115403767;0.3567174343921793;0.37434227966889944;0.37434227966889944
4.0;0.849558559264423;0.8147903790603332;0.838125724732551;0.838125724732551
4.5;0.9599131161175082;0.9690641226552088;0.9690641226552088;0.9690641226552088
3.0;0.8626929103445815;0.8661629435453607;0.8661629435453607;0.8661629435453607
3.5;0.8861589635994634;0.8913972046830357;0.8913972046830357;0.8913972046830357
4.0;0.9505806592809638;0.9462194014843034;0.9462194014843034;0.9462194014843034
3.0;0.9012032484350685;0.92308505219451;0.92308505219451;0.92308505219451
3.0;0.80320500661069;0.8042468585851081;0.8042468585851081;0.8042468585851081
3.5;0.8152541185243405;0.8766576656029342;0.9027294016041798;0.9027294016041798
2.5;0.6206729323087146;0.6214263592591359;0.6214263592591359;0.6214263592591359
3.5;0.8942507397935883;0.886376110824124;0.886376110824124;0.886376110824124
3.5;0.5361672034308247;0.5566831023849097;0.5181095147394351;0.5181095147394351
3.0;0.9208751241848709;0.9000441760897592;0.9001123341102987;0.9001123341102987
4.5;0.5920963167075413;0.5914099051687125;0.5914099051687125;0.5914099051687125
2.5;0.6538981602982193;0.6309929436613247;0.6309929436613247;0.6309929436613247
3.5;0.7027495637196958;0.6333403135403248;0.6909805951416594;0.6909805951416594
3.0;0.8517080791718039;0.8569513233020927;0.8569513233020927;0.8569513233020927
2.5;0.8524233862562525;0.8187259561567193;0.8187259561567193;0.8187259561567193
4.0;0.8055842207566213;0.833337649199799;0.8364542518703606;0.8364542518703606
3.5;0.9207465273699049;0.8824531633695452;0.9149740247306624;0.9149740247306624
3.5;0.6529843741587659;0.6535315054121379;0.6272816938667725;0.6272816938667725
3.0;0.8658900824153469;0.8978797071225952;0.8797450542678156;0.8797450542678156
2.5;0.9331716493126714;0.9331724153837658;0.9331724153837658;0.9331724153837658
4.0;0.8266075338526074;0.8119095725300063;0.8119095725300063;0.8119095725300063
3.5;0.6326186003550663;0.7023160393003274;0.6182178033528652;0.6182178033528652
2.5;0.5969303441505293;0.6001985880280267;0.6001985880280267;0.6001985880280267
2.5;0.8989898735307099;0.8861542912782879;0.8861542912782879;0.8861542912782879
5.0;0.9171084350760997;0.8930226311590652;0.8930226311590652;0.8930226311590652
4.25;0.8312136152586094;0.837606240086917;0.8330040301157472;0.8330040301157472
2.5;0.7612709754335425;0.7626558084349815;0.7626558084349815;0.7626558084349815
2.95;0.9042912276441353;0.9060644381891705;0.9060644381891705;0.9060644381891705
3.0;0.9098487671696405;0.9026205866794811;0.8961244556038038;0.8961244556038038
3.45;0.929966121448515;0.9341216560352599;0.9341216560352599;0.9341216560352599
2.5;0.8723105299899009;0.8732122647453674;0.8732122647453674;0.8732122647453674
0.5;0.658762597435949;0.7367211565313693;0.7052080150117145;0.7052080150117145
4.5;0.5764903351413554;0.5633930705097203;0.5633930705097203;0.5633930705097203
2.0;0.6567649683888034;0.5610955772928238;0.6070810096356265;0.6070810096356265
2.0;0.6905409729578469;0.6595271212730895;0.6595271212730895;0.6595271212730895
3.5;0.9635331224375353;0.9653815859903919;0.9633664385053223;0.9633664385053223
3.5;0.8990216205521312;0.899360452684647;0.899360452684647;0.899360452684647
4.0;0.9279665625377308;0.9275751423188683;0.9275751423188683;0.9275751423188683
3.5;0.9313511564358538;0.9340410508468965;0.9310723831895603;0.9310723831895603
4.0;0.9503111585429503;0.932841187201901;0.9496883207995485;0.9496883207995485
2.5;0.705332135851865;0.7054655359607942;0.7054655359607942;0.7054655359607942
3.0;0.8295827333600367;0.8130860530736397;0.8154243298488096;0.8154243298488096
3.0;0.6791779464946698;0.6779817533722897;0.6779817533722897;0.6779817533722897
3.0;0.6560654208846254;0.6148942860034589;0.6148942860034589;0.6148942860034589
1.0;0.4097308905926024;0.4054633059598275;0.4054633059598275;0.4054633059598275
2.0;0.5834996096643859;0.7996812395538264;0.6069368555255071;0.6069368555255071
2.0;0.4001302823337502;0.3982262559533925;0.3982262559533925;0.3982262559533925
4.5;0.9498057968537342;0.9395761355862304;0.9512149198315584;0.9512149198315584
4.0;NaN;NaN;NaN;NaN
3.0;0.9496488152079496;0.9487958441882502;0.9487958441882502;0.9487958441882502
3.0;0.9141823173016813;0.916345279631316;0.916345279631316;0.916345279631316
4.15;0.8724323633387786;0.8853915136558024;0.8853915136558024;0.8853915136558024
2.5;0.6830011573237685;0.6914909362875853;0.7030346378985063;0.7030346378985063
3.5;0.7510076363653259;0.7487242317211147;0.7487242317211147;0.7487242317211147
4.0;0.6155234724797;0.6187698541621661;0.6187698541621661;0.6187698541621661
5.0;0.9245679256786533;0.9529307972123292;0.8983300712553378;0.8983300712553378
4.8;0.9674040255623262;0.9621686475515671;0.9696975285632714;0.9696975285632714
0.0;0.17174878133626154;0.23808827810344327;0.2357916357181325;0.2357916357181325
4.6;0.865108406542968;0.8494155054600312;0.8494155054600312;0.8494155054600312
3.0;0.7525383086642651;0.7945269038446688;0.7263385471575435;0.7263385471575435
2.7;0.6747929785779934;0.6572157071694391;0.666245620181784;0.666245620181784
3.6;0.9482258027999728;0.9468290638027572;0.9468290638027572;0.9468290638027572
3.75;0.9497428390859278;0.9417680150249081;0.9417680150249081;0.9417680150249081
3.65;0.774733760929096;0.7608326570347257;0.7608326570347257;0.7608326570347257
0.0;0.5470765780549056;0.5487609247505556;0.5474335267882438;0.5474335267882438
3.0;0.7538471253443897;0.7587043993227438;0.7587043993227438;0.7587043993227438
4.75;0.8837360637204953;0.908291295995654;0.9104264859043405;0.9104264859043405
3.6;0.976818646297964;0.9761850351985987;0.9761100449416759;0.9761100449416759
3.5;0.9260625475960811;0.9099316550323238;0.9117201092339035;0.9117201092339035
2.75;0.7589563324692211;0.7901496447565947;0.7656366586390392;0.7656366586390392
5.0;0.8500650420330754;0.8705253387576412;0.8705253387576412;0.8705253387576412
4.0;0.7349282418110401;0.7372660234798029;0.7372660234798029;0.7372660234798029
3.0;0.820888188944045;0.8778487841022236;0.796521627341869;0.796521627341869
3.5;0.7623229165100032;0.7623605767852527;0.7623605767852527;0.7623605767852527
3.35;0.7663893147891295;0.750972579327309;0.750972579327309;0.750972579327309
3.2;0.8348053263044303;0.8959631775301891;0.8959631775301891;0.8959631775301891
3.6;0.7661961000204459;0.7638491226712282;0.7638491226712282;0.7638491226712282
3.75;0.8542280640252746;0.8959257012952235;0.9038243528788357;0.9038243528788357
4.0;0.9523917749740943;0.9578602969191692;0.9591079385715595;0.9591079385715595
3.75;0.9176308029596877;0.9234354588870536;0.9234354588870536;0.9234354588870536
3.5;0.8596262605217828;0.8580766003294183;0.8580766003294183;0.8580766003294183
3.5;0.905239329060548;0.9006988437881668;0.9006988437881668;0.9006988437881668
4.25;0.956693192856399;0.9459183991526187;0.938881914874509;0.938881914874509
0.0;0.3913893606814563;0.36586247208618816;0.36586247208618816;0.36586247208618816
3.5;0.8674184931718013;0.859506032192834;0.859506032192834;0.859506032192834
2.75;0.6523339654222742;0.6498215803145944;0.6498215803145944;0.6498215803145944
5.0;0.9485889536029352;0.9553822144592029;0.9426241150911826;0.9426241150911826
3.75;0.9220873969246665;0.9173410660959649;0.9173410660959649;0.9173410660959649
3.45;0.8859197202589433;0.8810260198090506;0.8810260198090506;0.8810260198090506
3.0;0.9266215762642652;0.9074283495183504;0.9074283495183504;0.9074283495183504
2.25;0.5684322850608865;0.5814219677459506;0.5814219677459506;0.5814219677459506
3.25;0.766282202754547;0.7186226712305978;0.7186226712305978;0.7186226712305978
4.2;0.8326073768163732;0.831206433057811;0.831206433057811;0.831206433057811
4.25;0.9605999851189146;0.9599221496591068;0.957490251866242;0.957490251866242
4.4;0.952627569440117;0.9566810128758435;0.9490270548969553;0.9490270548969553
2.5;0.717103242499346;0.7315535392445396;0.74391924969372;0.74391924969372
1.75;0.7080633258789107;0.7409914100823862;0.725927932213484;0.725927932213484
3.5;0.9313700457263047;0.9131352790750799;0.9131352790750799;0.9131352790750799
3.5;0.8905142697772804;0.8773645556412272;0.8773645556412272;0.8773645556412272
5.0;0.9282063791924501;0.9254211322059237;0.9254211322059237;0.9254211322059237
3.95;0.914391077710917;0.9388662989768104;0.918112782435731;0.918112782435731
3.5;0.7840875061600013;0.767431588300883;0.767431588300883;0.767431588300883
3.25;0.6113238424186024;0.6152760440649448;0.6282270115806287;0.6282270115806287
4.5;0.6614188430391222;0.7221918418604312;0.7173205208337203;0.7173205208337203
0.0;0.7240045010472759;0.6502292199961391;0.6627155629159034;0.6627155629159034
3.1;0.8904795972064602;0.8620936228761663;0.8620936228761663;0.8620936228761663
3.5;0.9280423310705419;0.929786101790891;0.929786101790891;0.929786101790891
4.25;0.9719063998888063;0.9675608995979693;0.9700045043939632;0.9700045043939632
2.75;0.5629546781453075;0.5646122536504435;0.5679180238037297;0.5679180238037297
3.5;0.6881329516570873;0.703386667301639;0.703386667301639;0.703386667301639
4.5;0.9133783509734429;0.9498855638671002;0.9528965214400963;0.9528965214400963
3.5;0.9035258328921606;0.9203989984656431;0.9203989984656431;0.9203989984656431
2.9;0.722081290020946;0.7832850002402305;0.7532935828340849;0.7532935828340849
3.0;0.8619811606869421;0.8967978081238293;0.8967978081238293;0.8967978081238293
3.0;0.9089571458977527;0.919813680575379;0.919813680575379;0.919813680575379
3.0;0.6424353696176316;0.7277765153691814;0.6395954379339326;0.6395954379339326
4.0;0.628575198044845;0.6266913008135332;0.6266913008135332;0.6266913008135332
0.0;0.352001961526437;0.35794799709874026;0.35794799709874026;0.35794799709874026
3.75;0.8220809024900791;0.8781264783514362;0.8580002118144099;0.8580002118144099
3.0;0.968046481239091;0.963637138663602;0.963637138663602;0.963637138663602
2.5;0.7965881339205044;0.8135442889919482;0.8573909886592238;0.8573909886592238
3.5;0.9228213908724846;0.9198038800346671;0.9198038800346671;0.9198038800346671
4.0;0.7725133775389448;0.7950310869502308;0.7950310869502308;0.7950310869502308
4.5;0.6718164311691209;0.7333161266057577;0.7600896901527703;0.7600896901527703
3.5;0.8737710997493197;0.8531920141662114;0.8964083853447441;0.8964083853447441
2.5;0.7212190091917282;0.7129974585963023;0.7129974585963023;0.7129974585963023
3.75;0.9414270653038569;0.9375125814268285;0.9396711880842307;0.9396711880842307
3.5;0.781521948368356;0.7745137865567855;0.7745137865567855;0.7745137865567855
3.0;0.8573623315060012;0.8399042253294629;0.8399042253294629;0.8399042253294629
3.9;0.6343360848936975;0.6745905713704601;0.6745905713704601;0.6745905713704601
3.25;0.8027093057150978;0.7811108240864928;0.7811108240864928;0.7811108240864928
3.75;0.9839232477670193;0.983532521648381;0.9834856297580039;0.9834856297580039
3.4;0.7137624429819693;0.7391544210870042;0.7008587799450379;0.7008587799450379
4.75;0.9543967830054747;0.9477970229543144;0.9477970229543144;0.9477970229543144
3.5;0.8677539726414075;0.8504515900279187;0.8504515900279187;0.8504515900279187
3.75;0.47111739409968534;0.44438778956962993;0.4266402333900051;0.4266402333900051
3.25;0.8296843635164769;0.8204615531538806;0.8204615531538806;0.8204615531538806
0.5;0.4794473896592842;0.4405602654758013;0.42726290494087027;0.42726290494087027
0.5;0.6125549720360609;0.6428461285181999;0.6428461285181999;0.6428461285181999
3.75;0.8540385399159595;0.8731557200294703;0.8731557200294703;0.8731557200294703
3.25;0.880956980577817;0.8951921021143049;0.8951921021143049;0.8951921021143049
2.5;0.6717309399207433;0.6419711663828797;0.6321222839912847;0.6321222839912847
4.95;0.9509375807656772;0.9658237026070398;0.9512621866720218;0.9512621866720218
0.0;0.4205097694290292;0.3932488988118028;0.3932488988118028;0.3932488988118028
3.4;0.903064922207456;0.9177673964712475;0.9177673964712475;0.9177673964712475
3.0;0.8928263756019934;0.9083723147883378;0.9083723147883378;0.9083723147883378
3.5;0.7288416513154621;0.7112762271107118;0.7112762271107118;0.7112762271107118
4.25;0.9400331466667414;0.8282258072473626;0.9438695373791072;0.9438695373791072
3.0;0.9420444679175923;0.9629896965010597;0.954273971548075;0.954273971548075
3.9;0.9332033053470616;0.9265138057584131;0.9246759155144411;0.9246759155144411
3.25;0.6996341462790654;0.6655144844195143;0.7101072008952136;0.7101072008952136
3.0;0.5914714145786883;0.5997450910658215;0.5997450910658215;0.5997450910658215
3.5;0.8829280985135224;0.8836891771105307;0.8836891771105307;0.8836891771105307
3.25;0.7667238779624421;0.7572612692979818;0.7572612692979818;0.7572612692979818
4.45;NaN;NaN;NaN;NaN
1.5;0.5201234866548812;0.5108185451718203;0.5282083690471611;0.5282083690471611
3.0;0.7936559432711833;0.8083694332372968;0.8083267533808723;0.8083267533808723
3.25;0.8866271696113461;0.8676696890653588;0.8676696890653588;0.8676696890653588
3.9;0.9401152633408962;0.9475641378615983;0.9475641378615983;0.9475641378615983
2.9;0.8012457218853964;0.8094148041606842;0.8249393551806155;0.8249393551806155
2.0;0.48186009033038024;0.46584746581001857;0.46866132503697794;0.46866132503697794
3.75;0.8228709585971157;0.7991223946327024;0.7991223946327024;0.7991223946327024
3.0;0.9465258793028699;0.9334626551279879;0.9511164720198325;0.9511164720198325
3.0;0.7753337029588794;0.8088376994047347;0.7855450188329035;0.7855450188329035
1.5;0.40383072882550625;0.39318600882197247;0.39318600882197247;0.39318600882197247
2.4;0.7655156875720421;0.7919784703027201;0.7746194339352386;0.7746194339352386
3.0;0.8771651773260805;0.8937828449601743;0.8827113202487428;0.8827113202487428
0.0;0.23544111966931033;0.21807958763449373;0.21807958763449373;0.21807958763449373
3.5;0.7203678491607473;0.8367103614149872;0.8138276651680703;0.8138276651680703
3.5;0.9586178827549627;0.9549170587396937;0.9549170587396937;0.9549170587396937
3.75;0.7927435208574413;0.8785954349535288;0.8785954349535288;0.8785954349535288
4.9;0.9712325274389408;0.9749849320931048;0.9707410226107275;0.9707410226107275
1.25;0.5761570009809214;0.5455193660483643;0.5455193660483643;0.5455193660483643
3.0;0.8947441288041557;0.8971866592592014;0.8971866592592014;0.8971866592592014
3.75;0.6365725501039112;0.6313108786205242;0.6313108786205242;0.6313108786205242
2.0;0.523438723825496;0.5791985035588542;0.5726503775787322;0.5726503775787322
3.0;0.870201992554296;0.8568420719252093;0.8568420719252093;0.8568420719252093
3.0;0.5245073683774687;0.5568871848767765;0.5568871848767765;0.5568871848767765
2.1;0.6430712452870929;0.628892238088523;0.628892238088523;0.628892238088523
3.0;0.569516254136165;0.4928306330101481;0.5436510998642821;0.5436510998642821
1.5;0.44918552802950384;0.39763222621742633;0.41157238849355043;0.41157238849355043
4.75;0.7465737609557079;0.8062389321244621;0.8062389321244621;0.8062389321244621
3.6;0.7171136221634495;0.7097951562209276;0.7097951562209276;0.7097951562209276
3.0;0.7291601489563864;0.7246327641907836;0.7234674978098908;0.7234674978098908
3.25;0.6007042465592175;0.5791492086375499;0.5791492086375499;0.5791492086375499
3.0;0.7663526523102552;0.7727607246409172;0.7688734315162397;0.7688734315162397
1.5;0.5578540733525214;0.6059118158353682;0.5640590565412893;0.5640590565412893
0.0;0.6081745940694784;0.5996933892628041;0.6080804035574408;0.6080804035574408
3.9;0.9509550178518453;0.9532009750547875;0.9532009750547875;0.9532009750547875
4.45;0.913921241983643;0.9174737623762742;0.953967153432167;0.953967153432167
0.0;0.4535017275387344;0.4223047525891211;0.4223047525891211;0.4223047525891211
3.0;0.6673002976160826;0.6612021426312864;0.6612021426312864;0.6612021426312864
3.6;0.6725740614719397;0.6824901638751879;0.6958243151515319;0.6958243151515319
3.5;0.8925783993256006;0.8984872688294829;0.8767104014025677;0.8767104014025677
3.45;0.9824221018679478;0.9795452922454978;0.982635320504782;0.982635320504782
3.0;0.8681868249029463;0.8763304108493737;0.8790315863291481;0.8790315863291481
3.0;0.8415713012049876;0.7948087865431442;0.7948087865431442;0.7948087865431442
3.5;0.9577109061461895;0.9585348127091556;0.9586122687891834;0.9586122687891834
4.2;0.9590574811744003;0.9796624616352151;0.9661861377263247;0.9661861377263247
3.25;0.8252947462841304;0.8077646318108902;0.8268721413065532;0.8268721413065532
2.0;0.700677018661941;0.6863071898936466;0.6863071898936466;0.6863071898936466
0.0;0.3892160363192548;0.3546448738261703;0.4027726291349298;0.4027726291349298
4.25;0.8270604195136703;0.8467016552446689;0.8467016552446689;0.8467016552446689
4.25;0.8628608069526695;0.8370405496147454;0.8671449698740996;0.8671449698740996
3.0;0.9172898159462022;0.8980390524451919;0.8980390524451919;0.8980390524451919
1.5;0.5984930427535358;0.6279055307725852;0.6279055307725852;0.6279055307725852
4.25;0.8531376880517089;0.8749438827439241;0.8467237129301616;0.8467237129301616
3.5;0.7328684012172472;0.7194882455037762;0.7194882455037762;0.7194882455037762
3.75;0.8329191544798589;0.8069221861331299;0.8140757124969554;0.8140757124969554
3.75;0.9251883228169597;0.9109254167017731;0.9664575005833903;0.9664575005833903
3.75;0.9400569195097254;0.9384787925745732;0.9391227839475388;0.9391227839475388
3.5;0.7783147538695333;0.808769333271969;0.7688594064877387;0.7688594064877387
4.25;0.9438798494091197;0.9441619903001333;0.9277284023219294;0.9277284023219294
3.0;0.844185699876511;0.834797140154855;0.8188575378115331;0.8188575378115331
3.5;0.7916335622668165;0.7664155392395536;0.7664155392395536;0.7664155392395536
3.35;0.7897097655207538;0.7852673209750175;0.792100473798551;0.792100473798551
3.25;0.5667916200135863;0.6515124553819399;0.6393097600985805;0.6393097600985805
4.4;0.895509796354017;0.911314859261703;0.886972758506939;0.886972758506939
5.0;0.949813408979716;0.944148136941911;0.944148136941911;0.944148136941911
4.4;0.914899732706885;0.9054528282547974;0.9054528282547974;0.9054528282547974
0.0;0.32452232156126004;0.3204132888916747;0.3204132888916747;0.3204132888916747
3.5;0.8347996817972145;0.8213897467332671;0.8294448659556495;0.8294448659556495
3.9;0.924044214490122;0.9375574287058517;0.9375574287058517;0.9375574287058517
5.0;0.8767665991615983;0.9004392695546951;0.9004392695546951;0.9004392695546951
0.0;0.4275611317503283;0.3931256569126417;0.4004720295312517;0.4004720295312517
3.0;0.8070238815888265;0.818064973180225;0.817580650728098;0.817580650728098
3.0;0.8739985991979135;0.8494425200345045;0.8494425200345045;0.8494425200345045
4.25;0.9298939730168966;0.90260772248299;0.9367395459230575;0.9367395459230575
0.0;0.3464067339777871;0.3442853828813243;0.3442853828813243;0.3442853828813243
3.5;0.8261301230180352;0.8540462271098616;0.8093774074368274;0.8093774074368274
3.1;0.6299660801971751;0.6196068540803721;0.6196068540803721;0.6196068540803721
3.0;0.8379564145724224;0.8147014283241191;0.8147014283241191;0.8147014283241191
3.0;0.8331843103539419;0.8548122791515279;0.839418605427042;0.839418605427042
3.0;0.8661058583963395;0.9223419176692835;0.9223419176692835;0.9223419176692835
3.75;0.9604641194817608;0.9651299566272927;0.9651299566272927;0.9651299566272927
0.5;0.6144612555564435;0.6323601887769655;0.6323601887769655;0.6323601887769655
2.5;0.6877740296230496;0.7391170891718722;0.6955866294398754;0.6955866294398754
3.0;0.8195805352533279;0.8100597134461932;0.7695309017469707;0.7695309017469707
3.75;0.8179783106145545;0.8288127258164729;0.8307130985363288;0.8307130985363288
3.5;0.9449796468906103;0.9494424102101803;0.9494424102101803;0.9494424102101803
3.9;0.8938538822671553;0.8909440787560083;0.8916272543077189;0.8916272543077189
2.75;0.8356402916574971;0.846303671081306;0.8305356607996515;0.8305356607996515
3.0;0.9300145146224859;0.9362664067927571;0.9345077099753203;0.9345077099753203
4.4;0.940552160292792;0.9058067777627474;0.9523550804154668;0.9523550804154668
2.0;0.7964472577675146;0.7889783197102225;0.7889783197102225;0.7889783197102225
3.5;0.9445682001281717;0.9442535437148365;0.9447911344995196;0.9447911344995196
3.4;0.7681341243238791;0.7437038902218108;0.7750943315797527;0.7750943315797527
4.95;0.9090089393418151;0.8905491177150544;0.833515189073471;0.833515189073471
3.75;0.8959414179406294;0.884841736653298;0.884452183512964;0.884452183512964
0.0;0.47419388959345066;0.47281786792144476;0.46511296039074657;0.46511296039074657
3.75;0.8793726657077373;0.8759206133834121;0.8758934927971928;0.8758934927971928
2.9;0.5537978132521931;0.5470622594093785;0.5470622594093785;0.5470622594093785
4.75;0.4589437046792411;0.47172457696168096;0.428097600687667;0.428097600687667
4.9;0.9402251364976568;0.9329792036807013;0.9329792036807013;0.9329792036807013
4.25;0.9426526048680257;0.9516749734040147;0.9516749734040147;0.9516749734040147
3.9;0.9589254127486083;0.9537082523581318;0.9575394589740528;0.9575394589740528
1.95;0.8277641800985983;0.8357782663887144;0.8175721999662339;0.8175721999662339
3.75;0.9577041089305984;0.9618245194767281;0.9618245194767281;0.9618245194767281
4.25;NaN;NaN;NaN;NaN
3.0;0.9026081164671633;0.8951787603904675;0.897694269644695;0.897694269644695
2.25;0.8402875317584707;0.8544458586368174;0.8544458586368174;0.8544458586368174
2.5;0.5996240671805202;0.6857568680378721;0.5891467852774777;0.5891467852774777
3.0;0.8348197446204403;0.8540055339456779;0.8368206489620932;0.8368206489620932
3.25;0.7623093487781634;0.7570664947259997;0.7658216711740894;0.7658216711740894
4.0;0.8311297329755406;0.8630687819049165;0.8776553561734901;0.8776553561734901
4.75;0.779908524763997;0.8179111445601522;0.802505039458384;0.802505039458384
3.0;0.8680083775391269;0.8691689350687555;0.8631664320399985;0.8631664320399985
3.4;0.9095101625086862;0.9065039758087354;0.9065039758087354;0.9065039758087354
3.4;0.7169579012933541;0.7363967725787661;0.7363967725787661;0.7363967725787661
0.5;0.7228997694505126;0.6450940738297632;0.6450940738297632;0.6450940738297632
1.9;0.7731966792811256;0.7325715020873474;0.7260201399594137;0.7260201399594137
4.5;0.9769873349506785;0.9689638204658003;0.9681181580648093;0.9681181580648093
3.2;0.9006708240268837;0.8868936018288339;0.8868936018288339;0.8868936018288339
3.25;0.899523049706717;0.888848803645465;0.8855630401980903;0.8855630401980903
3.25;0.9182747806641577;0.907369324581111;0.907369324581111;0.907369324581111
3.25;0.9577195465144052;0.9549061617349127;0.9530354107525492;0.9530354107525492
3.0;0.8768323987473261;0.8806611050446863;0.8774278133299347;0.8774278133299347
3.45;0.791430014038078;0.7771696096367948;0.7771696096367948;0.7771696096367948
3.7;0.8586114141337976;0.8984217073267386;0.895977023819567;0.895977023819567
3.5;0.8577158389039522;0.8681298397821484;0.8662490961070948;0.8662490961070948
2.75;0.8445141039780653;0.7768793984852492;0.8498600589270477;0.8498600589270477
3.1;0.7684794596923443;0.791191448414255;0.791191448414255;0.791191448414255
3.4;0.9262038619715648;0.9183475513528196;0.9182508651442896;0.9182508651442896
3.25;0.5264588595691664;0.5411987275670764;0.5411987275670764;0.5411987275670764
3.35;0.7218501472161223;0.732237182854089;0.732237182854089;0.732237182854089
4.9;0.9079136887157213;0.9392536435812577;0.8983638835354502;0.8983638835354502
3.5;0.853510433218035;0.8462061567078748;0.8462061567078748;0.8462061567078748
4.65;0.929958397944022;0.9837248289955515;0.9796964139301255;0.9796964139301255
4.75;0.7514030990087114;0.7559582650136805;0.7614266711010066;0.7614266711010066
4.7;0.98484548499968;0.98120321913472;0.98120321913472;0.98120321913472
3.5;0.8617621299231238;0.857246936397953;0.857246936397953;0.857246936397953
3.25;0.9181521756512628;0.9336991394976556;0.9247557627742633;0.9247557627742633
1.5;0.6155092906428555;0.5659699129634819;0.5605531604497069;0.5605531604497069
4.2;0.6466978635552589;0.6190612012240598;0.6190612012240598;0.6190612012240598
5.0;0.9063789022439116;0.9308984344001697;0.9308984344001697;0.9308984344001697
3.0;0.6467605342288062;0.6685197076699038;0.6685197076699038;0.6685197076699038
3.0;0.7358367041282813;0.7528432499821984;0.7528432499821984;0.7528432499821984
5.0;0.9676086939886999;0.9582890281099068;0.9582890281099068;0.9582890281099068
0.0;0.4189725468305837;0.4354924841991863;0.4354924841991863;0.4354924841991863
3.5;0.7887502901433975;0.7898333659303917;0.7898333659303917;0.7898333659303917
3.75;0.7505015814021657;0.7618831147808726;0.7618831147808726;0.7618831147808726
4.5;0.7794485488937969;0.780198583824227;0.780198583824227;0.780198583824227
3.7;0.9345903735900547;0.9275968133420959;0.9275968133420959;0.9275968133420959
3.25;0.6758785850913086;0.6583416585836914;0.6583416585836914;0.6583416585836914
4.25;0.9264147130993403;0.8711970061904767;0.9125817507456397;0.9125817507456397
2.0;0.5328527047891071;0.5253555075302134;0.5253555075302134;0.5253555075302134
4.0;0.8412626742905873;0.8623302126803937;0.8505421239930452;0.8505421239930452
3.75;0.93149652382175;0.937414900883244;0.937414900883244;0.937414900883244
3.5;0.9280459385521657;0.9238673332498291;0.9238673332498291;0.9238673332498291
3.0;0.8113373381964881;0.8333918494948904;0.8151455887493407;0.8151455887493407
4.95;0.8674761602274947;0.8897994950001976;0.8383323387197222;0.8383323387197222
4.0;0.8476468632072822;0.8725712505444233;0.8725712505444233;0.8725712505444233
4.0;0.8764447914392774;0.8815516233898317;0.8815516233898317;0.8815516233898317
4.9;0.9359917708757116;0.9290833514188315;0.9290833514188315;0.9290833514188315
4.9;0.9443585897385739;0.9335362451907615;0.9335362451907615;0.9335362451907615
3.7;0.9472108804423939;0.9377688204313944;0.9231138694513522;0.9231138694513522
4.0;0.7104663531255696;0.702340845130902;0.702340845130902;0.702340845130902
3.25;0.781456212077101;0.7543980123453603;0.7543980123453603;0.7543980123453603
3.0;0.9660738557271531;0.9733989755961526;0.9693906065016235;0.9693906065016235
2.25;0.6013215971937678;0.601752980828905;0.601752980828905;0.601752980828905
3.0;0.9132364519206524;0.9140083729962621;0.9153407410495363;0.9153407410495363
4.0;0.7282118127166132;0.7768801533216733;0.7768801533216733;0.7768801533216733
3.4;0.6403503472188433;0.6401068956452926;0.6401068956452926;0.6401068956452926
2.9;0.6211831051366177;0.6176817449955198;0.6176817449955198;0.6176817449955198
3.25;0.82655745155435;0.8329658341098487;0.8329658341098487;0.8329658341098487
2.5;0.7480916571133848;0.748218533559917;0.748218533559917;0.748218533559917
3.7;0.8825438987771463;0.9043740420122629;0.9025074317351547;0.9025074317351547
3.25;0.9410293536447373;0.9477368160535953;0.9477368160535953;0.9477368160535953
0.5;0.401895066225756;0.3792281145063838;0.3792281145063838;0.3792281145063838
2.75;0.8040470311976495;0.828654740377169;0.7815435181620338;0.7815435181620338
4.0;0.7588743664783357;0.7762112129134153;0.7681583713156185;0.7681583713156185
1.75;0.6147320447599384;0.5875830490096193;0.5875830490096193;0.5875830490096193
4.0;0.933957087590983;0.9410758372407168;0.9410758372407168;0.9410758372407168
3.45;0.6855374334546359;0.7053909010513564;0.6750392019191398;0.6750392019191398
3.4;0.9298276314256674;0.9428169782929094;0.9335702477525349;0.9335702477525349
3.0;0.7876419610379476;0.8390030213242301;0.8081459291642732;0.8081459291642732
4.25;0.8687112527545872;0.8949833772739695;0.8494864003665988;0.8494864003665988
3.0;0.8789988140911086;0.876311353681512;0.876311353681512;0.876311353681512
3.0;0.7652958523482386;0.7689893921282689;0.770271747979951;0.770271747979951
3.5;0.7174447707348396;0.7083263725134538;0.7083263725134538;0.7083263725134538
3.25;0.941745361929661;0.9360881630782709;0.9360881630782709;0.9360881630782709
3.45;0.8475981260683587;0.8422088590883672;0.8422088590883672;0.8422088590883672
4.6;0.8152473088916549;0.8473589241386942;0.7931679159837725;0.7931679159837725
4.25;0.788009429577062;0.8097022985942898;0.8097022985942898;0.8097022985942898
1.5;0.5234445002054184;0.6484527488822938;0.641947377876873;0.641947377876873
2.5;0.6327461123160768;0.6154214525082708;0.6025536362705007;0.6025536362705007
4.75;0.9216932508575901;0.937089348429416;0.8953057068164315;0.8953057068164315
4.4;0.8275933319041076;0.8251751052332443;0.8251751052332443;0.8251751052332443
0.0;0.6969817629659537;0.6082532618778776;0.6196515994662181;0.6196515994662181
3.25;0.6630481478483174;0.6538828335623509;0.6538828335623509;0.6538828335623509
0.5;0.7442193733540838;0.7220155316713079;0.7220155316713079;0.7220155316713079
3.4;0.9242905446846962;0.9349229083233702;0.9349229083233702;0.9349229083233702
3.25;0.9706501004471194;0.969120076392828;0.9630463939443279;0.9630463939443279
3.25;0.8366939166758959;0.8617346773278014;0.8167875162836973;0.8167875162836973
3.0;0.35393320409194334;0.4130053003088768;0.29091115655440625;0.29091115655440625
3.25;0.8009363246965896;0.7814044579876089;0.7814044579876089;0.7814044579876089
1.5;0.6612852612462341;0.6331906674750887;0.6334968230287558;0.6334968230287558
3.2;0.8801076938573077;0.8691266150801221;0.8691266150801221;0.8691266150801221
0.0;0.3727359815078976;0.390827233299807;0.3801458998718112;0.3801458998718112
3.0;0.7859954894678713;0.7529812619005506;0.7529812619005506;0.7529812619005506
3.4;0.7518237608654793;0.7673717408501781;0.7636902833288813;0.7636902833288813
3.25;0.7324169916397295;0.7657682129136694;0.7367185892665193;0.7367185892665193
3.5;0.7985730983702939;0.8251956774229832;0.8251956774229832;0.8251956774229832
1.5;0.46853689328560877;0.5416809132319305;0.44808765244897164;0.44808765244897164
3.0;0.8078613824963441;0.8584022318273058;0.8538491911501748;0.8538491911501748
4.9;0.8108864537514449;0.8029568433476315;0.8029568433476315;0.8029568433476315
3.45;0.8314653442289495;0.822956486881478;0.822956486881478;0.822956486881478
4.25;0.791457921049862;0.801436362375416;0.8064229566050817;0.8064229566050817
4.5;0.957490367164511;0.9659035157217281;0.9666258505086208;0.9666258505086208
3.0;0.773508804021675;0.8418661839917966;0.8093764139694714;0.8093764139694714
3.5;0.38182396991786266;0.40765679697553625;0.40765679697553625;0.40765679697553625
2.25;0.5588821110876977;0.4969091203053435;0.4969091203053435;0.4969091203053435
4.25;0.6593531991632876;0.7338340552088122;0.6978295954663291;0.6978295954663291
3.4;0.9273978740733828;0.9269829107065917;0.9275611133121671;0.9275611133121671
3.75;0.9906847505649664;0.989941775535648;0.989941775535648;0.989941775535648
4.25;0.9706778728886293;0.9663784959173433;0.9664753225861848;0.9664753225861848
3.25;0.9620204735188899;0.9687620412089425;0.9679658663613068;0.9679658663613068
3.25;0.6398933792243833;0.6610658494262712;0.6610658494262712;0.6610658494262712
3.65;0.8650032355999268;0.8941533248280661;0.8941533248280661;0.8941533248280661
2.75;0.49531890685783797;0.5030809958581599;0.5030809958581599;0.5030809958581599
1.5;0.46345060103014285;0.45740231058759945;0.45740231058759945;0.45740231058759945
3.0;0.8170621508706386;0.8473394113597555;0.8105195026182446;0.8105195026182446
4.25;0.5672078849382322;0.5655605458950308;0.5655605458950308;0.5655605458950308
3.5;0.6581411546167173;0.6082703928045181;0.5731227298034394;0.5731227298034394
3.0;0.7863505389355457;0.798604022791778;0.798604022791778;0.798604022791778
2.0;0.770175162482272;0.7787903689741081;0.7787903689741081;0.7787903689741081
2.5;0.4908591539067873;0.47568855180186514;0.47568855180186514;0.47568855180186514
0.0;0.2848509861680701;0.3668315971149426;0.32265593370412304;0.32265593370412304
0.0;0.42040382382231267;0.42762815876603977;0.42762815876603977;0.42762815876603977
4.0;0.9210289918793356;0.9037751070494038;0.9037751070494038;0.9037751070494038
3.35;0.8018245647690204;0.801406403638112;0.801406403638112;0.801406403638112
4.25;0.8305554321159315;0.8160143763399873;0.8160143763399873;0.8160143763399873
4.25;0.8204936012361477;0.8139184766030906;0.8139184766030906;0.8139184766030906
3.45;0.9189673639152487;0.9289987964211479;0.9288811055877548;0.9288811055877548
4.25;0.8938210692419458;0.862977199327994;0.8762291510380531;0.8762291510380531
3.0;0.9451146542871703;0.9315185097442662;0.9384253279558222;0.9384253279558222
3.45;0.6857400239625578;0.6512899668776587;0.5863662960426923;0.5863662960426923
0.0;0.4152890076135227;0.3994340647254825;0.399163135465393;0.399163135465393
4.2;0.5592732973898996;0.7277495237605004;0.5669524648532299;0.5669524648532299
0.0;0.29758382858642285;0.3280642469664364;0.27981909481031264;0.27981909481031264
3.0;0.7929665929784749;0.8142787991400503;0.8120519175766847;0.8120519175766847
4.75;0.9191696089814232;0.8944410045945318;0.9615747159313605;0.9615747159313605
3.25;0.8458098130731128;0.8624600249326394;0.8624600249326394;0.8624600249326394
3.25;0.9670753171071537;0.9644166525500834;0.9644166525500834;0.9644166525500834
3.65;0.9449836652469157;0.941047433407203;0.9399591973863999;0.9399591973863999
3.5;0.9464330892388139;0.9514924154657611;0.9514924154657611;0.9514924154657611
3.0;0.9007861705057036;0.9017763763353365;0.9017763763353365;0.9017763763353365
3.25;0.885239760523595;0.8670366453851365;0.8670366453851365;0.8670366453851365
3.0;0.8021115261641117;0.7845300461343682;0.7845300461343682;0.7845300461343682
3.4;0.9140282578945953;0.9204366360727952;0.9168878233857982;0.9168878233857982
3.25;0.5728829140354589;0.6222870043445431;0.6170728266745164;0.6170728266745164
4.25;0.9689171342209254;0.972607053129007;0.9714917042350679;0.9714917042350679
3.4;0.8801638481981628;0.8732361065792864;0.8798209640717274;0.8798209640717274
3.0;0.8185523313726039;0.8600635783239107;0.8600635783239107;0.8600635783239107
4.75;0.9780667581476106;0.9806493872552451;0.9806493872552451;0.9806493872552451
5.0;0.9715738545581482;0.9759515217924216;0.9765766023260193;0.9765766023260193
4.5;0.9088196408825504;0.8982567539721094;0.8958151312180682;0.8958151312180682
3.0;0.7720751149446567;0.8004835833398563;0.7782827966659346;0.7782827966659346
4.2;0.837639727238327;0.8611163835673519;0.8576962727797277;0.8576962727797277
3.25;0.8562475315025719;0.8551746695434692;0.8551746695434692;0.8551746695434692
4.25;0.9069256893538078;0.956664016212666;0.956664016212666;0.956664016212666
0.5;0.35512001934622944;0.3443082817828886;0.3443082817828886;0.3443082817828886
3.95;0.7127874421752338;0.8478168639397826;0.768438961139127;0.768438961139127
3.95;0.9494714880199292;0.9735632337469388;0.9628659512843519;0.9628659512843519
1.75;0.5344277339254228;0.503564297872773;0.503564297872773;0.503564297872773
3.95;0.6708703077615478;0.6884654662808619;0.6884654662808619;0.6884654662808619
4.25;0.9552475979505232;0.943501841365839;0.943501841365839;0.943501841365839
3.25;0.8477866757915252;0.8235492242169711;0.8235492242169711;0.8235492242169711
4.2;0.7153031670854691;0.7569915119831402;0.7050040064465902;0.7050040064465902
2.95;0.7361533578746772;0.7668153914523925;0.7668153914523925;0.7668153914523925
3.0;0.788249103659796;0.7848585965044126;0.7853101407947114;0.7853101407947114
3.25;0.7589321604888372;0.7693177532153583;0.7693177532153583;0.7693177532153583
0.0;0.4108323963721689;0.3852397759441034;0.4105547536792831;0.4105547536792831
4.9;0.956968113380465;0.9613617223158358;0.9580033347267349;0.9580033347267349
2.9;0.8389026598534437;0.8024888191132246;0.7555943688039516;0.7555943688039516
2.0;0.4699431299368408;0.5242055494067779;0.5089155546771529;0.5089155546771529
1.75;0.7976003811050152;0.8013023976923165;0.8089377196223819;0.8089377196223819
3.65;0.8872487717015753;0.9157939194212763;0.9157939194212763;0.9157939194212763
2.5;0.6740621889978297;0.642950573765933;0.6668922266451549;0.6668922266451549
0.0;0.3392197455591483;0.3580170802503069;0.3534874837911623;0.3534874837911623
3.0;0.654291645811246;0.7316687698049998;0.7069495099935051;0.7069495099935051
5.0;0.859171446964851;0.8977943303651675;0.9245263103827408;0.9245263103827408
2.25;0.7686516364523016;0.8055139644857343;0.7947233549132603;0.7947233549132603
2.5;0.9224640996549784;0.9363106565311763;0.9198488279369715;0.9198488279369715
3.0;0.8143315914467705;0.8585224906771077;0.8328224281918976;0.8328224281918976
2.5;0.662647714503782;0.6824511786969005;0.6824511786969005;0.6824511786969005
4.5;0.9238798344029217;0.8865842182030708;0.9055092585506769;0.9055092585506769
3.45;0.8251590572756002;0.8313769209890978;0.8313769209890978;0.8313769209890978
4.2;0.9013190783283886;0.9156850685754516;0.91415539704911;0.91415539704911
3.95;0.8650441343575641;0.8492426367892993;0.8797878582806202;0.8797878582806202
4.4;0.9654874558598309;0.9765217580578316;0.9765217580578316;0.9765217580578316
4.15;0.9520515787721145;0.9514943738745429;0.9514943738745429;0.9514943738745429
3.25;0.8284434602021887;0.8772555186974357;0.8772555186974357;0.8772555186974357
0.5;0.4462946406583403;0.4469632660107429;0.4469632660107429;0.4469632660107429
4.15;0.975309781696145;0.9642252977783698;0.9642252977783698;0.9642252977783698
3.25;0.6807309258650296;0.6306223915775839;0.6306223915775839;0.6306223915775839
3.4;0.8834544673233065;0.9006131838208832;0.9006131838208832;0.9006131838208832
2.75;0.7206742573364457;0.749028196936217;0.749028196936217;0.749028196936217
4.85;0.8608683938554332;0.8831415130170609;0.8831415130170609;0.8831415130170609
1.0;0.6050707150301341;0.5716650384281521;0.5811881379037431;0.5811881379037431
4.25;0.9432536866179738;0.9379955751736664;0.9379955751736664;0.9379955751736664
1.25;0.4304007580449381;0.41773924525250905;0.41773924525250905;0.41773924525250905
2.75;0.6303646929046854;0.6151407119095248;0.6151407119095248;0.6151407119095248
3.15;0.900311035436804;0.9089183691912693;0.9077704337265912;0.9077704337265912
5.0;0.9431044366539895;0.9424053765106523;0.9424053765106523;0.9424053765106523
0.0;0.48683587841068177;0.48506188634952063;0.4870774886107169;0.4870774886107169
3.4;0.9284932965034062;0.931416938030121;0.931416938030121;0.931416938030121
2.75;0.7798263040716504;0.751665672639493;0.7449101773183685;0.7449101773183685
3.2;0.7512225312170624;0.8037655728378622;0.7220280201943948;0.7220280201943948
5.0;0.9677676047423427;0.9444621697374875;0.9458278888600793;0.9458278888600793
3.5;0.8456126137323059;0.8618970266881518;0.8618970266881518;0.8618970266881518
3.0;0.5457040835171865;0.52218311037739;0.5396695180465274;0.5396695180465274
3.15;0.8805274821857731;0.8721476520974062;0.8721476520974062;0.8721476520974062
4.25;0.9326959987664297;0.9258238677143747;0.9258238677143747;0.9258238677143747
2.7;0.8318604939116577;0.8566728579671892;0.8532809175103773;0.8532809175103773
4.75;0.9415409651432335;0.9366871919126022;0.9366871919126022;0.9366871919126022
3.5;0.6269627700410888;0.6074726885482826;0.5625444852332873;0.5625444852332873
0.0;0.25953010915188013;0.22080191201642058;0.22080191201642058;0.22080191201642058
4.0;0.8394598173190029;0.8300697060544093;0.8300697060544093;0.8300697060544093
3.25;0.9234370129844153;0.9214858943314531;0.9214858943314531;0.9214858943314531
4.75;0.9728119658427301;0.9684827270513217;0.9684827270513217;0.9684827270513217
0.5;0.40349364631186085;0.4382173832324077;0.4382173832324077;0.4382173832324077
3.5;0.6428125502632127;0.7155902550325269;0.6796542988962843;0.6796542988962843
3.25;0.8181336074996012;0.8226102734969422;0.8194303806927108;0.8194303806927108
2.25;0.7097754514424031;0.712504139186113;0.712504139186113;0.712504139186113
4.2;0.8396471744385681;0.8591178873508158;0.8584122555723424;0.8584122555723424
3.75;0.6699344073654637;0.6696054611085734;0.65524597238095;0.65524597238095
3.7;0.9103968261722492;0.9302074592564157;0.9302074592564157;0.9302074592564157
3.25;0.9600191117847751;0.96289204432184;0.96278854140792;0.96278854140792
3.45;0.6727739458812697;0.6821429953325107;0.6821429953325107;0.6821429953325107
4.9;0.9587753200831074;0.9573532525904044;0.9573532525904044;0.9573532525904044
4.75;0.9715757488706276;0.97273402615604;0.9731740831678375;0.9731740831678375
4.9;0.8835712828915241;0.9059298286928016;0.9277516922415687;0.9277516922415687
0.5;0.6066131210502878;0.6166088129544121;0.6122907239704322;0.6122907239704322
4.25;0.9640188794282848;0.978765106557069;0.9630149949265604;0.9630149949265604
3.75;0.9491886153146954;0.945608465514543;0.9481616985980832;0.9481616985980832
3.45;0.8840243603349319;0.9006818998662938;0.9006818998662938;0.9006818998662938
3.95;0.7921101130133457;0.8823666605682227;0.8038526600275563;0.8038526600275563
2.95;0.7188808832427179;0.664500521302051;0.7215368254691276;0.7215368254691276
4.0;0.8383122260219589;0.8664179431773892;0.8369633862193421;0.8369633862193421
3.25;0.801818507625815;0.8382040150397743;0.8382040150397743;0.8382040150397743
0.0;0.6366784072292485;0.644209914209027;0.644209914209027;0.644209914209027
3.25;0.609193294071943;0.5955479800267484;0.5955479800267484;0.5955479800267484
0.0;0.5266179029146669;0.5022955380826318;0.5278969664284157;0.5278969664284157
2.75;0.691523190220225;0.6858734777906533;0.6858734777906533;0.6858734777906533
4.25;0.8400062903155272;0.8417905758288767;0.8417905758288767;0.8417905758288767
3.85;0.9895311259768843;0.987821704727858;0.9872879586813039;0.9872879586813039
3.5;0.8299225287393728;0.683885364607679;0.6903099914042718;0.6903099914042718
3.25;0.9427513507504712;0.949768580475184;0.9419206518343827;0.9419206518343827
3.55;0.9199814767997192;0.9160708446508322;0.9182013517247042;0.9182013517247042
3.25;0.8106497883255901;0.8692762059412625;0.8692762059412625;0.8692762059412625
3.25;0.772500733878497;0.771423284574522;0.773010099507781;0.773010099507781
4.0;0.89330616103081;0.9002154936109633;0.8738283066909018;0.8738283066909018
3.4;0.8837225903858451;0.886001264942201;0.886001264942201;0.886001264942201
0.0;0.45254631983202154;0.44644010423457675;0.44644010423457675;0.44644010423457675
3.5;0.8128214298978038;0.811034403437018;0.811034403437018;0.811034403437018
1.0;0.6338215762832015;0.624801957585973;0.5972494433544828;0.5972494433544828
3.45;0.9107951335185801;0.902467540965407;0.902467540965407;0.902467540965407
0.0;0.3762889097348373;0.3697324544708984;0.3697324544708984;0.3697324544708984
3.25;0.9329372861328186;0.9280267962874067;0.9278919811264054;0.9278919811264054
5.0;0.9339706821817422;0.9399855524297933;0.9399855524297933;0.9399855524297933
3.25;0.8305538727235304;0.8413903898043739;0.8413903898043739;0.8413903898043739
3.4;0.9130170935018221;0.9108050342782976;0.9108050342782976;0.9108050342782976
4.25;0.7453647254206164;0.8193084624885685;0.8032903152404591;0.8032903152404591
3.45;0.8297569964765691;0.8329017932868406;0.8342065946015063;0.8342065946015063
4.25;0.814772529457384;0.8048044264980475;0.8048044264980475;0.8048044264980475
4.0;0.6731463742337078;0.6784751264358057;0.6784751264358057;0.6784751264358057
3.0;0.7827920912103294;0.7518694905109266;0.7579437792016883;0.7579437792016883
0.5;0.5656321729573586;0.5679248629662268;0.5456737173695518;0.5456737173695518
3.75;0.8190463294040993;0.8072422227563004;0.8072422227563004;0.8072422227563004
3.25;0.8501319432823703;0.8521113433230908;0.8521113433230908;0.8521113433230908
3.5;0.8614287723659464;0.8788609664260756;0.8788609664260756;0.8788609664260756
5.0;0.9219901588892921;0.8947496329814293;0.8947496329814293;0.8947496329814293
3.75;0.8824347733022921;0.8698978794914324;0.8728793391461603;0.8728793391461603
2.5;0.768291149441361;0.8113892978319148;0.7840608007058619;0.7840608007058619
1.0;0.6727587264052769;0.694727116969858;0.694727116969858;0.694727116969858
3.0;0.9502603492269623;0.9589907696407929;0.9523836375534649;0.9523836375534649
3.25;0.8018030585305516;0.8178068471316536;0.8178068471316536;0.8178068471316536
0.0;0.439033127296851;0.42091661306560313;0.42091661306560313;0.42091661306560313
3.65;0.9197567686275081;0.9235967386678681;0.9234563157945948;0.9234563157945948
4.4;0.8342318476498064;0.832496830814759;0.832496830814759;0.832496830814759
3.25;0.8494664956509754;0.8562287012457501;0.8312814470017408;0.8312814470017408
4.45;0.922593500333654;0.9564232988063378;0.9564232988063378;0.9564232988063378
3.4;0.8366815996670944;0.8332557608943278;0.8332557608943278;0.8332557608943278
0.0;0.49390154103443784;0.47236565941910247;0.47236565941910247;0.47236565941910247
3.0;0.9362000905562692;0.9400955873175262;0.9400955873175262;0.9400955873175262
1.25;0.6958002925171684;0.6955216082479447;0.6955216082479447;0.6955216082479447
4.0;0.8997203066476731;0.9312255827008051;0.9156054893244575;0.9156054893244575
4.15;0.906081920462168;0.8889145089975569;0.9203786388242584;0.9203786388242584
3.5;0.8241988091806592;0.8218218764959274;0.8218218764959274;0.8218218764959274
2.75;0.7848331497432799;0.7730408494524185;0.7730408494524185;0.7730408494524185
4.75;0.7567947594361966;0.7328656583888532;0.711643929328629;0.711643929328629
5.0;0.7963024118788159;0.9047935495587065;0.9881474062914879;0.9881474062914879
3.7;0.940979728514242;0.9425157003281606;0.9425157003281606;0.9425157003281606
0.0;0.3794809721221045;0.3758257983647975;0.3758257983647975;0.3758257983647975
4.4;0.8825567662503848;0.8724173872095581;0.8724173872095581;0.8724173872095581
3.2;0.5693736546856382;0.6059631293249407;0.6059631293249407;0.6059631293249407
3.25;0.69339748790362;0.6978690104512165;0.689167314651884;0.689167314651884
4.85;0.7304233562507131;0.7374540252244075;0.7374540252244075;0.7374540252244075
2.5;0.7427096488645958;0.7373345989487042;0.7373345989487042;0.7373345989487042
2.0;0.6124153664342636;0.5945595981232503;0.5945595981232503;0.5945595981232503
4.25;0.903623668730394;0.8750232505883546;0.9145851757156346;0.9145851757156346
5.0;0.9467428468222078;0.9445706747976208;0.9445706747976208;0.9445706747976208
3.4;0.9041607293367121;0.9080740921497961;0.9080740921497961;0.9080740921497961
2.65;0.5244128151687077;0.5234091137160883;0.5091536678992218;0.5091536678992218
3.9;0.9103062753702644;0.91631559197731;0.91631559197731;0.91631559197731
5.0;NaN;NaN;NaN;NaN
4.7;0.905573203232638;0.944977555497049;0.9362221410469791;0.9362221410469791
1.75;0.5749742332224917;0.5546939414923676;0.5546939414923676;0.5546939414923676
3.0;0.6774909540757248;0.6475265120232309;0.6556280846528605;0.6556280846528605
3.0;0.8928554146861603;0.9090553647003886;0.9090553647003886;0.9090553647003886
3.65;0.8364294540799273;0.8545524469159284;0.8534576072425147;0.8534576072425147
2.25;0.505075565831256;0.5332663736995408;0.5325379009802972;0.5325379009802972
3.25;0.7473741587004142;0.7335505583826976;0.7335505583826976;0.7335505583826976
3.0;0.9309448242162898;0.9309338283162103;0.9309338283162103;0.9309338283162103
3.7;0.8358611289929757;0.8118569789596786;0.8189342546915429;0.8189342546915429
2.0;0.6406305574939479;0.6968565381899697;0.6931426490499571;0.6931426490499571
3.7;0.9615896411292808;0.9370337837938261;0.9370337837938261;0.9370337837938261
3.45;0.8965453542727198;0.8754563823906447;0.8928862178992713;0.8928862178992713
3.25;0.9071644761498944;0.913324290378929;0.913324290378929;0.913324290378929
3.0;0.7835097888491529;0.7660322227360538;0.7660322227360538;0.7660322227360538
4.0;0.9758968950310829;0.9748320738494586;0.9748320738494586;0.9748320738494586
3.25;0.672046940029453;0.705622132174014;0.705622132174014;0.705622132174014
2.75;0.5618021425210872;0.5582797316409609;0.5740559934917759;0.5740559934917759
2.25;0.45179288412528584;0.5531340674272635;0.4777949465370429;0.4777949465370429
1.75;0.574743740455639;0.5529932432219186;0.5529932432219186;0.5529932432219186
2.0;0.7291488751533131;0.7783765378123458;0.7493360914088106;0.7493360914088106
0.0;0.31962524902544887;0.3249044239871077;0.3249044239871077;0.3249044239871077
2.0;0.6658223364569388;0.6577907696369716;0.6482021419207489;0.6482021419207489
3.0;0.7548789685485711;0.759392186063124;0.759392186063124;0.759392186063124
1.25;0.4501844540585214;0.43093662088023094;0.4448650530943035;0.4448650530943035
0.0;0.360340794089441;0.34940401806418364;0.34940401806418364;0.34940401806418364
3.4;0.917745970278966;0.924391471398766;0.924391471398766;0.924391471398766
3.0;0.5699570485543651;0.49150379901715496;0.5206343326880666;0.5206343326880666
1.25;0.6727875153074498;0.6788039399892916;0.6788039399892916;0.6788039399892916
3.65;0.9396332099683943;0.9321041131899644;0.9560407123115614;0.9560407123115614
3.7;0.9162271882077466;0.917081634049127;0.9175343645843446;0.9175343645843446
2.0;0.47601729012446314;0.45913241730263626;0.4630582450574605;0.4630582450574605
0.0;0.39586412810916377;0.3732491180409124;0.3732491180409124;0.3732491180409124
4.75;0.9368507158087214;0.9276590081455688;0.9276590081455688;0.9276590081455688
4.5;0.9652530145601195;0.9668173831665011;0.9696002059852483;0.9696002059852483
3.0;0.9043002217036974;0.8965609106393398;0.8954816398462828;0.8954816398462828
3.0;0.8293149363744365;0.8074175780394447;0.8074175780394447;0.8074175780394447
2.9;0.9263121799233911;0.969558821044832;0.9356924800276711;0.9356924800276711
4.0;0.7488305454799585;0.7199105714398083;0.741962829324169;0.741962829324169
5.0;0.917394161113435;0.9469714386925832;0.9478234840330918;0.9478234840330918
3.7;0.7935764751494687;0.7831999590869387;0.7912814126816318;0.7912814126816318
4.25;0.9054196528616857;0.9078127811807594;0.9078127811807594;0.9078127811807594
3.95;0.8810583242180272;0.8453469620844337;0.8453469620844337;0.8453469620844337
3.75;0.967224159024102;0.9390104803192848;0.9369799952076162;0.9369799952076162
2.5;0.669206047295604;0.6170516369699915;0.643515122082439;0.643515122082439
3.0;0.800603062511486;0.7821960413557667;0.7821960413557667;0.7821960413557667
5.0;NaN;NaN;NaN;NaN
3.5;0.7163938207192445;0.7568768824470683;0.7568768824470683;0.7568768824470683
4.15;0.5930390336923338;0.5799753401636559;0.5799753401636559;0.5799753401636559
1.5;0.5001278062812532;0.500363938300636;0.4799696016812337;0.4799696016812337
3.4;0.9640590713100187;0.9632224006609927;0.9632224006609927;0.9632224006609927
3.0;0.7949028575110452;0.8051203865531742;0.8051203865531742;0.8051203865531742
2.0;0.6892126038388664;0.7951187551863997;0.7412590475703968;0.7412590475703968
3.15;0.6085192591365901;0.7518424115854907;0.6287801483346613;0.6287801483346613
4.4;0.9531507798886785;0.974412350305089;0.9575141834053064;0.9575141834053064
2.25;0.6190744884873604;0.6072036591162387;0.6072036591162387;0.6072036591162387
2.9;0.7692562897655603;0.7814270307593056;0.7814270307593056;0.7814270307593056
2.75;0.9052979510521736;0.914196271341336;0.9150411698563687;0.9150411698563687
1.75;0.4784480035396157;0.5451819933160094;0.5219369566160468;0.5219369566160468
2.0;0.7292438814001128;0.7028251062711788;0.7028251062711788;0.7028251062711788
4.4;0.7722337768474811;0.8358138706571737;0.8388314853859383;0.8388314853859383
3.0;0.9022768625608331;0.9110422159208927;0.9110422159208927;0.9110422159208927
5.0;0.8302197617403265;0.7707059963280266;0.792048224033705;0.792048224033705
3.25;0.7357921518147812;0.8557894857809831;0.8374321772104892;0.8374321772104892
3.5;0.8250640676650591;0.8389684326834731;0.8359130163357275;0.8359130163357275
2.9;0.885405614069122;0.8717813475579359;0.8717813475579359;0.8717813475579359
2.75;0.9271518647980098;0.9269987721623718;0.9257125247087232;0.9257125247087232
3.65;0.9267569771133609;0.9315094615087909;0.9238121359881296;0.9238121359881296
3.4;0.9377839443958034;0.9359621224292162;0.9359621224292162;0.9359621224292162
3.25;0.93758542690854;0.9384064494890344;0.9372068219358692;0.9372068219358692
0.5;0.41451245534886844;0.40618384531825247;0.40618384531825247;0.40618384531825247
4.5;0.8612306844388178;0.882605729124147;1.0000000000000002;1.0000000000000002
4.25;0.9349576958114868;0.927419341066389;0.9380941992121805;0.9380941992121805
2.75;0.7572072691752705;0.7429490586927627;0.7200188695927799;0.7200188695927799
3.8;0.9551196972466456;0.9428086521040493;0.9428086521040493;0.9428086521040493
3.25;0.7678679397566656;0.7692192305533643;0.6790541482079245;0.6790541482079245
3.0;0.823757232224455;0.7961281292424794;0.8280804140993838;0.8280804140993838
3.65;0.9422209957386884;0.9427814289939871;0.9412582914850757;0.9412582914850757
4.9;0.908131719050907;0.9203459760015785;1.0000000000000002;1.0000000000000002
0.0;0.2778677187744935;0.28924761862595966;0.2613312872947842;0.2613312872947842
3.25;0.906812036241764;0.8905457909332909;0.8905457909332909;0.8905457909332909
3.45;0.7878360371082698;0.8187496550938832;0.8187496550938832;0.8187496550938832
4.75;0.8549102554115778;0.8406683746956802;0.8406683746956802;0.8406683746956802
3.4;0.7780134236341648;0.7708108483017871;0.7708108483017871;0.7708108483017871
3.25;0.9728075792240494;0.9746139106734361;0.9743319616490196;0.9743319616490196
3.25;0.8894607040184159;0.8971883506635607;0.8954982188114727;0.8954982188114727
3.25;0.6785763531508245;0.6220754021556731;0.6220754021556731;0.6220754021556731
1.0;0.464597559420396;0.4655508050622016;0.4368376816828322;0.4368376816828322
0.0;0.449953164654484;0.4393228269738968;0.4393228269738968;0.4393228269738968
3.0;0.9147487480595164;0.9006907117456309;0.9006907117456309;0.9006907117456309
3.0;0.8761091773152272;0.8808991601428314;0.8808991601428314;0.8808991601428314
3.25;0.8096018042139378;0.8255481405864915;0.8255481405864915;0.8255481405864915
4.85;0.9650225804325949;0.8962135275296486;0.947396012081861;0.947396012081861
3.0;0.9521800259279002;0.9519582238930064;0.949628196916048;0.949628196916048
2.25;0.5884911343169175;0.5767390550863758;0.5767390550863758;0.5767390550863758
2.75;0.7594673061219566;0.8411253741088528;0.8186078115482255;0.8186078115482255
4.0;0.9765704698878775;0.977340863722053;0.977340863722053;0.977340863722053
1.0;0.4730569904396768;0.578860691984706;0.5413827714667784;0.5413827714667784
1.5;0.7762776714095304;0.7282911657511647;0.7282911657511647;0.7282911657511647
3.0;0.8820753846489112;0.8894030278538521;0.8893144734435793;0.8893144734435793
2.4;0.5885327896873858;0.6961689839020422;0.5612896635954034;0.5612896635954034
3.0;0.7597729617189738;0.8099998132072312;0.7681000701397944;0.7681000701397944
1.5;0.6941106996609274;0.6231209107398051;0.6748125472017775;0.6748125472017775
3.0;0.9087489511256736;0.9089144754316661;0.9081304168886586;0.9081304168886586
2.5;0.8361702793980819;0.8285476927151361;0.8285476927151361;0.8285476927151361
5.0;0.980885087470855;0.9958705364674784;0.9958705364674784;0.9958705364674784
3.25;0.9380831844087272;0.9499876146652082;0.9499876146652082;0.9499876146652082
4.9;0.6350532468718751;0.6132018518710003;0.6132018518710003;0.6132018518710003
4.35;0.9642300371573335;0.9677789763225806;0.9634743762588607;0.9634743762588607
3.0;0.7560218034269094;0.7335458602732478;0.7533786280619296;0.7533786280619296
3.25;0.8567194831651741;0.8549158726181424;0.8516794005238237;0.8516794005238237
3.25;0.8746495430150657;0.8729722499709266;0.8722002458435757;0.8722002458435757
4.25;0.9909204376511276;0.882605729124147;1.0000000000000002;1.0000000000000002
3.25;0.892059742151318;0.8864522519144876;0.8900958715600301;0.8900958715600301
3.95;0.8409912487886325;0.8363066701044557;0.8481184678730679;0.8481184678730679
1.65;0.6928107982417628;0.7131970657916057;0.7131970657916057;0.7131970657916057
3.0;0.8088383436241992;0.8160784384135394;0.8160784384135394;0.8160784384135394
3.45;0.8316454848694245;0.8426611159042006;0.8426611159042006;0.8426611159042006
2.0;0.6258672626641775;0.6004319877620321;0.5866954742381079;0.5866954742381079
3.5;0.8999995885443757;0.9056980907419442;0.8974113800508176;0.8974113800508176
2.75;0.8749377695166483;0.8940572686490422;0.8940572686490422;0.8940572686490422
4.25;0.9324142292724961;0.9434602421742155;0.9434602421742155;0.9434602421742155
2.5;0.8041312979220819;0.789742842098732;0.789742842098732;0.789742842098732
2.75;0.8191611948925552;0.785875689229876;0.785875689229876;0.785875689229876
3.0;0.8384177186279744;0.8426488857580706;0.8426586430219181;0.8426586430219181
3.0;0.7620089323338453;0.7618123572213895;0.7618123572213895;0.7618123572213895
2.75;0.7921101130133457;0.8823666605682227;0.8038526600275563;0.8038526600275563
3.9;0.9774937253662637;0.9762145192528423;0.9762145192528423;0.9762145192528423
3.25;0.8475570210029606;0.820882194836577;0.820882194836577;0.820882194836577
3.9;0.9272664677338485;0.9195888301153149;0.9174015249486174;0.9174015249486174
3.0;0.8541335303954568;0.8741095793555165;0.8622558399156249;0.8622558399156249
1.0;0.610384691521735;0.6231792275929666;0.6231792275929666;0.6231792275929666
3.0;0.821073744023975;0.8229037706233545;0.8229037706233545;0.8229037706233545
3.25;0.7100433127376311;0.7078473119216703;0.646731962331556;0.646731962331556
1.5;0.6712604938388277;0.7016748864190705;0.6972976983076875;0.6972976983076875
3.9;0.9753633322522645;0.986434169051336;0.9835962904388763;0.9835962904388763
1.75;0.7970653006327106;0.8059635069341462;0.8059635069341462;0.8059635069341462
3.0;0.8581922338229777;0.8543074576427129;0.8576410118426859;0.8576410118426859
3.0;0.7844686859093909;0.8050889062171185;0.8050889062171185;0.8050889062171185
4.25;0.9759304350551341;0.9794031019432952;0.9794031019432952;0.9794031019432952
2.0;0.49296166509870926;0.490035406965502;0.490035406965502;0.490035406965502
3.9;0.6288045979085318;0.6298835001563194;0.6407565254340948;0.6407565254340948
4.75;0.9640563919269659;0.9646805308911021;0.9751711458163642;0.9751711458163642
3.25;0.9318250383546727;0.9416775125018193;0.9416775125018193;0.9416775125018193
3.5;0.5075875067802104;0.4881682828230147;0.4971848027848036;0.4971848027848036
3.75;0.868091063668216;0.9158453399377665;0.8650368675422953;0.8650368675422953
3.75;0.9456832948399693;0.9454647563296286;0.9467615577205737;0.9467615577205737
3.4;0.8195816690066737;0.8336817811011693;0.8336817811011693;0.8336817811011693
3.15;0.7961044660494716;0.7719389694449715;0.7719389694449715;0.7719389694449715
3.4;0.6051049739934793;0.6011792583466742;0.6011792583466742;0.6011792583466742
3.0;0.7308072549929907;0.7533085861511276;0.7533085861511276;0.7533085861511276
1.0;0.5225930859899639;0.485271815891955;0.485271815891955;0.485271815891955
3.5;0.9024344185795866;0.8901224499170394;0.9020416783479813;0.9020416783479813
3.25;0.8714201596215613;0.8678187147393037;0.8678187147393037;0.8678187147393037
2.0;0.6190160074694234;0.6590371620482723;0.6559944845433866;0.6559944845433866
2.5;0.8454988934442379;0.8624665948050644;0.8394069492480924;0.8394069492480924
2.9;0.8729790070345623;0.8700413987198303;0.8700413987198303;0.8700413987198303
1.75;0.7382657958001377;0.7311819889653813;0.7311819889653813;0.7311819889653813
2.9;0.6309225689625997;0.619929288103936;0.619929288103936;0.619929288103936
3.25;0.8664917439675135;0.821361488312655;0.8503603125638021;0.8503603125638021
4.5;0.8080171193614953;0.7883186956262701;0.8032621063880313;0.8032621063880313
3.8;0.910455983324252;0.9158471865256969;0.9158471865256969;0.9158471865256969
4.5;0.9532422404138203;0.9575901738052123;0.9530626243417412;0.9530626243417412
3.7;0.9032115856550162;0.9204433374012561;0.9204433374012561;0.9204433374012561
3.0;0.7947610129247609;0.8457706590038487;0.812959598835294;0.812959598835294
3.85;0.9189683214870756;0.9126572450139404;0.9126572450139404;0.9126572450139404
0.5;0.4767735915409245;0.4883659938017994;0.4883659938017994;0.4883659938017994
4.2;0.9658838360135373;0.9680987722764514;0.9686471646262997;0.9686471646262997
4.4;0.8649279400017551;0.8661671964881444;0.8661671964881444;0.8661671964881444
2.5;0.8001266976250118;0.78154526661916;0.7544046184464965;0.7544046184464965
4.25;0.831652479302981;0.8378086340766898;0.8378086340766898;0.8378086340766898
3.25;0.9653227528606475;0.9271988137986529;0.9628995773707714;0.9628995773707714
3.0;0.8497135052538985;0.8668798821593816;0.8510738255684239;0.8510738255684239
5.0;0.9323448388045558;0.9254596914247383;0.9254596914247383;0.9254596914247383
4.0;0.976202830618233;0.9777824668682159;0.9775934389708354;0.9775934389708354
4.0;0.9122715215294604;0.9142832468483166;0.9142832468483166;0.9142832468483166
0.0;0.3358543887766208;0.32574548420005667;0.32574548420005667;0.32574548420005667
3.75;0.6367079000267442;0.6187976065486628;0.6187976065486628;0.6187976065486628
4.75;0.8625426360900785;0.8869320478048017;0.8603687489443361;0.8603687489443361
3.65;0.8859786285804861;0.889185849324764;0.9050981829867395;0.9050981829867395
2.75;0.6984835642862248;0.7174042143089603;0.6773623568835926;0.6773623568835926
4.2;0.9236888785530627;0.9191867266798874;0.9191867266798874;0.9191867266798874
2.5;0.7854947562139815;0.815505891939801;0.7878953682067666;0.7878953682067666
2.5;0.8913068012000109;0.8781591132033234;0.8702555861905065;0.8702555861905065
3.25;0.9668785297792941;0.9676396427575419;0.9673900163154806;0.9673900163154806
2.0;0.6897359006707384;0.6935022882468481;0.6935022882468481;0.6935022882468481
4.35;0.8542279829063939;0.8495740921689287;0.8495740921689287;0.8495740921689287
4.0;0.9446229730984324;0.9420354694292381;0.9372606906628974;0.9372606906628974
0.0;0.3614033274458138;0.34479411432333196;0.36724836416940626;0.36724836416940626
3.25;0.8565315478561583;0.8473639765108625;0.8454120832718416;0.8454120832718416
4.2;0.9488578825735685;0.9552430818401055;0.9552430818401055;0.9552430818401055
0.0;0.46205224995154004;0.45765988017628023;0.4692273890940659;0.4692273890940659
3.85;0.8830689147089053;0.872406059524687;0.872406059524687;0.872406059524687
2.75;0.5152284731424882;0.47856022972482165;0.47856022972482165;0.47856022972482165
3.0;0.8169859856947903;0.8373556452546365;0.819409460539953;0.819409460539953
3.25;0.9020493120204163;0.9001787668834601;0.9001787668834601;0.9001787668834601
3.25;0.7496887615427139;0.7547555923783508;0.7547555923783508;0.7547555923783508
2.5;0.7558921004675454;0.750915790645565;0.750915790645565;0.750915790645565
3.65;0.8828080628197421;0.8758098102974574;0.8758098102974574;0.8758098102974574
4.4;0.9172251696524965;0.9156031917684696;0.9156031917684696;0.9156031917684696
4.0;0.5588457150062166;0.5539763033736727;0.5506428421877856;0.5506428421877856
4.2;0.9424383641987534;0.9521649631400434;0.9521649631400434;0.9521649631400434
4.4;0.7323525690743314;0.7729738573902815;0.7502500813544123;0.7502500813544123
3.9;0.9460556869654149;0.9491815437799772;0.9491815437799772;0.9491815437799772
4.9;0.9562126020616958;0.9549688171190115;0.9549688171190115;0.9549688171190115
4.5;0.9701033607957096;0.9676443265067944;0.9676443265067944;0.9676443265067944
4.25;0.9429022988369766;0.9193579824629495;0.9193579824629495;0.9193579824629495
2.5;0.8573840418654978;0.8838536430133346;0.8720508603760604;0.8720508603760604
4.5;0.9006659060856114;0.9080599186591908;0.9080599186591908;0.9080599186591908
4.35;0.9814027653594946;0.9840654184169124;0.9765819863979533;0.9765819863979533
3.25;0.9585399248062085;0.9593726804920472;0.9593726804920472;0.9593726804920472
1.0;0.5359907750766919;0.5309774587506012;0.5503190149500484;0.5503190149500484
2.5;0.6511359885727446;0.6374084039731486;0.660347782496764;0.660347782496764
3.4;0.729757203995541;0.7960126721880656;0.739110790118533;0.739110790118533
2.9;0.9201264944149986;0.9055401743687033;0.9055401743687033;0.9055401743687033
4.05;0.9704455211168517;0.9634384481594419;0.9796206466829626;0.9796206466829626
3.45;0.8563361089988585;0.8533520264934614;0.8533520264934614;0.8533520264934614
0.0;0.5126114976085696;0.5115432779238498;0.5115432779238498;0.5115432779238498
3.0;0.8115895730547334;0.7795970830040571;0.8118129809416531;0.8118129809416531
3.0;0.8064485930655206;0.8265297092645234;0.8265297092645234;0.8265297092645234
3.25;0.8324096919886078;0.8406423343648523;0.8256706205271331;0.8256706205271331
3.25;0.8291422388842699;0.812856078744746;0.812856078744746;0.812856078744746
3.0;0.9612544153879451;0.9585946480700119;0.9585946480700119;0.9585946480700119
4.9;0.8240552594723024;0.9247256153146071;0.9304885563036256;0.9304885563036256
3.0;0.9175911254841196;0.9087548502337364;0.9087548502337364;0.9087548502337364
0.75;0.5347497389085276;0.5173072203067042;0.5173072203067042;0.5173072203067042
3.4;0.921487803460036;0.9133523670598979;0.9166449238756906;0.9166449238756906
2.5;0.9086428941286804;0.9348275521916072;0.9203039600002619;0.9203039600002619
2.75;0.6304868952774767;0.6430034464372725;0.6324955182959576;0.6324955182959576
3.95;0.9412894355181289;0.9455217220610743;0.9455217220610743;0.9455217220610743
3.8;0.9373309808125069;0.9376178694093585;0.9376178694093585;0.9376178694093585
3.8;0.9674153167936786;0.9697266923224838;0.9692821880130311;0.9692821880130311
3.5;0.752865906022882;0.8102374156617634;0.7500946014423763;0.7500946014423763
3.0;0.8685224629224494;0.8634762146107864;0.8644989522067962;0.8644989522067962
2.75;0.748854934801447;0.6895277150028465;0.7541813159408741;0.7541813159408741
3.25;0.7652177089447534;0.7660481561911686;0.7264609794984277;0.7264609794984277
3.45;0.9314528856472901;0.9384230729583407;0.958158657297489;0.958158657297489
3.25;0.938564283278199;0.9447981120579154;0.9391920526248873;0.9391920526248873
3.75;0.8637152464553954;0.8732167572534446;0.8985659831478924;0.8985659831478924
3.25;0.9463494377180547;0.9449237079277206;0.9446166498513002;0.9446166498513002
2.5;0.771815759329857;0.7588224838140145;0.7525314758338755;0.7525314758338755
3.8;0.9487446687643923;0.9174737623762742;0.953967153432167;0.953967153432167
3.0;0.9463744079571517;0.9456138807093875;0.9464361866018669;0.9464361866018669
3.0;0.7357247257926468;0.7466812457518244;0.7466812457518244;0.7466812457518244
3.0;0.5217082362423678;0.5023156909732812;0.5023156909732812;0.5023156909732812
2.5;0.7434264155344447;0.7565942371960639;0.7565942371960639;0.7565942371960639
0.0;0.37170714751828354;0.35779685795590693;0.35779685795590693;0.35779685795590693
3.25;0.9356167090000777;0.9288554692157018;0.9214910422655038;0.9214910422655038
2.9;0.7885482823494735;0.7805721491473934;0.7805721491473934;0.7805721491473934
0.0;0.5457803529551156;0.5489096767339074;0.5489096767339074;0.5489096767339074
3.45;0.8706361619105726;0.8538618508441099;0.8538618508441099;0.8538618508441099
3.5;0.9207068734506038;0.9163216927589813;0.9163216927589813;0.9163216927589813
1.5;0.5593540722936432;0.5635563551904776;0.5501607259365282;0.5501607259365282
2.25;0.713330294609829;0.7132158905580913;0.7132158905580913;0.7132158905580913
4.9;0.8212095675288877;0.8782386824431713;0.9125817507456397;0.9125817507456397
3.25;0.8831987938238406;0.8806189782462988;0.8806189782462988;0.8806189782462988
4.25;0.9532191104389471;0.958793589829373;0.958793589829373;0.958793589829373
2.9;0.5859230761371528;0.5847206099574858;0.5847206099574858;0.5847206099574858
0.5;0.5885648823517424;0.6187569284042028;0.6190812395319895;0.6190812395319895
2.25;0.6851335208277093;0.6972557960737732;0.6554257663074153;0.6554257663074153
4.5;0.7693793023373348;0.7341026934386441;0.7542598994646567;0.7542598994646567
4.25;0.8226911803480039;0.8086638863376086;0.8086638863376086;0.8086638863376086
4.9;0.8490666334702128;0.8944410045945318;0.9615747159313605;0.9615747159313605
3.25;0.9920504912084155;0.9897441509398149;0.9897441509398149;0.9897441509398149
4.5;0.8012302383557619;0.8174236407053085;0.8152708822637368;0.8152708822637368
3.45;0.5617043860272758;0.5937974199570336;0.5648303754956994;0.5648303754956994
2.75;0.7840055196198451;0.7734481187432557;0.7967122534863913;0.7967122534863913
3.75;0.9026132967521092;0.9125776359508814;0.9092877147184684;0.9092877147184684
4.2;0.8436836092681657;0.8287857782937951;0.8287857782937951;0.8287857782937951
4.2;0.8412982432528094;0.8633323342744618;0.8633323342744618;0.8633323342744618
1.5;0.6154383003875395;0.6253104844702968;0.6253104844702968;0.6253104844702968
1.0;0.7630942862173228;0.7583376641390106;0.7583376641390106;0.7583376641390106
3.25;0.6745479295366189;0.6927950184311662;0.6927950184311662;0.6927950184311662
3.5;0.9685807345160851;0.9736156010278075;0.973517564134518;0.973517564134518
3.45;0.8066391414327772;0.8127070512004354;0.8184273078693115;0.8184273078693115
3.0;0.8080361191665013;0.8061279407017446;0.8061279407017446;0.8061279407017446
2.75;0.5251169782363307;0.5123587448448081;0.5123587448448081;0.5123587448448081
3.0;0.5590525767294412;0.5426258319567209;0.5426258319567209;0.5426258319567209
1.0;0.5197052567835214;0.5366944647279345;0.5366944647279345;0.5366944647279345
3.0;0.8342840147067028;0.8322783813664641;0.8322783813664641;0.8322783813664641
2.9;0.9560446010871189;0.9522736988451733;0.9618190885618646;0.9618190885618646
4.15;0.8981942402603189;0.8939359784790394;0.8939359784790394;0.8939359784790394
3.25;0.839409600466913;0.8280571521655075;0.8315560006087818;0.8315560006087818
4.4;0.9591742517238735;0.9690459109634366;0.9631472690615501;0.9631472690615501
3.7;0.7496011011277005;0.7260176121473405;0.7260176121473405;0.7260176121473405
4.35;0.9725015269175149;0.9755200550144997;0.9713088846639408;0.9713088846639408
3.25;0.9624655481945883;0.9622375245966779;0.9619444482955228;0.9619444482955228
3.4;0.8988588100328816;0.9091291079606958;0.9091291079606958;0.9091291079606958
3.75;0.6890721125880035;0.7219820454208546;0.7219820454208546;0.7219820454208546
2.75;0.7813255506565062;0.790557526320112;0.8002094872035742;0.8002094872035742
3.0;0.9385837443942205;0.9401278763519806;0.9401278763519806;0.9401278763519806
3.75;0.5384704510768663;0.5642442646273348;0.5251590843530701;0.5251590843530701
2.75;0.6560535040433995;0.7096615972085144;0.6969333278127731;0.6969333278127731
3.25;0.8342192561248382;0.8457234862148614;0.8491640326523957;0.8491640326523957
3.75;0.5278959332431921;0.5060262223827737;0.5060262223827737;0.5060262223827737
4.25;0.9113807246666921;0.887308506768066;0.887308506768066;0.887308506768066
2.95;0.7280788772813814;0.7548541430238908;0.7472323634071968;0.7472323634071968
0.0;0.43486798562449186;0.43378666309695446;0.43378666309695446;0.43378666309695446
2.75;0.8437188844753608;0.810639689792327;0.8212541255706011;0.8212541255706011
2.5;0.79803720222329;0.7863725191389449;0.7863725191389449;0.7863725191389449
4.9;0.9716913309723725;0.9723609805884043;0.9723609805884043;0.9723609805884043
3.5;0.5042686684300886;0.6675440551789532;0.4786979323403;0.4786979323403
0.5;0.4233278808548722;0.3552573735991656;0.3788799515961721;0.3788799515961721
3.4;0.6103984155123681;0.7280281771381916;0.7280281771381916;0.7280281771381916
1.75;0.6306708659659238;0.697667619794736;0.6296713574365275;0.6296713574365275
2.5;0.7530955592246181;0.6605659507478536;0.6605659507478536;0.6605659507478536
2.25;0.7934135764946931;0.8053677167002466;0.7711248658198321;0.7711248658198321
2.5;0.5733789166804182;0.5412617817882557;0.5412617817882557;0.5412617817882557
3.5;0.8066020620876266;0.7782062534866765;0.7901684735058353;0.7901684735058353
1.5;0.572332464891707;0.5266094703613856;0.5221820480130506;0.5221820480130506
3.75;0.7426767251625546;0.7618831147808726;0.7618831147808726;0.7618831147808726
3.0;0.8541782048265439;0.8196588948391293;0.8577966844848213;0.8577966844848213
3.45;0.8035026697782851;0.7954472684337921;0.8044848387398581;0.8044848387398581
5.0;0.9490233361383021;0.940746684116295;0.940746684116295;0.940746684116295
1.0;0.6874698755184898;0.6434614232307966;0.6434614232307966;0.6434614232307966
4.9;0.9425197795492577;0.9535255927265082;0.9535255927265082;0.9535255927265082
3.25;0.7897381841911374;0.7845886648591949;0.7845886648591949;0.7845886648591949
3.25;0.908606802661404;0.9026205866794811;0.8961244556038038;0.8961244556038038
3.4;0.9084024862085949;0.9360699989012968;0.9360699989012968;0.9360699989012968
3.25;0.8758308665702038;0.8973709215986929;0.8888596542592084;0.8888596542592084
4.0;0.956293251406807;0.9560119211693716;0.9560119211693716;0.9560119211693716
3.25;0.9079507547317771;0.9096987691171556;0.9100790288279444;0.9100790288279444
3.9;0.9600960334939281;0.9645379745392823;0.9642199484166093;0.9642199484166093
3.75;0.9104148234263283;0.9026903876901013;0.9026903876901013;0.9026903876901013
3.9;0.9369803818639051;0.9210717252250513;0.9210717252250513;0.9210717252250513
3.7;0.8479932889432651;0.8638092247329892;0.8559340123668369;0.8559340123668369
4.25;0.9318791949515666;0.96476551594132;0.96476551594132;0.96476551594132
4.0;0.6109949812894538;0.598358180973627;0.598358180973627;0.598358180973627
4.25;NaN;NaN;NaN;NaN
2.25;0.6251912598892619;0.6230059869832836;0.6213494749341657;0.6213494749341657
3.0;0.8403672352192276;0.8303092560434092;0.8303092560434092;0.8303092560434092
0.0;0.43633580739335354;0.42928457985297475;0.42928457985297475;0.42928457985297475
3.45;0.5914139012416673;0.5495113811740935;0.5554250964743899;0.5554250964743899
3.45;0.8002776755268913;0.8368655524001084;0.7818009477352713;0.7818009477352713
3.25;0.7445855320447119;0.7865797429959824;0.7039399880484165;0.7039399880484165
0.0;0.4662131855977902;0.4665571868422648;0.4665571868422648;0.4665571868422648
4.15;0.9301441768620652;0.9307354387195231;0.9307354387195231;0.9307354387195231
5.0;0.9571578912130648;0.9590908740337513;0.9550580200354656;0.9550580200354656
3.9;0.9508626942940511;0.949961688712473;0.9495549819479211;0.9495549819479211
3.25;0.9407513841573378;0.9381887515514721;0.9381887515514721;0.9381887515514721
1.45;0.41528350417609267;0.3691033275395898;0.39650364027679125;0.39650364027679125
3.4;0.8446933147065504;0.7982338782788759;0.7982338782788759;0.7982338782788759
3.25;0.8605068856791004;0.9334645630487934;0.8741736260097654;0.8741736260097654
0.0;0.4512302397123059;0.4311346756739959;0.4311346756739959;0.4311346756739959
1.25;0.45503819718315974;0.45394803318178845;0.44503101035313347;0.44503101035313347
4.3;0.9693005923563992;0.9720059474814577;0.9720059474814577;0.9720059474814577
3.7;0.7886817930027411;0.7865795720947045;0.7703500493256848;0.7703500493256848
3.25;0.7976631615295877;0.8381849599058192;0.8381849599058192;0.8381849599058192
3.95;0.8592783648893098;0.8358887794162336;0.8415555212005897;0.8415555212005897
3.0;0.8105568842455046;0.8188943501796732;0.8183439928513094;0.8183439928513094
5.0;0.7641696568929306;0.8785059591625816;0.8012789578448225;0.8012789578448225
3.0;0.897640290524662;0.9149850403675104;0.8997434996709955;0.8997434996709955
3.4;0.8475922499004678;0.8570304268913627;0.8570304268913627;0.8570304268913627
4.35;0.8833335739442061;0.875201590891159;0.8759860574992734;0.8759860574992734
3.0;0.8812948589328045;0.8903092037696962;0.8903092037696962;0.8903092037696962
3.0;0.8388093725719196;0.832153706864673;0.832153706864673;0.832153706864673
3.0;0.6124536792671295;0.6109253726568117;0.6109253726568117;0.6109253726568117
3.0;0.7651193547110339;0.7657262724215786;0.7657262724215786;0.7657262724215786
3.25;0.7398802937057944;0.741339394966517;0.741339394966517;0.741339394966517
3.0;0.8064413416022024;0.8009356155021345;0.8009356155021345;0.8009356155021345
2.5;0.7184319011722822;0.723927129816453;0.7217622942684411;0.7217622942684411
3.0;0.866881248458227;0.8643588877154079;0.8664106212582818;0.8664106212582818
0.0;0.28158763828774386;0.2827423815837068;0.26793913717378903;0.26793913717378903
4.0;0.7588460248934351;0.7367939519934319;0.7367939519934319;0.7367939519934319
3.9;0.8049108852701264;0.7858933754284435;0.7975400380305856;0.7975400380305856
4.5;0.9491282322417643;0.9585026896914725;0.9585026896914725;0.9585026896914725
3.4;0.8212468838045861;0.8208629283991518;0.8208629283991518;0.8208629283991518
4.25;0.8408164267898703;0.8484053564485503;0.8484053564485503;0.8484053564485503
3.45;0.9586177122274427;0.9290020838449506;0.9535587876258097;0.9535587876258097
4.0;0.8542301594792117;0.8601310068819044;0.8602356981941542;0.8602356981941542
4.4;0.9345241216062463;0.9305695563487373;0.9292226001809978;0.9292226001809978
4.4;0.9249190841216381;0.938401723885625;0.938401723885625;0.938401723885625
3.25;0.8161380978849794;0.7973431480308107;0.7973431480308107;0.7973431480308107
3.0;0.8626181744393134;0.8854210649257787;0.8854210649257787;0.8854210649257787
2.5;0.7709552896800961;0.7776239548468862;0.7317061301162865;0.7317061301162865
3.45;0.8739449399529369;0.8667274561860797;0.8667274561860797;0.8667274561860797
2.75;0.6431969736613506;0.6899927856188487;0.6543908666594537;0.6543908666594537
4.9;0.9610353731248972;0.9538655493746245;0.958052742634924;0.958052742634924
4.0;0.8050106971272306;0.7752357046887487;0.7941054166756135;0.7941054166756135
4.9;0.9717176520136424;0.9774919217888595;0.9774919217888595;0.9774919217888595
3.9;0.9678252167040765;0.9651536279288526;0.9651536279288526;0.9651536279288526
4.9;0.7325011204299486;0.9688999699970879;0.7213806720026226;0.7213806720026226
3.9;0.8233607249987301;0.8120723611828314;0.8269573433963187;0.8269573433963187
1.75;0.7648206296144087;0.8136617894705945;0.7873389348526038;0.7873389348526038
4.0;0.7952687078204286;0.7581545289811248;0.7876804877407112;0.7876804877407112
5.0;0.9488035060690273;0.9588687200516177;0.9588687200516177;0.9588687200516177
4.25;0.8435021559594089;0.8553094551830448;0.8572163335070393;0.8572163335070393
3.4;0.9219858457064369;0.9186109736850836;0.9186109736850836;0.9186109736850836
3.25;0.5487750364388495;0.6963379478474832;0.5432210384171884;0.5432210384171884
3.0;0.8524056830263489;0.8263568128120049;0.8287939370154184;0.8287939370154184
2.75;0.6705787228670229;0.6918775234684921;0.6918775234684921;0.6918775234684921
2.5;0.4972162144003297;0.5773015862149808;0.5761163484465588;0.5761163484465588
3.25;0.9652051333598078;0.9587753715659328;0.9587753715659328;0.9587753715659328
2.5;0.8359496351154808;0.8574682890646835;0.8435329003388806;0.8435329003388806
0.0;0.5375650563450808;0.5324949204928717;0.5324949204928717;0.5324949204928717
3.25;0.9352720009287161;0.9275272009782686;0.9275272009782686;0.9275272009782686
4.25;0.9083973212097081;0.8850912019817532;0.9101684310625795;0.9101684310625795
3.75;0.8560564277116803;0.8654949394295507;0.8654949394295507;0.8654949394295507
3.9;0.8611876576650779;0.8420079796992485;0.8765172065327195;0.8765172065327195
4.5;0.9566677702370573;0.9621062240441144;0.9628676732276465;0.9628676732276465
3.4;0.9450835799399366;0.9434634942127487;0.9440188680061568;0.9440188680061568
4.25;0.8974145516879897;0.8853222809938937;0.8853222809938937;0.8853222809938937
0.0;0.367281576826958;0.37742347870798687;0.37742347870798687;0.37742347870798687
4.25;0.875147930258427;0.8797410807313946;0.8733349943993696;0.8733349943993696
2.9;0.7672928596540386;0.7730160373715782;0.777614962623645;0.777614962623645
1.75;0.46444650535872267;0.4254985811680617;0.4254985811680617;0.4254985811680617
2.75;0.6634020205458164;0.6653555139682781;0.6653555139682781;0.6653555139682781
4.75;0.9084532364443927;0.9384463707651627;0.9818182186010171;0.9818182186010171
3.9;0.8664628148096221;0.8693255939224362;0.8791662014945624;0.8791662014945624
3.5;0.9007486752980822;0.8993731647254605;0.8993731647254605;0.8993731647254605
3.45;0.8315614107132766;0.8131987550565963;0.8081947957047582;0.8081947957047582
3.75;0.7595026639535206;0.7796046202642063;0.7796046202642063;0.7796046202642063
4.75;0.7276257457449591;0.7040948837622237;0.7040948837622237;0.7040948837622237
4.25;0.8966442678367252;0.8762996901051655;0.8762996901051655;0.8762996901051655
3.25;0.9008364609939457;0.9057474923315304;0.9057474923315304;0.9057474923315304
3.9;0.9803614760710393;0.9789749844746821;0.9791460657282731;0.9791460657282731
4.2;0.6315740147543932;0.6870783799029174;0.6727621651731499;0.6727621651731499
4.25;NaN;NaN;NaN;NaN
3.4;0.825461530090146;0.822421034206949;0.822421034206949;0.822421034206949
2.75;0.6359872792873389;0.6525891759921992;0.5826146404833819;0.5826146404833819
2.0;0.7704772308105319;0.7390723353779015;0.7507062782069075;0.7507062782069075
1.65;0.47727935083047685;0.4838605952260899;0.47240678774187883;0.47240678774187883
2.75;0.7984379670163079;0.8082401528862063;0.7760145603478873;0.7760145603478873
3.5;0.8825569305897433;0.859916722072371;0.859916722072371;0.859916722072371
3.0;0.7663164846932654;0.7876094624477185;0.7876094624477185;0.7876094624477185
3.9;0.767626474278251;0.816891964367334;0.8388314853859383;0.8388314853859383
3.25;0.9459612618842881;0.9420895314907705;0.9528201039049059;0.9528201039049059
4.0;0.9091218583325068;0.9030776671659759;0.9030776671659759;0.9030776671659759
3.9;0.8427620696360715;0.8197939504316286;0.8230532164578768;0.8230532164578768
3.95;0.8745363068888579;0.9044722518172622;0.9044722518172622;0.9044722518172622
2.75;0.8310008195690552;0.8044530892456643;0.8044530892456643;0.8044530892456643
3.0;0.8787354225539932;0.9210281796575469;0.8785549006921746;0.8785549006921746
2.5;0.687377447149172;0.6825870124085298;0.6825870124085298;0.6825870124085298
3.0;0.8242427939230421;0.8147960983888424;0.8211189598258889;0.8211189598258889
2.5;0.6899815333114364;0.7621563091845004;0.7310717270900774;0.7310717270900774
2.75;0.8183573825347812;0.815834916522914;0.815834916522914;0.815834916522914
2.75;0.4919013354528232;0.5036872390144753;0.5036872390144753;0.5036872390144753
4.5;0.9466166008031105;0.9525134472061874;0.9525134472061874;0.9525134472061874
3.9;0.8705394833236094;0.820078295782181;0.849468595333189;0.849468595333189
3.4;0.7445424190998583;0.7435243108133737;0.7311496081672176;0.7311496081672176
4.0;0.9204390231868781;0.9112206201169436;0.9112206201169436;0.9112206201169436
4.85;0.9471739482079107;0.9490130352423954;0.9411818378489396;0.9411818378489396
0.0;0.427120162815889;0.41431508484005214;0.38579663148674403;0.38579663148674403
4.9;0.9228902810198881;0.9613350513458132;0.9304885563036256;0.9304885563036256
3.5;0.8352738130815514;0.762729839784647;0.6962712951204375;0.6962712951204375
3.25;0.7781052159624878;0.7587206751337058;0.7878733714006797;0.7878733714006797
1.25;0.45406780034769895;0.44189166098884364;0.44189166098884364;0.44189166098884364
3.15;0.8703237372361584;0.8505700146659152;0.8505700146659152;0.8505700146659152
